id	ul	term	pref	replacement
http://data.loterre.fr/ark:/67375/p66-b1twzgxg-d.0	quality	quality	quality	quality
http://data.loterre.fr/ark:/67375/p66-n6gdmc82-t.0	material entity	material entity	material entity	material_entity
http://data.loterre.fr/ark:/67375/p66-rv949j4g-9.0	process	process	process	process
http://data.loterre.fr/ark:/67375/p66-w1gsdwf6-l.0	phenomenon	phenomenon	phenomenon	phenomenon
http://data.loterre.fr/ark:/67375/p66-w1gsdwf6-l.1	empirical effect	empirical effect	phenomenon	phenomenon
http://data.loterre.fr/ark:/67375/p66-w1gsdwf6-l.2	empirical generalization	empirical generalization	phenomenon	phenomenon
http://data.loterre.fr/ark:/67375/p66-w1gsdwf6-l.3	general empirical observation	general empirical observation	phenomenon	phenomenon
http://data.loterre.fr/ark:/67375/p66-w5k1htkd-q.0	information entity	information entity	information entity	information_entity
http://data.loterre.fr/ark:/67375/p66-w5k1htkd-q.1	information content entity	information content entity	information entity	information_entity
http://data.loterre.fr/ark:/67375/p66-wfxsb9h1-0.0	disposition	disposition	disposition	disposition
http://data.loterre.fr/ark:/67375/p66-wfxsb9h1-0.1	capability	capability	disposition	disposition
http://data.loterre.fr/ark:/67375/p66-wfxsb9h1-0.2	function	function	disposition	disposition
http://data.loterre.fr/ark:/67375/p66-wfxsb9h1-0.3	potentiality	potentiality	disposition	disposition
http://data.loterre.fr/ark:/67375/p66-sjggk67s-6.0	cognitive quality	cognitive quality	cognitive quality	cognitive_quality
http://data.loterre.fr/ark:/67375/p66-dbq2d6hp-t.0	object	object	object	object
http://data.loterre.fr/ark:/67375/p66-v4bbrg7z-g.0	biological material entity	biological material entity	biological material entity	biological_material_entity
http://data.loterre.fr/ark:/67375/p66-v4bbrg7z-g.1	biological entity	biological entity	biological material entity	biological_material_entity
http://data.loterre.fr/ark:/67375/p66-m9g3m45v-3.0	developmental process	developmental process	developmental process	developmental_process
http://data.loterre.fr/ark:/67375/p66-m9g3m45v-3.1	development	development	developmental process	developmental_process
http://data.loterre.fr/ark:/67375/p66-nbzlnbw5-l.0	planned process	planned process	planned process	planned_process
http://data.loterre.fr/ark:/67375/p66-rz2x1nz0-k.0	neurophysiological process	neurophysiological process	neurophysiological process	neurophysiological_process
http://data.loterre.fr/ark:/67375/p66-wj06b2zs-0.0	cognitive process	cognitive process	cognitive process	cognitive_process
http://data.loterre.fr/ark:/67375/p66-zsmr5965-w.0	emotion process	emotion process	emotion process	emotion_process
http://data.loterre.fr/ark:/67375/p66-zsmr5965-w.1	emotional process	emotional process	emotion process	emotion_process
http://data.loterre.fr/ark:/67375/p66-zsmr5965-w.2	emotional state	emotional state	emotion process	emotion_process
http://data.loterre.fr/ark:/67375/p66-rqwf016q-4.0	memory phenomenon	memory phenomenon	memory phenomenon	memory_phenomenon
http://data.loterre.fr/ark:/67375/p66-rqwf016q-4.1	memory effect	memory effect	memory phenomenon	memory_phenomenon
http://data.loterre.fr/ark:/67375/p66-rqwf016q-4.2	mnesic phenomenon	mnesic phenomenon	memory phenomenon	memory_phenomenon
http://data.loterre.fr/ark:/67375/p66-wn2mnb4d-f.0	metamemory phenomenon	metamemory phenomenon	metamemory phenomenon	metamemory_phenomenon
http://data.loterre.fr/ark:/67375/p66-wn2mnb4d-f.1	metamnesic phenomenon	metamnesic phenomenon	metamemory phenomenon	metamemory_phenomenon
http://data.loterre.fr/ark:/67375/p66-wpqbvf2t-w.0	learning phenomenon	learning phenomenon	learning phenomenon	learning_phenomenon
http://data.loterre.fr/ark:/67375/p66-wx8v5k34-1.0	attention phenomenon	attention phenomenon	attention phenomenon	attention_phenomenon
http://data.loterre.fr/ark:/67375/p66-wx8v5k34-1.1	attentional phenomenon	attentional phenomenon	attention phenomenon	attention_phenomenon
http://data.loterre.fr/ark:/67375/p66-h4ft93q9-1.0	format	format	format	format
http://data.loterre.fr/ark:/67375/p66-j0bwmkt5-v.0	theoretical entity	theoretical entity	theoretical entity	theoretical_entity
http://data.loterre.fr/ark:/67375/p66-ncpxf8kn-9.0	mathematical function	mathematical function	mathematical function	mathematical_function
http://data.loterre.fr/ark:/67375/p66-rm7wh4hs-j.0	algorithm	algorithm	algorithm	algorithm
http://data.loterre.fr/ark:/67375/p66-t1j15dpm-t.0	graph	graph	graph	graph
http://data.loterre.fr/ark:/67375/p66-t1j15dpm-t.1	figure	figure	graph	graph
http://data.loterre.fr/ark:/67375/p66-w7jrb81f-0.0	software	software	software	software
http://data.loterre.fr/ark:/67375/p66-w7jrb81f-0.1	computer program	computer program	software	software
http://data.loterre.fr/ark:/67375/p66-xm9k9xl8-s.0	measure	measure	measure	measure
http://data.loterre.fr/ark:/67375/p66-xm9k9xl8-s.1	measurement	measurement	measure	measure
http://data.loterre.fr/ark:/67375/p66-zdxxppfz-r.0	cue	cue	cue	cue
http://data.loterre.fr/ark:/67375/p66-zdxxppfz-r.1	contextual reminder	contextual reminder	cue	cue
http://data.loterre.fr/ark:/67375/p66-zdxxppfz-r.2	memory cue	memory cue	cue	cue
http://data.loterre.fr/ark:/67375/p66-b2kf0pfr-8.0	cognitive disorder	cognitive disorder	cognitive disorder	cognitive_disorder
http://data.loterre.fr/ark:/67375/p66-b2kf0pfr-8.1	cognitive dysfunction	cognitive dysfunction	cognitive disorder	cognitive_disorder
http://data.loterre.fr/ark:/67375/p66-b2kf0pfr-8.2	cognitive dysfunctioning	cognitive dysfunctioning	cognitive disorder	cognitive_disorder
http://data.loterre.fr/ark:/67375/p66-b2kf0pfr-8.3	cognitive impairment	cognitive impairment	cognitive disorder	cognitive_disorder
http://data.loterre.fr/ark:/67375/p66-gkhvf60l-q.0	cognition	cognition	cognition	cognition
http://data.loterre.fr/ark:/67375/p66-gkhvf60l-q.1	cognitive ability	cognitive ability	cognition	cognition
http://data.loterre.fr/ark:/67375/p66-gkhvf60l-q.2	cognitive capability	cognitive capability	cognition	cognition
http://data.loterre.fr/ark:/67375/p66-gkhvf60l-q.3	cognitive disposition	cognitive disposition	cognition	cognition
http://data.loterre.fr/ark:/67375/p66-msjwrprn-5.0	affordance	affordance	affordance	affordance
http://data.loterre.fr/ark:/67375/p66-b5nb9g8j-f.0	study method	study method	study method	study_method
http://data.loterre.fr/ark:/67375/p66-bm3dgwc3-l.0	scientific law	scientific law	scientific law	scientific_law
http://data.loterre.fr/ark:/67375/p66-bm3dgwc3-l.1	law of nature	law of nature	scientific law	scientific_law
http://data.loterre.fr/ark:/67375/p66-bzbrk6x8-1.0	study method of memory	study method of memory	study method of memory	study_method_of_memory
http://data.loterre.fr/ark:/67375/p66-d5hx1zr6-w.0	child development	child development	child development	child_development
http://data.loterre.fr/ark:/67375/p66-jt2ddssz-4.0	theory	theory	theory	theory
http://data.loterre.fr/ark:/67375/p66-jt2ddssz-4.1	theoretical framework	theoretical framework	theory	theory
http://data.loterre.fr/ark:/67375/p66-n7xgnqgg-j.0	principle	principle	principle	principle
http://data.loterre.fr/ark:/67375/p66-qn84v90n-v.0	non-computational model	non-computational model	non-computational model	non_computational_model
http://data.loterre.fr/ark:/67375/p66-qn84v90n-v.1	conceptual model	conceptual model	non-computational model	non_computational_model
http://data.loterre.fr/ark:/67375/p66-qn84v90n-v.2	graphical model	graphical model	non-computational model	non_computational_model
http://data.loterre.fr/ark:/67375/p66-qn84v90n-v.3	verbal model	verbal model	non-computational model	non_computational_model
http://data.loterre.fr/ark:/67375/p66-s3zkgv8v-h.0	infant development	infant development	infant development	infant_development
http://data.loterre.fr/ark:/67375/p66-xjkphb5x-m.0	model	model	model	model
http://data.loterre.fr/ark:/67375/p66-c25bh10l-t.0	memory strength	memory strength	memory strength	memory_strength
http://data.loterre.fr/ark:/67375/p66-hj05dkhc-2.0	memory organization	memory organization	memory organization	memory_organization
http://data.loterre.fr/ark:/67375/p66-hj05dkhc-2.1	memory structuration	memory structuration	memory organization	memory_organization
http://data.loterre.fr/ark:/67375/p66-hj05dkhc-2.2	memory structure	memory structure	memory organization	memory_organization
http://data.loterre.fr/ark:/67375/p66-jjm51q6h-4.0	emotional arousal	emotional arousal	emotional arousal	emotional_arousal
http://data.loterre.fr/ark:/67375/p66-n32kdclv-n.0	mnemicity	mnemicity	mnemicity	mnemicity
http://data.loterre.fr/ark:/67375/p66-qzxrzm22-5.0	phenomenological characteristic of memory	phenomenological characteristic of memory	phenomenological characteristic of memory	phenomenological_characteristic_of_memory
http://data.loterre.fr/ark:/67375/p66-qzxrzm22-5.1	memory phenomenology	memory phenomenology	phenomenological characteristic of memory	phenomenological_characteristic_of_memory
http://data.loterre.fr/ark:/67375/p66-qzxrzm22-5.2	phenomenal characteristic	phenomenal characteristic	phenomenological characteristic of memory	phenomenological_characteristic_of_memory
http://data.loterre.fr/ark:/67375/p66-sz2c9mgv-w.0	typicality	typicality	typicality	typicality
http://data.loterre.fr/ark:/67375/p66-vnb6nl0w-4.0	cognitive economy	cognitive economy	cognitive economy	cognitive_economy
http://data.loterre.fr/ark:/67375/p66-w3jq1bql-q.0	basic level	basic level	basic level	basic_level
http://data.loterre.fr/ark:/67375/p66-xnm1m2tz-f.0	episodicity	episodicity	episodicity	episodicity
http://data.loterre.fr/ark:/67375/p66-gqfqtfdx-6.0	stimulus	stimulus	stimulus	stimulus
http://data.loterre.fr/ark:/67375/p66-c4brzdkh-w.0	anatomical entity	anatomical entity	anatomical entity	anatomical_entity
http://data.loterre.fr/ark:/67375/p66-fqgw05dr-t.0	neurotrophin	neurotrophin	neurotrophin	neurotrophin
http://data.loterre.fr/ark:/67375/p66-lv1843bv-1.0	transcription factor	transcription factor	transcription factor	transcription_factor
http://data.loterre.fr/ark:/67375/p66-pgbj7bwl-1.0	organism	organism	organism	organism
http://data.loterre.fr/ark:/67375/p66-qc6m3nl9-p.0	neurotransmitter	neurotransmitter	neurotransmitter	neurotransmitter
http://data.loterre.fr/ark:/67375/p66-xbnr5kzl-g.0	gene	gene	gene	gene
http://data.loterre.fr/ark:/67375/p66-z74l57kc-c.0	enzyme	enzyme	enzyme	enzyme
http://data.loterre.fr/ark:/67375/p66-gfbtwtd0-z.0	cognitive training	cognitive training	cognitive training	cognitive_training
http://data.loterre.fr/ark:/67375/p66-gfbtwtd0-z.1	cognitive intervention	cognitive intervention	cognitive training	cognitive_training
http://data.loterre.fr/ark:/67375/p66-gpw1t35t-9.0	treatment	treatment	treatment	treatment
http://data.loterre.fr/ark:/67375/p66-gpw1t35t-9.1	therapeutic intervention	therapeutic intervention	treatment	treatment
http://data.loterre.fr/ark:/67375/p66-gpw1t35t-9.2	therapy	therapy	treatment	treatment
http://data.loterre.fr/ark:/67375/p66-clclwd1z-x.0	event-related potentials	event-related potentials	event-related potentials	event_related_potentials
http://data.loterre.fr/ark:/67375/p66-clclwd1z-x.1	erp	erp	event-related potentials	event_related_potentials
http://data.loterre.fr/ark:/67375/p66-cskh7sgr-1.0	eye movement	eye movement	eye movement	eye_movement
http://data.loterre.fr/ark:/67375/p66-f2hg9rzp-d.0	theta rhythm	theta rhythm	theta rhythm	theta_rhythm
http://data.loterre.fr/ark:/67375/p66-f2hg9rzp-d.1	theta frequency	theta frequency	theta rhythm	theta_rhythm
http://data.loterre.fr/ark:/67375/p66-f2hg9rzp-d.2	theta oscillation	theta oscillation	theta rhythm	theta_rhythm
http://data.loterre.fr/ark:/67375/p66-f2hg9rzp-d.3	theta power	theta power	theta rhythm	theta_rhythm
http://data.loterre.fr/ark:/67375/p66-f2hg9rzp-d.4	theta wave	theta wave	theta rhythm	theta_rhythm
http://data.loterre.fr/ark:/67375/p66-g8m0rp77-f.0	long-term depression	long-term depression	long-term depression	long_term_depression
http://data.loterre.fr/ark:/67375/p66-knlr6w4s-h.0	gamma rhythm	gamma rhythm	gamma rhythm	gamma_rhythm
http://data.loterre.fr/ark:/67375/p66-knlr6w4s-h.1	gamma activity	gamma activity	gamma rhythm	gamma_rhythm
http://data.loterre.fr/ark:/67375/p66-knlr6w4s-h.2	gamma frequency	gamma frequency	gamma rhythm	gamma_rhythm
http://data.loterre.fr/ark:/67375/p66-knlr6w4s-h.3	gamma oscillation	gamma oscillation	gamma rhythm	gamma_rhythm
http://data.loterre.fr/ark:/67375/p66-knlr6w4s-h.4	gamma wave	gamma wave	gamma rhythm	gamma_rhythm
http://data.loterre.fr/ark:/67375/p66-m5zf8z68-8.0	replay	replay	replay	replay
http://data.loterre.fr/ark:/67375/p66-m5zf8z68-8.1	neuronal replay	neuronal replay	replay	replay
http://data.loterre.fr/ark:/67375/p66-ng7qtm2n-0.0	long-term potentiation	long-term potentiation	long-term potentiation	long_term_potentiation
http://data.loterre.fr/ark:/67375/p66-ng7qtm2n-0.1	ltp	ltp	long-term potentiation	long_term_potentiation
http://data.loterre.fr/ark:/67375/p66-ng7qtm2n-0.2	long-term synaptic potentiation	long-term synaptic potentiation	long-term potentiation	long_term_potentiation
http://data.loterre.fr/ark:/67375/p66-njbbzzkl-g.0	alpha rhythm	alpha rhythm	alpha rhythm	alpha_rhythm
http://data.loterre.fr/ark:/67375/p66-njbbzzkl-g.1	alpha frequency	alpha frequency	alpha rhythm	alpha_rhythm
http://data.loterre.fr/ark:/67375/p66-njbbzzkl-g.2	alpha oscillation	alpha oscillation	alpha rhythm	alpha_rhythm
http://data.loterre.fr/ark:/67375/p66-njbbzzkl-g.3	alpha power	alpha power	alpha rhythm	alpha_rhythm
http://data.loterre.fr/ark:/67375/p66-njbbzzkl-g.4	alpha wave	alpha wave	alpha rhythm	alpha_rhythm
http://data.loterre.fr/ark:/67375/p66-r1x014pq-c.0	rest	rest	sleep	sleep
http://data.loterre.fr/ark:/67375/p66-s1wg2q31-4.0	sharp wave ripple	sharp wave ripple	sharp wave ripple	sharp_wave_ripple
http://data.loterre.fr/ark:/67375/p66-s1wg2q31-4.1	spw-r	spw-r	sharp wave ripple	sharp_wave_ripple
http://data.loterre.fr/ark:/67375/p66-s1wg2q31-4.2	swr	swr	sharp wave ripple	sharp_wave_ripple
http://data.loterre.fr/ark:/67375/p66-s8snq76j-4.0	beta rhythm	beta rhythm	beta rhythm	beta_rhythm
http://data.loterre.fr/ark:/67375/p66-s8snq76j-4.1	beta oscillation	beta oscillation	beta rhythm	beta_rhythm
http://data.loterre.fr/ark:/67375/p66-s8snq76j-4.2	beta power	beta power	beta rhythm	beta_rhythm
http://data.loterre.fr/ark:/67375/p66-s8snq76j-4.3	beta wave	beta wave	beta rhythm	beta_rhythm
http://data.loterre.fr/ark:/67375/p66-d7hz1zfn-k.0	memory process	memory process	memory process	memory_process
http://data.loterre.fr/ark:/67375/p66-ffdhw6fd-f.0	mental imagery	mental imagery	mental imagery	mental_imagery
http://data.loterre.fr/ark:/67375/p66-ffdhw6fd-f.1	imagination	imagination	mental imagery	mental_imagery
http://data.loterre.fr/ark:/67375/p66-ffdhw6fd-f.2	mental image	mental image	mental imagery	mental_imagery
http://data.loterre.fr/ark:/67375/p66-gj6v9sl7-z.0	metamemory process	metamemory process	metamemory process	metamemory_process
http://data.loterre.fr/ark:/67375/p66-t08v3ltm-3.0	learning process	learning process	learning process	learning_process
http://data.loterre.fr/ark:/67375/p66-whjdvjpl-b.0	attentional process	attentional process	attentional process	attentional_process
http://data.loterre.fr/ark:/67375/p66-wvbvblhw-2.0	perceptual process	perceptual process	perceptual process	perceptual_process
http://data.loterre.fr/ark:/67375/p66-ztrsj6kf-f.0	executive functions	executive functions	executive functions	executive_functions
http://data.loterre.fr/ark:/67375/p66-jjv6gswp-1.0	stress	stress	stress	stress
http://data.loterre.fr/ark:/67375/p66-jjv6gswp-1.1	stressful event	stressful event	stress	stress
http://data.loterre.fr/ark:/67375/p66-c5zpf04j-r.0	emotional false memory paradigm	emotional false memory paradigm	emotional false memory paradigm	emotional_false_memory_paradigm
http://data.loterre.fr/ark:/67375/p66-j6p7bvwc-2.0	emotion	emotion	emotion	emotion
http://data.loterre.fr/ark:/67375/p66-nzg0q0jg-4.0	emotional memory	emotional memory	emotional memory	emotional_memory
http://data.loterre.fr/ark:/67375/p66-x4zvd1jp-3.0	emotional consolidation	emotional consolidation	emotional consolidation	emotional_consolidation
http://data.loterre.fr/ark:/67375/p66-b4zr1fpb-w.0	prototype effect	prototype effect	prototype effect	prototype_effect
http://data.loterre.fr/ark:/67375/p66-b4zr1fpb-w.1	prototype-enhancement effect	prototype-enhancement effect	prototype effect	prototype_effect
http://data.loterre.fr/ark:/67375/p66-bhv1krrr-0.0	false fame effect	false fame effect	false fame effect	false_fame_effect
http://data.loterre.fr/ark:/67375/p66-bmlvxx1z-3.0	tunnel memory	tunnel memory	tunnel memory	tunnel_memory
http://data.loterre.fr/ark:/67375/p66-bsclnfbp-9.0	fan effect	fan effect	fan effect	fan_effect
http://data.loterre.fr/ark:/67375/p66-bsclnfbp-9.1	facts number	facts number	fan effect	fan_effect
http://data.loterre.fr/ark:/67375/p66-bsgc0r9h-h.0	modality effect	modality effect	modality effect	modality_effect
http://data.loterre.fr/ark:/67375/p66-bt03zsl3-1.0	context-dependent recognition	context-dependent recognition	context-dependent recognition	context_dependent_recognition
http://data.loterre.fr/ark:/67375/p66-bv4m6kgz-d.0	list-length effect	list-length effect	list-length effect	list_length_effect
http://data.loterre.fr/ark:/67375/p66-c75jd9k2-r.0	group-reference effect	group-reference effect	group-reference effect	group_reference_effect
http://data.loterre.fr/ark:/67375/p66-cl66pl13-3.0	hindsight bias	hindsight bias	hindsight bias	hindsight_bias
http://data.loterre.fr/ark:/67375/p66-cl66pl13-3.1	knew-it-all-along effect	knew-it-all-along effect	hindsight bias	hindsight_bias
http://data.loterre.fr/ark:/67375/p66-cq0lm3np-8.0	language familiarity effect	language familiarity effect	language familiarity effect	language_familiarity_effect
http://data.loterre.fr/ark:/67375/p66-cs5vg507-4.0	conjunction illusion	conjunction illusion	conjunction illusion	conjunction_illusion
http://data.loterre.fr/ark:/67375/p66-cs5vg507-4.1	impossible conjunction	impossible conjunction	conjunction illusion	conjunction_illusion
http://data.loterre.fr/ark:/67375/p66-cs5vg507-4.2	memory conjunction illusion	memory conjunction illusion	conjunction illusion	conjunction_illusion
http://data.loterre.fr/ark:/67375/p66-d0gcb58l-l.0	intention superiority effect	intention superiority effect	intention superiority effect	intention_superiority_effect
http://data.loterre.fr/ark:/67375/p66-d1vkhdqg-3.0	subsequent memory effect	subsequent memory effect	subsequent memory effect	subsequent_memory_effect
http://data.loterre.fr/ark:/67375/p66-d1vkhdqg-3.1	dm effect	dm effect	subsequent memory effect	subsequent_memory_effect
http://data.loterre.fr/ark:/67375/p66-d1vkhdqg-3.2	difference due to memory	difference due to memory	subsequent memory effect	subsequent_memory_effect
http://data.loterre.fr/ark:/67375/p66-d516ftk4-t.0	cue depreciation effect	cue depreciation effect	cue depreciation effect	cue_depreciation_effect
http://data.loterre.fr/ark:/67375/p66-dbtdmrdp-b.0	revelation effect	revelation effect	revelation effect	revelation_effect
http://data.loterre.fr/ark:/67375/p66-dhflrltz-3.0	memory narrowing effect	memory narrowing effect	memory narrowing effect	memory_narrowing_effect
http://data.loterre.fr/ark:/67375/p66-drtm34vv-8.0	post-identification feedback effect	post-identification feedback effect	post-identification feedback effect	post_identification_feedback_effect
http://data.loterre.fr/ark:/67375/p66-ds4gq28n-j.0	memory-guided attention	memory-guided attention	memory-guided attention	memory_guided_attention
http://data.loterre.fr/ark:/67375/p66-f183l26v-f.0	fabrication inflation	fabrication inflation	fabrication inflation	fabrication_inflation
http://data.loterre.fr/ark:/67375/p66-fkdsr7kn-h.0	sleeper effect	sleeper effect	sleeper effect	sleeper_effect
http://data.loterre.fr/ark:/67375/p66-fr9sfwq1-1.0	explanation inflation	explanation inflation	explanation inflation	explanation_inflation
http://data.loterre.fr/ark:/67375/p66-ftp0pm55-0.0	true-false effect	true-false effect	true-false effect	true_false_effect
http://data.loterre.fr/ark:/67375/p66-ftp0pm55-0.1	false-true effect	false-true effect	true-false effect	true_false_effect
http://data.loterre.fr/ark:/67375/p66-fwrdp93q-0.0	insight memory advantage	insight memory advantage	insight memory advantage	insight_memory_advantage
http://data.loterre.fr/ark:/67375/p66-fwrdp93q-0.1	mnemonic effect of insight	mnemonic effect of insight	insight memory advantage	insight_memory_advantage
http://data.loterre.fr/ark:/67375/p66-g1863dqm-7.0	attentional boost effect	attentional boost effect	attentional boost effect	attentional_boost_effect
http://data.loterre.fr/ark:/67375/p66-g1863dqm-7.1	abe	abe	attentional boost effect	attentional_boost_effect
http://data.loterre.fr/ark:/67375/p66-g252jhgq-5.0	irrelevant sound effect	irrelevant sound effect	irrelevant sound effect	irrelevant_sound_effect
http://data.loterre.fr/ark:/67375/p66-g2z956dt-6.0	attentional capture	attentional capture	attentional capture	attentional_capture
http://data.loterre.fr/ark:/67375/p66-ggx8ln2n-2.0	simultaneous learning effect	simultaneous learning effect	simultaneous learning effect	simultaneous_learning_effect
http://data.loterre.fr/ark:/67375/p66-ggx8ln2n-2.1	simultaneous acquisition effect	simultaneous acquisition effect	simultaneous learning effect	simultaneous_learning_effect
http://data.loterre.fr/ark:/67375/p66-ggx8ln2n-2.2	simultaneous acquisition retention phenomenon	simultaneous acquisition retention phenomenon	simultaneous learning effect	simultaneous_learning_effect
http://data.loterre.fr/ark:/67375/p66-gr67bxw0-3.0	inversion effect	inversion effect	inversion effect	inversion_effect
http://data.loterre.fr/ark:/67375/p66-gr67bxw0-3.1	face inversion effect	face inversion effect	inversion effect	inversion_effect
http://data.loterre.fr/ark:/67375/p66-gs7vnjk2-8.0	memory reactivity effect	memory reactivity effect	memory reactivity effect	memory_reactivity_effect
http://data.loterre.fr/ark:/67375/p66-gs7vnjk2-8.1	jol reactivity	jol reactivity	memory reactivity effect	memory_reactivity_effect
http://data.loterre.fr/ark:/67375/p66-gs7vnjk2-8.2	reactive effect	reactive effect	memory reactivity effect	memory_reactivity_effect
http://data.loterre.fr/ark:/67375/p66-gs7vnjk2-8.3	reactivity effect	reactivity effect	memory reactivity effect	memory_reactivity_effect
http://data.loterre.fr/ark:/67375/p66-gv6shzpv-4.0	animacy effect	animacy effect	animacy effect	animacy_effect
http://data.loterre.fr/ark:/67375/p66-gvv59wlp-5.0	calendar effect	calendar effect	calendar effect	calendar_effect
http://data.loterre.fr/ark:/67375/p66-gx6v221p-z.0	choice blindness effect	choice blindness effect	choice blindness effect	choice_blindness_effect
http://data.loterre.fr/ark:/67375/p66-h01md19q-9.0	mediation deficiency	mediation deficiency	mediation deficiency	mediation_deficiency
http://data.loterre.fr/ark:/67375/p66-h3gqkbx5-q.0	perceptual interference effect	perceptual interference effect	perceptual interference effect	perceptual_interference_effect
http://data.loterre.fr/ark:/67375/p66-hbr471v1-p.0	prefix effect	prefix effect	prefix effect	prefix_effect
http://data.loterre.fr/ark:/67375/p66-hhkqbwrm-m.0	saving-enhanced memory effect	saving-enhanced memory effect	saving-enhanced memory effect	saving_enhanced_memory_effect
http://data.loterre.fr/ark:/67375/p66-hhlk9qlk-6.0	production effect	production effect	production effect	production_effect
http://data.loterre.fr/ark:/67375/p66-hhs0l80x-z.0	serial order intrusion	serial order intrusion	serial order intrusion	serial_order_intrusion
http://data.loterre.fr/ark:/67375/p66-hhs0l80x-z.1	protrusion effect	protrusion effect	serial order intrusion	serial_order_intrusion
http://data.loterre.fr/ark:/67375/p66-hj942sk2-m.0	interleaving effect	interleaving effect	interleaving effect	interleaving_effect
http://data.loterre.fr/ark:/67375/p66-hj942sk2-m.1	interleaving benefit	interleaving benefit	interleaving effect	interleaving_effect
http://data.loterre.fr/ark:/67375/p66-hq0w00r3-q.0	fill-in effect	fill-in effect	fill-in effect	fill_in_effect
http://data.loterre.fr/ark:/67375/p66-hq0w00r3-q.1	fill-in error	fill-in error	fill-in effect	fill_in_effect
http://data.loterre.fr/ark:/67375/p66-hsgj0hh7-0.0	inoculation effect	inoculation effect	inoculation effect	inoculation_effect
http://data.loterre.fr/ark:/67375/p66-hvxv47kw-q.0	reproduction processing effect	reproduction processing effect	reproduction processing effect	reproduction_processing_effect
http://data.loterre.fr/ark:/67375/p66-hvzmbzwz-5.0	retroactive enhancement effect	retroactive enhancement effect	retroactive enhancement effect	retroactive_enhancement_effect
http://data.loterre.fr/ark:/67375/p66-j0407bvt-t.0	semantic feature effect	semantic feature effect	semantic feature effect	semantic_feature_effect
http://data.loterre.fr/ark:/67375/p66-j29vw7xv-d.0	geiselman effect	geiselman effect	geiselman effect	geiselman_effect
http://data.loterre.fr/ark:/67375/p66-j4787c73-c.0	utilization deficiency	utilization deficiency	utilization deficiency	utilization_deficiency
http://data.loterre.fr/ark:/67375/p66-j4pvmsmt-f.0	misinformation effect	misinformation effect	misinformation effect	misinformation_effect
http://data.loterre.fr/ark:/67375/p66-j4pvmsmt-f.1	post-event information effect	post-event information effect	misinformation effect	misinformation_effect
http://data.loterre.fr/ark:/67375/p66-jctg18t3-1.0	proust effect	proust effect	proust effect	proust_effect
http://data.loterre.fr/ark:/67375/p66-jctg18t3-1.1	proust phenomenon	proust phenomenon	proust effect	proust_effect
http://data.loterre.fr/ark:/67375/p66-jfllcgxm-t.0	prime-task effect	prime-task effect	prime-task effect	prime_task_effect
http://data.loterre.fr/ark:/67375/p66-jjd2vtf4-h.0	enactment effect	enactment effect	enactment effect	enactment_effect
http://data.loterre.fr/ark:/67375/p66-jqq32jjq-q.0	state-dependent memory	state-dependent memory	state-dependent memory	state_dependent_memory
http://data.loterre.fr/ark:/67375/p66-jqq32jjq-q.1	state-dependent learning	state-dependent learning	state-dependent memory	state_dependent_memory
http://data.loterre.fr/ark:/67375/p66-jqq32jjq-q.2	state-dependent retrieval	state-dependent retrieval	state-dependent memory	state_dependent_memory
http://data.loterre.fr/ark:/67375/p66-jrbpv6bn-2.0	forgetting	forgetting	forgetting	forgetting
http://data.loterre.fr/ark:/67375/p66-jrbpv6bn-2.1	oblivescence	oblivescence	forgetting	forgetting
http://data.loterre.fr/ark:/67375/p66-jrbpv6bn-2.2	obliviscence	obliviscence	forgetting	forgetting
http://data.loterre.fr/ark:/67375/p66-jrjhz858-d.0	testing effect	testing effect	testing effect	testing_effect
http://data.loterre.fr/ark:/67375/p66-jrjhz858-d.1	retrieval practice effect	retrieval practice effect	testing effect	testing_effect
http://data.loterre.fr/ark:/67375/p66-jrjhz858-d.2	retrieval-based learning	retrieval-based learning	testing effect	testing_effect
http://data.loterre.fr/ark:/67375/p66-jrjhz858-d.3	retrieval-mediated learning	retrieval-mediated learning	testing effect	testing_effect
http://data.loterre.fr/ark:/67375/p66-jrjhz858-d.4	test-enhanced learning	test-enhanced learning	testing effect	testing_effect
http://data.loterre.fr/ark:/67375/p66-jslm8lfp-1.0	sentence superiority effect	sentence superiority effect	sentence superiority effect	sentence_superiority_effect
http://data.loterre.fr/ark:/67375/p66-jslm8lfp-1.1	sentence avantage effect	sentence avantage effect	sentence superiority effect	sentence_superiority_effect
http://data.loterre.fr/ark:/67375/p66-jx046ths-t.0	hypermnesia	hypermnesia	hypermnesia	hypermnesia
http://data.loterre.fr/ark:/67375/p66-k5nfsqxc-h.0	note-taking effect	note-taking effect	note-taking effect	note_taking_effect
http://data.loterre.fr/ark:/67375/p66-k5nfsqxc-h.1	encoding effect	encoding effect	note-taking effect	note_taking_effect
http://data.loterre.fr/ark:/67375/p66-k8b8sfg1-9.0	consistency bias	consistency bias	consistency bias	consistency_bias
http://data.loterre.fr/ark:/67375/p66-k9gx10sg-s.0	clark kent effect	clark kent effect	clark kent effect	clark_kent_effect
http://data.loterre.fr/ark:/67375/p66-kfpl5jd1-1.0	old/new effect	old/new effect	old/new effect	old_new_effect
http://data.loterre.fr/ark:/67375/p66-klv0gzdd-h.0	size congruency effect	size congruency effect	size congruency effect	size_congruency_effect
http://data.loterre.fr/ark:/67375/p66-kmddkxxf-2.0	retro-cue effect	retro-cue effect	retro-cue effect	retro_cue_effect
http://data.loterre.fr/ark:/67375/p66-kmddkxxf-2.1	retro-cue advantage	retro-cue advantage	retro-cue effect	retro_cue_effect
http://data.loterre.fr/ark:/67375/p66-kmddkxxf-2.2	retro-cue benefit	retro-cue benefit	retro-cue effect	retro_cue_effect
http://data.loterre.fr/ark:/67375/p66-kp4c4n6g-m.0	dynamic superiority effect	dynamic superiority effect	dynamic superiority effect	dynamic_superiority_effect
http://data.loterre.fr/ark:/67375/p66-kpkz36t6-n.0	dud-alternative effect	dud-alternative effect	dud-alternative effect	dud_alternative_effect
http://data.loterre.fr/ark:/67375/p66-kpkz36t6-n.1	dud effect	dud effect	dud-alternative effect	dud_alternative_effect
http://data.loterre.fr/ark:/67375/p66-ktqq4lnf-r.0	emotion-enhanced memory effect	emotion-enhanced memory effect	emotion-enhanced memory effect	emotion_enhanced_memory_effect
http://data.loterre.fr/ark:/67375/p66-ktqq4lnf-r.1	emotion enhancement effect	emotion enhancement effect	emotion-enhanced memory effect	emotion_enhanced_memory_effect
http://data.loterre.fr/ark:/67375/p66-ktqq4lnf-r.2	emotional enhancement	emotional enhancement	emotion-enhanced memory effect	emotion_enhanced_memory_effect
http://data.loterre.fr/ark:/67375/p66-ktqq4lnf-r.3	emotional enhancement of memory	emotional enhancement of memory	emotion-enhanced memory effect	emotion_enhanced_memory_effect
http://data.loterre.fr/ark:/67375/p66-ktqq4lnf-r.4	emotional memory enhancement effect	emotional memory enhancement effect	emotion-enhanced memory effect	emotion_enhanced_memory_effect
http://data.loterre.fr/ark:/67375/p66-ktqq4lnf-r.5	enhanced emotional memory effect	enhanced emotional memory effect	emotion-enhanced memory effect	emotion_enhanced_memory_effect
http://data.loterre.fr/ark:/67375/p66-ktqq4lnf-r.6	memory enhancement effect of emotion	memory enhancement effect of emotion	emotion-enhanced memory effect	emotion_enhanced_memory_effect
http://data.loterre.fr/ark:/67375/p66-kx30z9xx-c.0	fading affect bias	fading affect bias	fading affect bias	fading_affect_bias
http://data.loterre.fr/ark:/67375/p66-kx30z9xx-c.1	fab effect	fab effect	fading affect bias	fading_affect_bias
http://data.loterre.fr/ark:/67375/p66-kz9hb46b-x.0	overgeneral memory bias	overgeneral memory bias	overgeneral memory bias	overgeneral_memory_bias
http://data.loterre.fr/ark:/67375/p66-kz9hb46b-x.1	overgeneral memory effect	overgeneral memory effect	overgeneral memory bias	overgeneral_memory_bias
http://data.loterre.fr/ark:/67375/p66-kz9hb46b-x.2	overgenerality	overgenerality	overgeneral memory bias	overgeneral_memory_bias
http://data.loterre.fr/ark:/67375/p66-kzrkwj7m-g.0	location updating effect	location updating effect	location updating effect	location_updating_effect
http://data.loterre.fr/ark:/67375/p66-kzrkwj7m-g.1	doorway effect	doorway effect	location updating effect	location_updating_effect
http://data.loterre.fr/ark:/67375/p66-l2kvvw09-1.0	source attribution error	source attribution error	source attribution error	source_attribution_error
http://data.loterre.fr/ark:/67375/p66-l2kvvw09-1.1	misattribution error	misattribution error	source attribution error	source_attribution_error
http://data.loterre.fr/ark:/67375/p66-l2kvvw09-1.2	misattribution of memory	misattribution of memory	source attribution error	source_attribution_error
http://data.loterre.fr/ark:/67375/p66-l2kvvw09-1.3	source confusion	source confusion	source attribution error	source_attribution_error
http://data.loterre.fr/ark:/67375/p66-l2kvvw09-1.4	source misattribution	source misattribution	source attribution error	source_attribution_error
http://data.loterre.fr/ark:/67375/p66-l2kvvw09-1.5	source-monitoring error	source-monitoring error	source attribution error	source_attribution_error
http://data.loterre.fr/ark:/67375/p66-l50fkczq-b.0	repetition effect	repetition effect	repetition effect	repetition_effect
http://data.loterre.fr/ark:/67375/p66-l78bs44x-d.0	déjà vu	déjà vu	déjà vu	déjà_vu
http://data.loterre.fr/ark:/67375/p66-l78bs44x-d.1	déjà vu experience	déjà vu experience	déjà vu	déjà_vu
http://data.loterre.fr/ark:/67375/p66-l78bs44x-d.2	déjà vu sensation	déjà vu sensation	déjà vu	déjà_vu
http://data.loterre.fr/ark:/67375/p66-l90rr0hf-2.0	grouping effect	grouping effect	grouping effect	grouping_effect
http://data.loterre.fr/ark:/67375/p66-lhs10shf-w.0	lexicality effect	lexicality effect	lexicality effect	lexicality_effect
http://data.loterre.fr/ark:/67375/p66-lhs10shf-w.1	lexicality advantage	lexicality advantage	lexicality effect	lexicality_effect
http://data.loterre.fr/ark:/67375/p66-lhxzmnl2-5.0	survival processing effect	survival processing effect	survival processing effect	survival_processing_effect
http://data.loterre.fr/ark:/67375/p66-lhxzmnl2-5.1	survival-processing advantage	survival-processing advantage	survival processing effect	survival_processing_effect
http://data.loterre.fr/ark:/67375/p66-lntn1cjt-v.0	joint memory effect	joint memory effect	joint memory effect	joint_memory_effect
http://data.loterre.fr/ark:/67375/p66-lp0gxjz7-c.0	level-of-processing effect	level-of-processing effect	level-of-processing effect	level_of_processing_effect
http://data.loterre.fr/ark:/67375/p66-lwzzww1c-7.0	age-prospective memory-paradox	age-prospective memory-paradox	age-prospective memory-paradox	age_prospective_memory_paradox
http://data.loterre.fr/ark:/67375/p66-lwzzww1c-7.1	age-pm-paradox	age-pm-paradox	age-prospective memory-paradox	age_prospective_memory_paradox
http://data.loterre.fr/ark:/67375/p66-lxlvt8zd-g.0	exclusivity effect	exclusivity effect	exclusivity effect	exclusivity_effect
http://data.loterre.fr/ark:/67375/p66-m26svgc2-s.0	list composition effect	list composition effect	list composition effect	list_composition_effect
http://data.loterre.fr/ark:/67375/p66-m26svgc2-s.1	list composition paradox	list composition paradox	list composition effect	list_composition_effect
http://data.loterre.fr/ark:/67375/p66-m26svgc2-s.2	mixed-list paradox	mixed-list paradox	list composition effect	list_composition_effect
http://data.loterre.fr/ark:/67375/p66-m3w9xwpj-z.0	source overdistribution	source overdistribution	source overdistribution	source_overdistribution
http://data.loterre.fr/ark:/67375/p66-m65527m2-w.0	inconsistency effect	inconsistency effect	inconsistency effect	inconsistency_effect
http://data.loterre.fr/ark:/67375/p66-mf7pgh5q-c.0	retrograde enhancement	retrograde enhancement	retrograde facilitation	retrograde_facilitation
http://data.loterre.fr/ark:/67375/p66-mht5s4xh-4.0	self-reference effect	self-reference effect	self-reference effect	self_reference_effect
http://data.loterre.fr/ark:/67375/p66-mht5s4xh-4.1	self-bias	self-bias	self-reference effect	self_reference_effect
http://data.loterre.fr/ark:/67375/p66-mht5s4xh-4.2	self-referential effect	self-referential effect	self-reference effect	self_reference_effect
http://data.loterre.fr/ark:/67375/p66-mklv8423-f.0	bilateral field advantage	bilateral field advantage	bilateral field advantage	bilateral_field_advantage
http://data.loterre.fr/ark:/67375/p66-mlwj2pr9-z.0	phonological neighbourhood effect	phonological neighbourhood effect	phonological neighbourhood effect	phonological_neighbourhood_effect
http://data.loterre.fr/ark:/67375/p66-mn6r4qr2-l.0	word length effect	word length effect	word length effect	word_length_effect
http://data.loterre.fr/ark:/67375/p66-mrqvth7z-c.0	repetition enhancement	repetition enhancement	repetition enhancement	repetition_enhancement
http://data.loterre.fr/ark:/67375/p66-mt60xtld-z.0	rationalization	rationalization	rationalization	rationalization
http://data.loterre.fr/ark:/67375/p66-mxq2wqpv-p.0	boundary extension illusion	boundary extension illusion	boundary extension illusion	boundary_extension_illusion
http://data.loterre.fr/ark:/67375/p66-mxq2wqpv-p.1	boundary extension effect	boundary extension effect	boundary extension illusion	boundary_extension_illusion
http://data.loterre.fr/ark:/67375/p66-n3b4xncr-r.0	simulation of amnesia	simulation of amnesia	simulated amnesia	simulated_amnesia
http://data.loterre.fr/ark:/67375/p66-n3mh6kq1-k.0	concreteness effect	concreteness effect	concreteness effect	concreteness_effect
http://data.loterre.fr/ark:/67375/p66-n3mh6kq1-k.1	imageability effect	imageability effect	concreteness effect	concreteness_effect
http://data.loterre.fr/ark:/67375/p66-n880rdr0-l.0	confidence-accuracy relationship	confidence-accuracy relationship	confidence-accuracy relationship	confidence_accuracy_relationship
http://data.loterre.fr/ark:/67375/p66-n880rdr0-l.1	accuracy–confidence relation	accuracy–confidence relation	confidence-accuracy relationship	confidence_accuracy_relationship
http://data.loterre.fr/ark:/67375/p66-nb0rrmwd-j.0	living-in-history effect	living-in-history effect	living-in-history effect	living_in_history_effect
http://data.loterre.fr/ark:/67375/p66-nkfh3f7m-w.0	humour effect	humour effect	humour effect	humour_effect
http://data.loterre.fr/ark:/67375/p66-nl02rmcx-s.0	output interference	output interference	output interference	output_interference
http://data.loterre.fr/ark:/67375/p66-nm9j4q83-p.0	taboo word effect	taboo word effect	taboo word effect	taboo_word_effect
http://data.loterre.fr/ark:/67375/p66-nmpjrdhn-7.0	mood-congruent memory	mood-congruent memory	mood-congruent memory	mood_congruent_memory
http://data.loterre.fr/ark:/67375/p66-nmpjrdhn-7.1	mood congruence effect	mood congruence effect	mood-congruent memory	mood_congruent_memory
http://data.loterre.fr/ark:/67375/p66-nmpjrdhn-7.2	mood congruency effect	mood congruency effect	mood-congruent memory	mood_congruent_memory
http://data.loterre.fr/ark:/67375/p66-nw3jf7sx-j.0	picture complexity effect	picture complexity effect	picture complexity effect	picture_complexity_effect
http://data.loterre.fr/ark:/67375/p66-p23rvj0x-6.0	google effect	google effect	google effect	google_effect
http://data.loterre.fr/ark:/67375/p66-p7wkfd46-7.0	negative repetition effect	negative repetition effect	negative repetition effect	negative_repetition_effect
http://data.loterre.fr/ark:/67375/p66-pc2nm3qc-4.0	unconscious transference effect	unconscious transference effect	unconscious transference effect	unconscious_transference_effect
http://data.loterre.fr/ark:/67375/p66-pc2nm3qc-4.1	bystander misidentification	bystander misidentification	unconscious transference effect	unconscious_transference_effect
http://data.loterre.fr/ark:/67375/p66-pc2nm3qc-4.2	unconscious transference	unconscious transference	unconscious transference effect	unconscious_transference_effect
http://data.loterre.fr/ark:/67375/p66-pm7rprwp-q.0	imagination inflation effect	imagination inflation effect	imagination inflation effect	imagination_inflation_effect
http://data.loterre.fr/ark:/67375/p66-pnppkj91-b.0	whole-part effect	whole-part effect	whole-part effect	whole_part_effect
http://data.loterre.fr/ark:/67375/p66-prtp921v-l.0	mccabe effect	mccabe effect	mccabe effect	mccabe_effect
http://data.loterre.fr/ark:/67375/p66-ptgl0p1g-b.0	context-dependent memory effect	context-dependent memory effect	context-dependent memory effect	context_dependent_memory_effect
http://data.loterre.fr/ark:/67375/p66-ptgl0p1g-b.1	context dependency effect	context dependency effect	context-dependent memory effect	context_dependent_memory_effect
http://data.loterre.fr/ark:/67375/p66-ptgl0p1g-b.2	environmental context-dependent memory	environmental context-dependent memory	context-dependent memory effect	context_dependent_memory_effect
http://data.loterre.fr/ark:/67375/p66-ptrplm1x-z.0	memory blindness effect	memory blindness effect	memory blindness effect	memory_blindness_effect
http://data.loterre.fr/ark:/67375/p66-q2gcn73b-t.0	false-persistence effect	false-persistence effect	false-persistence effect	false_persistence_effect
http://data.loterre.fr/ark:/67375/p66-q4x84mp3-1.0	semantic blocking effect	semantic blocking effect	semantic blocking effect	semantic_blocking_effect
http://data.loterre.fr/ark:/67375/p66-q4x84mp3-1.1	category interference effect	category interference effect	semantic blocking effect	semantic_blocking_effect
http://data.loterre.fr/ark:/67375/p66-q68jxkvx-n.0	drawing effect	drawing effect	drawing effect	drawing_effect
http://data.loterre.fr/ark:/67375/p66-q7457568-z.0	semantic proximity effect	semantic proximity effect	semantic proximity effect	semantic_proximity_effect
http://data.loterre.fr/ark:/67375/p66-qfqkmzv7-z.0	articulatory suppression effect	articulatory suppression effect	articulatory suppression effect	articulatory_suppression_effect
http://data.loterre.fr/ark:/67375/p66-qfqkmzv7-z.1	concurrent articulation effect	concurrent articulation effect	articulatory suppression effect	articulatory_suppression_effect
http://data.loterre.fr/ark:/67375/p66-qfv3w07h-q.0	event boundary advantage	event boundary advantage	event boundary advantage	event_boundary_advantage
http://data.loterre.fr/ark:/67375/p66-qh5h5cr8-r.0	contiguity effect	contiguity effect	contiguity effect	contiguity_effect
http://data.loterre.fr/ark:/67375/p66-qh5h5cr8-r.1	temporal clustering effect	temporal clustering effect	contiguity effect	contiguity_effect
http://data.loterre.fr/ark:/67375/p66-qh5h5cr8-r.2	temporal contiguity effect	temporal contiguity effect	contiguity effect	contiguity_effect
http://data.loterre.fr/ark:/67375/p66-qjzn2x6p-9.0	part-list cuing effect	part-list cuing effect	part-list cuing effect	part_list_cuing_effect
http://data.loterre.fr/ark:/67375/p66-qjzn2x6p-9.1	part-list cuing impairment effect	part-list cuing impairment effect	part-list cuing effect	part_list_cuing_effect
http://data.loterre.fr/ark:/67375/p66-qjzn2x6p-9.2	part-set cuing effect	part-set cuing effect	part-list cuing effect	part_list_cuing_effect
http://data.loterre.fr/ark:/67375/p66-qjzn2x6p-9.3	part-set cuing impairment effect	part-set cuing impairment effect	part-list cuing effect	part_list_cuing_effect
http://data.loterre.fr/ark:/67375/p66-qjzn2x6p-9.4	part-set cuing inhibition effect	part-set cuing inhibition effect	part-list cuing effect	part_list_cuing_effect
http://data.loterre.fr/ark:/67375/p66-qn9h3md5-d.0	generation effect	generation effect	generation effect	generation_effect
http://data.loterre.fr/ark:/67375/p66-qnhv3zsx-d.0	distinctiveness effect	distinctiveness effect	distinctiveness effect	distinctiveness_effect
http://data.loterre.fr/ark:/67375/p66-qnqmwrxd-m.0	weapon focus effect	weapon focus effect	weapon focus effect	weapon_focus_effect
http://data.loterre.fr/ark:/67375/p66-qnqmwrxd-m.1	weapon focusing	weapon focusing	weapon focus effect	weapon_focus_effect
http://data.loterre.fr/ark:/67375/p66-qr124h6d-w.0	typicality effect	typicality effect	typicality effect	typicality_effect
http://data.loterre.fr/ark:/67375/p66-r5x6glr8-4.0	recollection without remembering	recollection without remembering	recollection without remembering	recollection_without_remembering
http://data.loterre.fr/ark:/67375/p66-rds0z9tm-h.0	butcher-in-the-bus phenomenon	butcher-in-the-bus phenomenon	butcher-in-the-bus phenomenon	butcher_in_the_bus_phenomenon
http://data.loterre.fr/ark:/67375/p66-rds0z9tm-h.1	bob experience	bob experience	butcher-in-the-bus phenomenon	butcher_in_the_bus_phenomenon
http://data.loterre.fr/ark:/67375/p66-rds0z9tm-h.2	butcher-on-the-bus phenomenon	butcher-on-the-bus phenomenon	butcher-in-the-bus phenomenon	butcher_in_the_bus_phenomenon
http://data.loterre.fr/ark:/67375/p66-rg9g5m6j-r.0	target effect	target effect	target effect	target_effect
http://data.loterre.fr/ark:/67375/p66-rgd806lb-1.0	tip-of-the-tongue	tip-of-the-tongue	tip-of-the-tongue	tip_of_the_tongue
http://data.loterre.fr/ark:/67375/p66-rgd806lb-1.1	tot	tot	tip-of-the-tongue	tip_of_the_tongue
http://data.loterre.fr/ark:/67375/p66-rk1d619z-m.0	cognitive-context dependent memory	cognitive-context dependent memory	cognitive-context dependent memory	cognitive_context_dependent_memory
http://data.loterre.fr/ark:/67375/p66-rk502hkx-5.0	sandwich effect	sandwich effect	sandwich effect	sandwich_effect
http://data.loterre.fr/ark:/67375/p66-rltgghm0-3.0	telescoping effect	telescoping effect	telescoping effect	telescoping_effect
http://data.loterre.fr/ark:/67375/p66-rltgghm0-3.1	telescoping bias	telescoping bias	telescoping effect	telescoping_effect
http://data.loterre.fr/ark:/67375/p66-rltgghm0-3.2	telescoping error	telescoping error	telescoping effect	telescoping_effect
http://data.loterre.fr/ark:/67375/p66-rn8dcdb0-2.0	phonological similarity effect	phonological similarity effect	phonological similarity effect	phonological_similarity_effect
http://data.loterre.fr/ark:/67375/p66-rn8dcdb0-2.1	acoustic confusion effect	acoustic confusion effect	phonological similarity effect	phonological_similarity_effect
http://data.loterre.fr/ark:/67375/p66-rn8dcdb0-2.2	phonemic similarity effect	phonemic similarity effect	phonological similarity effect	phonological_similarity_effect
http://data.loterre.fr/ark:/67375/p66-rs4n9vcc-m.0	zeigarnik effect	zeigarnik effect	zeigarnik effect	zeigarnik_effect
http://data.loterre.fr/ark:/67375/p66-rs9qjczq-p.0	imagination facilitation effect	imagination facilitation effect	imagination facilitation effect	imagination_facilitation_effect
http://data.loterre.fr/ark:/67375/p66-rzvnz5s8-j.0	developmental reversal	developmental reversal	developmental reversal	developmental_reversal
http://data.loterre.fr/ark:/67375/p66-s0tlbk5l-q.0	modality effect in false memories	modality effect in false memories	modality effect in false memories	modality_effect_in_false_memories
http://data.loterre.fr/ark:/67375/p66-s21swmtw-k.0	motor consolidation effect	motor consolidation effect	motor consolidation effect	motor_consolidation_effect
http://data.loterre.fr/ark:/67375/p66-s3bkskpr-p.0	observation inflation effect	observation inflation effect	observation inflation effect	observation_inflation_effect
http://data.loterre.fr/ark:/67375/p66-sbbzlb70-z.0	picture superiority effect	picture superiority effect	picture superiority effect	picture_superiority_effect
http://data.loterre.fr/ark:/67375/p66-sbbzlb70-z.1	pictorial superiority effect	pictorial superiority effect	picture superiority effect	picture_superiority_effect
http://data.loterre.fr/ark:/67375/p66-sglq7p96-j.0	verbal overshadowing effect	verbal overshadowing effect	verbal overshadowing effect	verbal_overshadowing_effect
http://data.loterre.fr/ark:/67375/p66-sglq7p96-j.1	voe	voe	verbal overshadowing effect	verbal_overshadowing_effect
http://data.loterre.fr/ark:/67375/p66-shfzb6k6-d.0	forced confabulation effect	forced confabulation effect	forced confabulation effect	forced_confabulation_effect
http://data.loterre.fr/ark:/67375/p66-shfzb6k6-d.1	forced fabrication effect	forced fabrication effect	forced confabulation effect	forced_confabulation_effect
http://data.loterre.fr/ark:/67375/p66-slb5mt9s-b.0	illusory truth effect	illusory truth effect	illusory truth effect	illusory_truth_effect
http://data.loterre.fr/ark:/67375/p66-slb5mt9s-b.1	illusory truth	illusory truth	illusory truth effect	illusory_truth_effect
http://data.loterre.fr/ark:/67375/p66-slb5mt9s-b.2	reiteration effect	reiteration effect	illusory truth effect	illusory_truth_effect
http://data.loterre.fr/ark:/67375/p66-slb5mt9s-b.3	repetition truth effect	repetition truth effect	illusory truth effect	illusory_truth_effect
http://data.loterre.fr/ark:/67375/p66-slb5mt9s-b.4	truth effect	truth effect	illusory truth effect	illusory_truth_effect
http://data.loterre.fr/ark:/67375/p66-slb5mt9s-b.5	truth-by-repetition-effect	truth-by-repetition-effect	illusory truth effect	illusory_truth_effect
http://data.loterre.fr/ark:/67375/p66-slb5mt9s-b.6	validity effect	validity effect	illusory truth effect	illusory_truth_effect
http://data.loterre.fr/ark:/67375/p66-snd7vpgk-l.0	letter-frequency effect	letter-frequency effect	letter-frequency effect	letter_frequency_effect
http://data.loterre.fr/ark:/67375/p66-snps20vk-c.0	memory bias	memory bias	memory bias	memory_bias
http://data.loterre.fr/ark:/67375/p66-stbpvnz5-p.0	asymmetry effect	asymmetry effect	asymmetry effect	asymmetry_effect
http://data.loterre.fr/ark:/67375/p66-t1kb34sc-r.0	self-choice effect	self-choice effect	self-choice effect	self_choice_effect
http://data.loterre.fr/ark:/67375/p66-t2m92n8v-6.0	pretesting effect	pretesting effect	pretesting effect	pretesting_effect
http://data.loterre.fr/ark:/67375/p66-t4f643zn-k.0	recognition failure	recognition failure	recognition failure	recognition_failure
http://data.loterre.fr/ark:/67375/p66-t6mbb7w8-z.0	release from proactive interference	release from proactive interference	release from proactive interference	release_from_proactive_interference
http://data.loterre.fr/ark:/67375/p66-t6mbb7w8-z.1	release from pi	release from pi	release from proactive interference	release_from_proactive_interference
http://data.loterre.fr/ark:/67375/p66-t6mbb7w8-z.2	release from proactive inhibition	release from proactive inhibition	release from proactive interference	release_from_proactive_interference
http://data.loterre.fr/ark:/67375/p66-t7fc6mf2-f.0	positivity bias	positivity bias	positivity bias	positivity_bias
http://data.loterre.fr/ark:/67375/p66-t7fc6mf2-f.1	positivity effect	positivity effect	positivity bias	positivity_bias
http://data.loterre.fr/ark:/67375/p66-t7fc6mf2-f.2	positivity memory bias	positivity memory bias	positivity bias	positivity_bias
http://data.loterre.fr/ark:/67375/p66-t7pnwkz6-b.0	pseudoword effect	pseudoword effect	pseudoword effect	pseudoword_effect
http://data.loterre.fr/ark:/67375/p66-tcjtkp1m-t.0	mnemonic time-travel effect	mnemonic time-travel effect	mnemonic time-travel effect	mnemonic_time_travel_effect
http://data.loterre.fr/ark:/67375/p66-tlz79hm8-x.0	distributed practice effect	distributed practice effect	distributed practice effect	distributed_practice_effect
http://data.loterre.fr/ark:/67375/p66-tm823l3j-7.0	anti-reminiscence bump ​	anti-reminiscence bump ​	anti-reminiscence bump ​	anti_reminiscence_bump_​
http://data.loterre.fr/ark:/67375/p66-tppnzqfx-q.0	negativity bias	negativity bias	negativity bias	negativity_bias
http://data.loterre.fr/ark:/67375/p66-tppnzqfx-q.1	negative memory bias	negative memory bias	negativity bias	negativity_bias
http://data.loterre.fr/ark:/67375/p66-tppnzqfx-q.2	negativity effect	negativity effect	negativity bias	negativity_bias
http://data.loterre.fr/ark:/67375/p66-tr8xdz82-3.0	lag-recency effect	lag-recency effect	lag-recency effect	lag_recency_effect
http://data.loterre.fr/ark:/67375/p66-tw7snwz8-5.0	encoding/retrieval flip	encoding/retrieval flip	encoding/retrieval flip	encoding_retrieval_flip
http://data.loterre.fr/ark:/67375/p66-v49kn4ht-l.0	collaborative inhibition	collaborative inhibition	collaborative inhibition	collaborative_inhibition
http://data.loterre.fr/ark:/67375/p66-v6j7tg8r-r.0	list-strength effect	list-strength effect	list-strength effect	list_strength_effect
http://data.loterre.fr/ark:/67375/p66-v6nv3j15-0.0	reminiscence bump	reminiscence bump	reminiscence bump	reminiscence_bump
http://data.loterre.fr/ark:/67375/p66-v6nv3j15-0.1	autobiographical memory bump	autobiographical memory bump	reminiscence bump	reminiscence_bump
http://data.loterre.fr/ark:/67375/p66-v6nv3j15-0.2	reminiscence bump effect	reminiscence bump effect	reminiscence bump	reminiscence_bump
http://data.loterre.fr/ark:/67375/p66-v7bbhcv5-r.0	own-group bias	own-group bias	own-group bias	own_group_bias
http://data.loterre.fr/ark:/67375/p66-v7bbhcv5-r.1	ogb	ogb	own-group bias	own_group_bias
http://data.loterre.fr/ark:/67375/p66-vf8tcgq2-5.0	déjà entendu	déjà entendu	déjà entendu	déjà_entendu
http://data.loterre.fr/ark:/67375/p66-vf8tcgq2-5.1	déjà entendu experience	déjà entendu experience	déjà entendu	déjà_entendu
http://data.loterre.fr/ark:/67375/p66-vf8tcgq2-5.2	déjà entendu sensation	déjà entendu sensation	déjà entendu	déjà_entendu
http://data.loterre.fr/ark:/67375/p66-vhx0x62n-b.0	zombie effect	zombie effect	zombie effect	zombie_effect
http://data.loterre.fr/ark:/67375/p66-vpxz357c-0.0	semantic satiation	semantic satiation	semantic satiation	semantic_satiation
http://data.loterre.fr/ark:/67375/p66-w1gdt3wh-1.0	serial position effect	serial position effect	serial position effect	serial_position_effect
http://data.loterre.fr/ark:/67375/p66-w2jhc3ns-4.0	memory amplification effect	memory amplification effect	memory amplification effect	memory_amplification_effect
http://data.loterre.fr/ark:/67375/p66-w4k5g2gj-s.0	onset repulsion effect	onset repulsion effect	onset repulsion effect	onset_repulsion_effect
http://data.loterre.fr/ark:/67375/p66-w4xl77mt-1.0	self-enhancement bias	self-enhancement bias	self-enhancement bias	self_enhancement_bias
http://data.loterre.fr/ark:/67375/p66-w4xl77mt-1.1	self-enhancement effect	self-enhancement effect	self-enhancement bias	self_enhancement_bias
http://data.loterre.fr/ark:/67375/p66-w4xl77mt-1.2	self-enhancement memory bias	self-enhancement memory bias	self-enhancement bias	self_enhancement_bias
http://data.loterre.fr/ark:/67375/p66-w6b74bsg-7.0	priming effect	priming effect	priming effect	priming_effect
http://data.loterre.fr/ark:/67375/p66-w6b74bsg-7.1	priming	priming	priming effect	priming_effect
http://data.loterre.fr/ark:/67375/p66-w7bzp5kc-m.0	reminiscence (retesting)	reminiscence (retesting)	reminiscence (retesting)	reminiscence_(retesting)
http://data.loterre.fr/ark:/67375/p66-w96gw5qp-6.0	drm memory illusion	drm memory illusion	drm memory illusion	drm_memory_illusion
http://data.loterre.fr/ark:/67375/p66-w96gw5qp-6.1	drm effect	drm effect	drm memory illusion	drm_memory_illusion
http://data.loterre.fr/ark:/67375/p66-w96gw5qp-6.2	drm error	drm error	drm memory illusion	drm_memory_illusion
http://data.loterre.fr/ark:/67375/p66-w96gw5qp-6.3	drm false memory effect	drm false memory effect	drm memory illusion	drm_memory_illusion
http://data.loterre.fr/ark:/67375/p66-w96gw5qp-6.4	drm false memory illusion	drm false memory illusion	drm memory illusion	drm_memory_illusion
http://data.loterre.fr/ark:/67375/p66-w96gw5qp-6.5	drm illusion	drm illusion	drm memory illusion	drm_memory_illusion
http://data.loterre.fr/ark:/67375/p66-w96gw5qp-6.6	deese-roediger-mcdermott false memory	deese-roediger-mcdermott false memory	drm memory illusion	drm_memory_illusion
http://data.loterre.fr/ark:/67375/p66-w96gw5qp-6.7	deese-roediger-mcdermott illusion	deese-roediger-mcdermott illusion	drm memory illusion	drm_memory_illusion
http://data.loterre.fr/ark:/67375/p66-w96gw5qp-6.8	deese-roediger-mcdermott memory illusion	deese-roediger-mcdermott memory illusion	drm memory illusion	drm_memory_illusion
http://data.loterre.fr/ark:/67375/p66-w96gw5qp-6.9	prototype-familiarity illusion	prototype-familiarity illusion	drm memory illusion	drm_memory_illusion
http://data.loterre.fr/ark:/67375/p66-wcn098nl-6.0	cognitive triage effect	cognitive triage effect	cognitive triage effect	cognitive_triage_effect
http://data.loterre.fr/ark:/67375/p66-wcn098nl-6.1	cognitive triage	cognitive triage	cognitive triage effect	cognitive_triage_effect
http://data.loterre.fr/ark:/67375/p66-wfpncw87-h.0	spontaneous recovery (memory)	spontaneous recovery (memory)	spontaneous recovery (memory)	spontaneous_recovery_(memory)
http://data.loterre.fr/ark:/67375/p66-wgl3msg0-8.0	temporal gradient of retroactive interference	temporal gradient of retroactive interference	temporal gradient of retroactive interference	temporal_gradient_of_retroactive_interference
http://data.loterre.fr/ark:/67375/p66-wglb64d4-m.0	composite face effect	composite face effect	composite face effect	composite_face_effect
http://data.loterre.fr/ark:/67375/p66-ws2v394n-q.0	permastore effect	permastore effect	permastore effect	permastore_effect
http://data.loterre.fr/ark:/67375/p66-wvhlfgbg-k.0	photo-taking impairment effect	photo-taking impairment effect	photo-taking impairment effect	photo_taking_impairment_effect
http://data.loterre.fr/ark:/67375/p66-x0vmpjwv-0.0	baker/baker paradox	baker/baker paradox	baker/baker paradox	baker_baker_paradox
http://data.loterre.fr/ark:/67375/p66-x0vmpjwv-0.1	baker/baker effect	baker/baker effect	baker/baker paradox	baker_baker_paradox
http://data.loterre.fr/ark:/67375/p66-x5ggq92x-x.0	retrieval-enhanced suggestibility	retrieval-enhanced suggestibility	retrieval-enhanced suggestibility	retrieval_enhanced_suggestibility
http://data.loterre.fr/ark:/67375/p66-x5ggq92x-x.1	reversed testing effet	reversed testing effet	retrieval-enhanced suggestibility	retrieval_enhanced_suggestibility
http://data.loterre.fr/ark:/67375/p66-xcp4rwpx-w.0	choice-supportive memory	choice-supportive memory	choice-supportive memory	choice_supportive_memory
http://data.loterre.fr/ark:/67375/p66-xcp4rwpx-w.1	choice-supportive misremembering	choice-supportive misremembering	choice-supportive memory	choice_supportive_memory
http://data.loterre.fr/ark:/67375/p66-xdt8fjwp-k.0	mirror effect	mirror effect	mirror effect	mirror_effect
http://data.loterre.fr/ark:/67375/p66-xdt8fjwp-k.1	word frequency mirror effect	word frequency mirror effect	mirror effect	mirror_effect
http://data.loterre.fr/ark:/67375/p66-xjzwk5mv-p.0	test expectancy effect	test expectancy effect	test expectancy effect	test_expectancy_effect
http://data.loterre.fr/ark:/67375/p66-xk66ncj2-8.0	word-frequency effect	word-frequency effect	word-frequency effect	word_frequency_effect
http://data.loterre.fr/ark:/67375/p66-xk66ncj2-8.1	word frequency paradox	word frequency paradox	word-frequency effect	word_frequency_effect
http://data.loterre.fr/ark:/67375/p66-xmtslpkb-q.0	orthographic neighborhood effect	orthographic neighborhood effect	orthographic neighborhood effect	orthographic_neighborhood_effect
http://data.loterre.fr/ark:/67375/p66-xpbd1mg8-9.0	repetition suppression	repetition suppression	repetition suppression	repetition_suppression
http://data.loterre.fr/ark:/67375/p66-xx10bqt0-s.0	jamais vu	jamais vu	jamais vu	jamais_vu
http://data.loterre.fr/ark:/67375/p66-xx10bqt0-s.1	jamais vu experience	jamais vu experience	jamais vu	jamais_vu
http://data.loterre.fr/ark:/67375/p66-xx10bqt0-s.2	jamais vu sensation	jamais vu sensation	jamais vu	jamais_vu
http://data.loterre.fr/ark:/67375/p66-z1ng7zh0-c.0	pupil old/new effect	pupil old/new effect	pupil old/new effect	pupil_old_new_effect
http://data.loterre.fr/ark:/67375/p66-z4wgbk48-x.0	conjunction error	conjunction error	conjunction error	conjunction_error
http://data.loterre.fr/ark:/67375/p66-z65l5pqd-m.0	category size effect	category size effect	category size effect	category_size_effect
http://data.loterre.fr/ark:/67375/p66-z672s9c8-t.0	complementarity effect	complementarity effect	complementarity effect	complementarity_effect
http://data.loterre.fr/ark:/67375/p66-z6dzpvmp-5.0	production deficiency	production deficiency	production deficiency	production_deficiency
http://data.loterre.fr/ark:/67375/p66-zhqn9z5v-7.0	inverse modality effect	inverse modality effect	inverse modality effect	inverse_modality_effect
http://data.loterre.fr/ark:/67375/p66-znsskb5p-h.0	reverse interference effect	reverse interference effect	reverse interference effect	reverse_interference_effect
http://data.loterre.fr/ark:/67375/p66-zqj9zv3z-p.0	recognition without identification	recognition without identification	recognition without identification	recognition_without_identification
http://data.loterre.fr/ark:/67375/p66-zrjlcr1v-3.0	transposition error	transposition error	transposition error	transposition_error
http://data.loterre.fr/ark:/67375/p66-zsz6gl19-t.0	error-pruning effect	error-pruning effect	error-pruning effect	error_pruning_effect
http://data.loterre.fr/ark:/67375/p66-zwh2jfbc-2.0	mere exposure effect	mere exposure effect	mere exposure effect	mere_exposure_effect
http://data.loterre.fr/ark:/67375/p66-fw2kqbfz-4.0	foresight bias	foresight bias	foresight bias	foresight_bias
http://data.loterre.fr/ark:/67375/p66-g8nmqwbs-b.0	underconfidence-with-practice effect	underconfidence-with-practice effect	underconfidence-with-practice effect	underconfidence_with_practice_effect
http://data.loterre.fr/ark:/67375/p66-g8nmqwbs-b.1	uwp	uwp	underconfidence-with-practice effect	underconfidence_with_practice_effect
http://data.loterre.fr/ark:/67375/p66-jbprw023-4.0	hypercorrection effect	hypercorrection effect	hypercorrection effect	hypercorrection_effect
http://data.loterre.fr/ark:/67375/p66-jbprw023-4.1	hypercorrection phenomenon	hypercorrection phenomenon	hypercorrection effect	hypercorrection_effect
http://data.loterre.fr/ark:/67375/p66-l3ptdptv-6.0	stability bias	stability bias	stability bias	stability_bias
http://data.loterre.fr/ark:/67375/p66-l7m13sp4-c.0	font size illusion	font size illusion	font size illusion	font_size_illusion
http://data.loterre.fr/ark:/67375/p66-l7m13sp4-c.1	font size effect	font size effect	font size illusion	font_size_illusion
http://data.loterre.fr/ark:/67375/p66-ngfltjhl-z.0	hard-easy effect	hard-easy effect	hard-easy effect	hard_easy_effect
http://data.loterre.fr/ark:/67375/p66-txj400l9-f.0	metacognitive bias	metacognitive bias	metacognitive bias	metacognitive_bias
http://data.loterre.fr/ark:/67375/p66-x3nq6zrj-h.0	metamemory expectancy illusion	metamemory expectancy illusion	metamemory expectancy illusion	metamemory_expectancy_illusion
http://data.loterre.fr/ark:/67375/p66-xk2p2kt7-h.0	delayed judgment of learning effect	delayed judgment of learning effect	delayed judgment of learning effect	delayed_judgment_of_learning_effect
http://data.loterre.fr/ark:/67375/p66-xk2p2kt7-h.1	delayed jol effect	delayed jol effect	delayed judgment of learning effect	delayed_judgment_of_learning_effect
http://data.loterre.fr/ark:/67375/p66-z7brccv6-6.0	remembered success effect	remembered success effect	remembered success effect	remembered_success_effect
http://data.loterre.fr/ark:/67375/p66-dp4rw8mw-0.0	escape	escape	escape conditioning	escape_conditioning
http://data.loterre.fr/ark:/67375/p66-dp4rw8mw-0.1	escape behavior	escape behavior	escape conditioning	escape_conditioning
http://data.loterre.fr/ark:/67375/p66-dp4rw8mw-0.2	escape learning	escape learning	escape conditioning	escape_conditioning
http://data.loterre.fr/ark:/67375/p66-dp4rw8mw-0.3	escape training	escape training	escape conditioning	escape_conditioning
http://data.loterre.fr/ark:/67375/p66-kzmbqxlm-8.0	latent inhibition	latent inhibition	latent inhibition	latent_inhibition
http://data.loterre.fr/ark:/67375/p66-kzmbqxlm-8.1	conditioned stimulus preexposure effect ​	conditioned stimulus preexposure effect ​	latent inhibition	latent_inhibition
http://data.loterre.fr/ark:/67375/p66-qsmg7khs-k.0	dishabituation	dishabituation	dishabituation	dishabituation
http://data.loterre.fr/ark:/67375/p66-rd88zh84-6.0	habituation	habituation	habituation	habituation
http://data.loterre.fr/ark:/67375/p66-x5jqlj89-8.0	spontaneous recovery (conditioning)	spontaneous recovery (conditioning)	spontaneous recovery (conditioning)	spontaneous_recovery_(conditioning)
http://data.loterre.fr/ark:/67375/p66-xf298bvv-j.0	avoidance	avoidance	avoidance conditioning	avoidance_conditioning
http://data.loterre.fr/ark:/67375/p66-xf298bvv-j.1	avoidance learning	avoidance learning	avoidance conditioning	avoidance_conditioning
http://data.loterre.fr/ark:/67375/p66-xfvds1tb-p.0	stimulus generalization	stimulus generalization	stimulus generalization	stimulus_generalization
http://data.loterre.fr/ark:/67375/p66-xxz15g8m-d.0	extinction	extinction	extinction	extinction
http://data.loterre.fr/ark:/67375/p66-hn3ff41c-0.0	inattentional blindness	inattentional blindness	inattentional blindness	inattentional_blindness
http://data.loterre.fr/ark:/67375/p66-kj1lk8pp-2.0	change blindness	change blindness	change blindness	change_blindness
http://data.loterre.fr/ark:/67375/p66-m931g1n6-g.0	attentional blink	attentional blink	attentional blink	attentional_blink
http://data.loterre.fr/ark:/67375/p66-d7r4dg0w-p.0	false confession	false confession	false confession	false_confession
http://data.loterre.fr/ark:/67375/p66-f3d2prx3-j.0	false recognition	false recognition	false recognition	false_recognition
http://data.loterre.fr/ark:/67375/p66-j9p6j5tj-s.0	misleading information	misleading information	misleading information	misleading_information
http://data.loterre.fr/ark:/67375/p66-j9p6j5tj-s.1	post-event information	post-event information	misleading information	misleading_information
http://data.loterre.fr/ark:/67375/p66-jmp5tz09-x.0	taxonomic relation	taxonomic relation	taxonomic relation	taxonomic_relation
http://data.loterre.fr/ark:/67375/p66-jmp5tz09-x.1	categorical relation	categorical relation	taxonomic relation	taxonomic_relation
http://data.loterre.fr/ark:/67375/p66-k7mfjhf0-c.0	system variable	system variable	system variable	system_variable
http://data.loterre.fr/ark:/67375/p66-ldpsd5bj-9.0	word frequency	word frequency	word frequency	word_frequency
http://data.loterre.fr/ark:/67375/p66-lfwncphh-c.0	false recall	false recall	false recall	false_recall
http://data.loterre.fr/ark:/67375/p66-m2tdkt00-p.0	reflector variable	reflector variable	reflector variable	reflector_variable
http://data.loterre.fr/ark:/67375/p66-msc3kqgd-f.0	thematic relation	thematic relation	thematic relation	thematic_relation
http://data.loterre.fr/ark:/67375/p66-n93w196p-4.0	testimony	testimony	testimony	testimony
http://data.loterre.fr/ark:/67375/p66-n93w196p-4.1	witness memory	witness memory	testimony	testimony
http://data.loterre.fr/ark:/67375/p66-n93w196p-4.2	witness testimony	witness testimony	testimony	testimony
http://data.loterre.fr/ark:/67375/p66-ppn0k9mn-h.0	response bias	response bias	response bias	response_bias
http://data.loterre.fr/ark:/67375/p66-ppn0k9mn-h.1	conservative criterion	conservative criterion	response bias	response_bias
http://data.loterre.fr/ark:/67375/p66-ppn0k9mn-h.2	liberal criterion	liberal criterion	response bias	response_bias
http://data.loterre.fr/ark:/67375/p66-ppn0k9mn-h.3	response criterion	response criterion	response bias	response_bias
http://data.loterre.fr/ark:/67375/p66-pz86x4b4-3.0	commission error	commission error	commission error	commission_error
http://data.loterre.fr/ark:/67375/p66-pz86x4b4-3.1	error of commission	error of commission	commission error	commission_error
http://data.loterre.fr/ark:/67375/p66-qxjx3zn8-1.0	word imageability	word imageability	word imageability	word_imageability
http://data.loterre.fr/ark:/67375/p66-r749gzlj-f.0	estimator variable	estimator variable	estimator variable	estimator_variable
http://data.loterre.fr/ark:/67375/p66-rfz3xshr-1.0	age of acquisition	age of acquisition	age of acquisition	age_of_acquisition
http://data.loterre.fr/ark:/67375/p66-sq2mhwhn-q.0	associative strength	associative strength	associative strength	associative_strength
http://data.loterre.fr/ark:/67375/p66-xf72xkl5-c.0	omission error	omission error	omission error	omission_error
http://data.loterre.fr/ark:/67375/p66-xf72xkl5-c.1	error of omission	error of omission	omission error	omission_error
http://data.loterre.fr/ark:/67375/p66-xrfjw2wc-1.0	false alarm	false alarm	false alarm	false_alarm
http://data.loterre.fr/ark:/67375/p66-gjz75tcv-p.0	production rule	production rule	production rule	production_rule
http://data.loterre.fr/ark:/67375/p66-kd7xv1jk-l.0	node	node	node	node
http://data.loterre.fr/ark:/67375/p66-zltcnnk4-h.0	proposition	proposition	proposition	proposition
http://data.loterre.fr/ark:/67375/p66-zfr36kvn-b.0	testable hypothesis	testable hypothesis	testable hypothesis	testable_hypothesis
http://data.loterre.fr/ark:/67375/p66-zfr36kvn-b.1	hypothesis	hypothesis	testable hypothesis	testable_hypothesis
http://data.loterre.fr/ark:/67375/p66-kf6vnw4h-5.0	power function	power function	power function	power_function
http://data.loterre.fr/ark:/67375/p66-kf6vnw4h-5.1	power law	power law	power function	power_function
http://data.loterre.fr/ark:/67375/p66-l4czrtg5-8.0	sat function	sat function	sat function	sat_function
http://data.loterre.fr/ark:/67375/p66-l4czrtg5-8.1	speed-accuracy trade-off function	speed-accuracy trade-off function	sat function	sat_function
http://data.loterre.fr/ark:/67375/p66-zx2qqs33-x.0	cumulative recall function	cumulative recall function	cumulative recall function	cumulative_recall_function
http://data.loterre.fr/ark:/67375/p66-fk9616b8-3.0	hebb's rule	hebb's rule	hebb's rule	hebbs_rule
http://data.loterre.fr/ark:/67375/p66-fk9616b8-3.1	hebbian learning	hebbian learning	hebb's rule	hebbs_rule
http://data.loterre.fr/ark:/67375/p66-fxm2s5m3-p.0	backpropagation	backpropagation	backpropagation	backpropagation
http://data.loterre.fr/ark:/67375/p66-k07mzl4h-5.0	glove	glove	glove	glove
http://data.loterre.fr/ark:/67375/p66-k07mzl4h-5.1	global vector for word representation	global vector for word representation	glove	glove
http://data.loterre.fr/ark:/67375/p66-k412cml4-3.0	latent semantic analysis	latent semantic analysis	latent semantic analysis	latent_semantic_analysis
http://data.loterre.fr/ark:/67375/p66-k412cml4-3.1	lsa	lsa	latent semantic analysis	latent_semantic_analysis
http://data.loterre.fr/ark:/67375/p66-mgx3fnfd-5.0	word2vec	word2vec	word2vec	word2vec
http://data.loterre.fr/ark:/67375/p66-mxrnpmnb-3.0	feature2vec	feature2vec	feature2vec	feature2vec
http://data.loterre.fr/ark:/67375/p66-xcclzsq5-8.0	transformer	transformer	transformer	transformer
http://data.loterre.fr/ark:/67375/p66-xcclzsq5-8.1	self-attention model	self-attention model	transformer	transformer
http://data.loterre.fr/ark:/67375/p66-xcclzsq5-8.2	transformer network	transformer network	transformer	transformer
http://data.loterre.fr/ark:/67375/p66-xcclzsq5-8.3	transformer neural network	transformer neural network	transformer	transformer
http://data.loterre.fr/ark:/67375/p66-mmpd886d-4.0	computational model	computational model	computational model	computational_model
http://data.loterre.fr/ark:/67375/p66-mmpd886d-4.1	computational modeling	computational modeling	computational model	computational_model
http://data.loterre.fr/ark:/67375/p66-mmpd886d-4.2	quantitative model	quantitative model	computational model	computational_model
http://data.loterre.fr/ark:/67375/p66-mmpd886d-4.3	simulation model	simulation model	computational model	computational_model
http://data.loterre.fr/ark:/67375/p66-c17ph0zp-s.0	transfer and retroaction surface	transfer and retroaction surface	transfer and retroaction surface	transfer_and_retroaction_surface
http://data.loterre.fr/ark:/67375/p66-cjpgfsv6-1.0	confidence-accuracy characteristic curve	confidence-accuracy characteristic curve	confidence-accuracy characteristic curve	confidence_accuracy_characteristic_curve
http://data.loterre.fr/ark:/67375/p66-cjpgfsv6-1.1	cac curve	cac curve	confidence-accuracy characteristic curve	confidence_accuracy_characteristic_curve
http://data.loterre.fr/ark:/67375/p66-dspsn23h-q.0	forgetting curve	forgetting curve	forgetting curve	forgetting_curve
http://data.loterre.fr/ark:/67375/p66-dspsn23h-q.1	retention curve	retention curve	forgetting curve	forgetting_curve
http://data.loterre.fr/ark:/67375/p66-dspsn23h-q.2	retention function	retention function	forgetting curve	forgetting_curve
http://data.loterre.fr/ark:/67375/p66-g5dpsmmh-1.0	calibration curve	calibration curve	calibration curve	calibration_curve
http://data.loterre.fr/ark:/67375/p66-jckz7cc9-5.0	learning curve	learning curve	learning curve	learning_curve
http://data.loterre.fr/ark:/67375/p66-jckz7cc9-5.1	acquisition curve	acquisition curve	learning curve	learning_curve
http://data.loterre.fr/ark:/67375/p66-sjjk5r2d-t.0	serial position curve	serial position curve	serial position curve	serial_position_curve
http://data.loterre.fr/ark:/67375/p66-vqcr9nww-h.0	roc curve	roc curve	roc curve	roc_curve
http://data.loterre.fr/ark:/67375/p66-vqcr9nww-h.1	moc function	moc function	roc curve	roc_curve
http://data.loterre.fr/ark:/67375/p66-vqcr9nww-h.2	roc function	roc function	roc curve	roc_curve
http://data.loterre.fr/ark:/67375/p66-vqcr9nww-h.3	isomnemonic function	isomnemonic function	roc curve	roc_curve
http://data.loterre.fr/ark:/67375/p66-vqcr9nww-h.4	memory operating characteristics	memory operating characteristics	roc curve	roc_curve
http://data.loterre.fr/ark:/67375/p66-vqcr9nww-h.5	receiver operating characteristic curve	receiver operating characteristic curve	roc curve	roc_curve
http://data.loterre.fr/ark:/67375/p66-cfhph2tz-0.0	legalpsych	legalpsych	legalpsych	legalpsych
http://data.loterre.fr/ark:/67375/p66-hqvx9tl0-0.0	sdtlu	sdtlu	sdtlu	sdtlu
http://data.loterre.fr/ark:/67375/p66-hqvx9tl0-0.1	signal detection theory – lineup	signal detection theory – lineup	sdtlu	sdtlu
http://data.loterre.fr/ark:/67375/p66-jj0slrb7-l.0	pywitness	pywitness	pywitness	pywitness
http://data.loterre.fr/ark:/67375/p66-m6pcgsjm-j.0	lrd	lrd	lrd	lrd
http://data.loterre.fr/ark:/67375/p66-nrb6t6sw-5.0	fullroc	fullroc	fullroc	fullroc
http://data.loterre.fr/ark:/67375/p66-b7mb8jbl-p.0	percent correct recall	percent correct recall	percent correct recall	percent_correct_recall
http://data.loterre.fr/ark:/67375/p66-bb8bqfj5-g.0	synaptic weight	synaptic weight	synaptic weight	synaptic_weight
http://data.loterre.fr/ark:/67375/p66-bg9rsm0s-f.0	degree centrality	degree centrality	degree centrality	degree_centrality
http://data.loterre.fr/ark:/67375/p66-bgqf72pc-l.0	adjusted normalized resolution index	adjusted normalized resolution index	adjusted normalized resolution index	adjusted_normalized_resolution_index
http://data.loterre.fr/ark:/67375/p66-bgqf72pc-l.1	anri	anri	adjusted normalized resolution index	adjusted_normalized_resolution_index
http://data.loterre.fr/ark:/67375/p66-c6kfw6jl-f.0	d' index	d' index	d' index	d_index
http://data.loterre.fr/ark:/67375/p66-c6kfw6jl-f.1	d prime	d prime	d' index	d_index
http://data.loterre.fr/ark:/67375/p66-c6kfw6jl-f.2	d' score	d' score	d' index	d_index
http://data.loterre.fr/ark:/67375/p66-chzj0pxv-2.0	retention interval	retention interval	retention interval	retention_interval
http://data.loterre.fr/ark:/67375/p66-chzj0pxv-2.1	retention delay	retention delay	retention interval	retention_interval
http://data.loterre.fr/ark:/67375/p66-d6kfvjr4-6.0	transposition gradient	transposition gradient	transposition gradient	transposition_gradient
http://data.loterre.fr/ark:/67375/p66-dfh3s91p-s.0	g coefficient	g coefficient	goodman-kruskal gamma correlation coefficient	goodman_kruskal_gamma_correlation_coefficient
http://data.loterre.fr/ark:/67375/p66-dfh3s91p-s.1	gamma correlation	gamma correlation	goodman-kruskal gamma correlation coefficient	goodman_kruskal_gamma_correlation_coefficient
http://data.loterre.fr/ark:/67375/p66-f2q8pdz7-c.0	chronometry	chronometry	chronometry	chronometry
http://data.loterre.fr/ark:/67375/p66-f2q8pdz7-c.1	chronometric analysis	chronometric analysis	chronometry	chronometry
http://data.loterre.fr/ark:/67375/p66-f2q8pdz7-c.2	mental chronometry	mental chronometry	chronometry	chronometry
http://data.loterre.fr/ark:/67375/p66-f9jxmc5g-m.0	arc index	arc index	arc index	arc_index
http://data.loterre.fr/ark:/67375/p66-f9jxmc5g-m.1	adjusted ratio of clustering	adjusted ratio of clustering	arc index	arc_index
http://data.loterre.fr/ark:/67375/p66-fbsgz1h3-p.0	typicality gradient	typicality gradient	typicality gradient	typicality_gradient
http://data.loterre.fr/ark:/67375/p66-fff9l6n6-8.0	stimulus-onset asynchrony	stimulus-onset asynchrony	stimulus-onset asynchrony	stimulus_onset_asynchrony
http://data.loterre.fr/ark:/67375/p66-fff9l6n6-8.1	soa	soa	stimulus-onset asynchrony	stimulus_onset_asynchrony
http://data.loterre.fr/ark:/67375/p66-gjl9pm2n-m.0	diagnosticity ratio	diagnosticity ratio	diagnosticity ratio	diagnosticity_ratio
http://data.loterre.fr/ark:/67375/p66-jqql3rvv-p.0	pupillometry	pupillometry	pupillometry	pupillometry
http://data.loterre.fr/ark:/67375/p66-jqql3rvv-p.1	pupil change	pupil change	pupillometry	pupillometry
http://data.loterre.fr/ark:/67375/p66-jqql3rvv-p.2	pupil diameter	pupil diameter	pupillometry	pupillometry
http://data.loterre.fr/ark:/67375/p66-jqql3rvv-p.3	pupil dilatation	pupil dilatation	pupillometry	pupillometry
http://data.loterre.fr/ark:/67375/p66-jqql3rvv-p.4	pupil dilation	pupil dilation	pupillometry	pupillometry
http://data.loterre.fr/ark:/67375/p66-jqql3rvv-p.5	pupil-size change	pupil-size change	pupillometry	pupillometry
http://data.loterre.fr/ark:/67375/p66-k67vtjld-w.0	meta-d'	meta-d'	meta-d'	meta_d
http://data.loterre.fr/ark:/67375/p66-kfspkcgs-b.0	phonotactic frequency	phonotactic frequency	phonotactic frequency	phonotactic_frequency
http://data.loterre.fr/ark:/67375/p66-klmdb2pp-t.0	memory capacity	memory capacity	memory capacity	memory_capacity
http://data.loterre.fr/ark:/67375/p66-klmdb2pp-t.1	limited capacity storage	limited capacity storage	memory capacity	memory_capacity
http://data.loterre.fr/ark:/67375/p66-klmdb2pp-t.2	memorial capacity	memorial capacity	memory capacity	memory_capacity
http://data.loterre.fr/ark:/67375/p66-klmdb2pp-t.3	storage capacity	storage capacity	memory capacity	memory_capacity
http://data.loterre.fr/ark:/67375/p66-lc14vv20-z.0	saving method	saving method	saving method	saving_method
http://data.loterre.fr/ark:/67375/p66-m0vc2pd0-1.0	calibration	calibration	calibration	calibration
http://data.loterre.fr/ark:/67375/p66-mr6ctn84-b.0	"b"" measure"	"b"" measure"	"b"" measure"	b_measure
http://data.loterre.fr/ark:/67375/p66-mr6ctn84-b.1	b prime prime	b prime prime	"b"" measure"	b_measure
http://data.loterre.fr/ark:/67375/p66-mr6ctn84-b.2	"b"" index"	"b"" index"	"b"" measure"	b_measure
http://data.loterre.fr/ark:/67375/p66-n6tqtnvl-j.0	a' measure	a' measure	a' measure	a_measure
http://data.loterre.fr/ark:/67375/p66-n8wc9x0k-0.0	positive predictive value	positive predictive value	positive predictive value	positive_predictive_value
http://data.loterre.fr/ark:/67375/p66-n8wc9x0k-0.1	ppv	ppv	positive predictive value	positive_predictive_value
http://data.loterre.fr/ark:/67375/p66-n8wc9x0k-0.2	probative value	probative value	positive predictive value	positive_predictive_value
http://data.loterre.fr/ark:/67375/p66-qd333c1g-w.0	β index	β index	β index	β_index
http://data.loterre.fr/ark:/67375/p66-qd333c1g-w.1	beta index	beta index	β index	β_index
http://data.loterre.fr/ark:/67375/p66-qd333c1g-w.2	beta measure	beta measure	β index	β_index
http://data.loterre.fr/ark:/67375/p66-qd333c1g-w.3	β measure	β measure	β index	β_index
http://data.loterre.fr/ark:/67375/p66-ssc18scr-g.0	percent correct recognition	percent correct recognition	percent correct recognition	percent_correct_recognition
http://data.loterre.fr/ark:/67375/p66-tbg45wfw-w.0	perceptual span	perceptual span	perceptual span	perceptual_span
http://data.loterre.fr/ark:/67375/p66-tbg45wfw-w.1	field of effective vision	field of effective vision	perceptual span	perceptual_span
http://data.loterre.fr/ark:/67375/p66-tbg45wfw-w.2	visual span	visual span	perceptual span	perceptual_span
http://data.loterre.fr/ark:/67375/p66-tfs69v6f-g.0	semantic distance	semantic distance	semantic distance	semantic_distance
http://data.loterre.fr/ark:/67375/p66-tfs69v6f-g.1	semantic relatedness	semantic relatedness	semantic distance	semantic_distance
http://data.loterre.fr/ark:/67375/p66-tfs69v6f-g.2	semantic similarity	semantic similarity	semantic distance	semantic_distance
http://data.loterre.fr/ark:/67375/p66-z8lw3896-p.0	corrected hit probability	corrected hit probability	corrected hit probability	corrected_hit_probability
http://data.loterre.fr/ark:/67375/p66-z8lw3896-p.1	chr	chr	corrected hit probability	corrected_hit_probability
http://data.loterre.fr/ark:/67375/p66-z95xbvrg-r.0	retrieval dependency	retrieval dependency	retrieval dependency	retrieval_dependency
http://data.loterre.fr/ark:/67375/p66-sd1rzxdp-l.0	extra-list cue	extra-list cue	extra-list cue	extra_list_cue
http://data.loterre.fr/ark:/67375/p66-vzfj96ts-5.0	intra-list cue	intra-list cue	intra-list cue	intra_list_cue
http://data.loterre.fr/ark:/67375/p66-c61gf8r6-g.0	cued recall task	cued recall task	cued recall task	cued_recall_task
http://data.loterre.fr/ark:/67375/p66-hm6sf432-r.0	time-based prospective memory	time-based prospective memory	time-based prospective memory	time_based_prospective_memory
http://data.loterre.fr/ark:/67375/p66-hm6sf432-r.1	time-cued prospective memory	time-cued prospective memory	time-based prospective memory	time_based_prospective_memory
http://data.loterre.fr/ark:/67375/p66-k00cjvrd-g.0	graphemic cued recall task	graphemic cued recall task	graphemic cued recall task	graphemic_cued_recall_task
http://data.loterre.fr/ark:/67375/p66-k00cjvrd-g.1	graphemic cued recall test	graphemic cued recall test	graphemic cued recall task	graphemic_cued_recall_task
http://data.loterre.fr/ark:/67375/p66-q7s86fzw-7.0	part-set cuing task	part-set cuing task	part-set cuing task	part_set_cuing_task
http://data.loterre.fr/ark:/67375/p66-q7s86fzw-7.1	part-list cuing paradigm	part-list cuing paradigm	part-set cuing task	part_set_cuing_task
http://data.loterre.fr/ark:/67375/p66-q7s86fzw-7.2	part-list cuing task	part-list cuing task	part-set cuing task	part_set_cuing_task
http://data.loterre.fr/ark:/67375/p66-r1tpwrj0-z.0	ecphoric information	ecphoric information	ecphoric information	ecphoric_information
http://data.loterre.fr/ark:/67375/p66-rdmqhjmb-6.0	selective retrieval	selective retrieval	selective retrieval	selective_retrieval
http://data.loterre.fr/ark:/67375/p66-rdmqhjmb-6.1	partial retrieval	partial retrieval	selective retrieval	selective_retrieval
http://data.loterre.fr/ark:/67375/p66-s8pljhq6-7.0	vanishing cues method	vanishing cues method	vanishing cues method	vanishing_cues_method
http://data.loterre.fr/ark:/67375/p66-smcr5mh1-m.0	contextual fluctuation	contextual fluctuation	contextual fluctuation	contextual_fluctuation
http://data.loterre.fr/ark:/67375/p66-smcr5mh1-m.1	contextual change	contextual change	contextual fluctuation	contextual_fluctuation
http://data.loterre.fr/ark:/67375/p66-t8vtz1md-z.0	general abstract processing system model	general abstract processing system model	general abstract processing system model	general_abstract_processing_system_model
http://data.loterre.fr/ark:/67375/p66-t8vtz1md-z.1	gaps	gaps	general abstract processing system model	general_abstract_processing_system_model
http://data.loterre.fr/ark:/67375/p66-t8vtz1md-z.2	gaps model	gaps model	general abstract processing system model	general_abstract_processing_system_model
http://data.loterre.fr/ark:/67375/p66-xftfcgn2-v.0	cue-overload principle	cue-overload principle	cue-overload principle	cue_overload_principle
http://data.loterre.fr/ark:/67375/p66-zxq7wltt-k.0	event-based prospective memory	event-based prospective memory	event-based prospective memory	event_based_prospective_memory
http://data.loterre.fr/ark:/67375/p66-zxq7wltt-k.1	eb-pm	eb-pm	event-based prospective memory	event_based_prospective_memory
http://data.loterre.fr/ark:/67375/p66-jtbtsv2r-b.0	montreal cognitive assessment	montreal cognitive assessment	montreal cognitive assessment	montreal_cognitive_assessment
http://data.loterre.fr/ark:/67375/p66-jtbtsv2r-b.1	moca	moca	montreal cognitive assessment	montreal_cognitive_assessment
http://data.loterre.fr/ark:/67375/p66-sxmp58k1-1.0	trail making test	trail making test	trail making test	trail_making_test
http://data.loterre.fr/ark:/67375/p66-w1zlmwdl-f.0	neuropsychological test	neuropsychological test	neuropsychological test	neuropsychological_test
http://data.loterre.fr/ark:/67375/p66-w1zlmwdl-f.1	neuropsychological assessment	neuropsychological assessment	neuropsychological test	neuropsychological_test
http://data.loterre.fr/ark:/67375/p66-w1zlmwdl-f.2	neuropsychological battery	neuropsychological battery	neuropsychological test	neuropsychological_test
http://data.loterre.fr/ark:/67375/p66-w1zlmwdl-f.3	neuropsychological testing	neuropsychological testing	neuropsychological test	neuropsychological_test
http://data.loterre.fr/ark:/67375/p66-zdmsgdbl-q.0	virtual reality everyday assessment lab	virtual reality everyday assessment lab	virtual reality everyday assessment lab	virtual_reality_everyday_assessment_lab
http://data.loterre.fr/ark:/67375/p66-zdmsgdbl-q.1	vr-eal	vr-eal	virtual reality everyday assessment lab	virtual_reality_everyday_assessment_lab
http://data.loterre.fr/ark:/67375/p66-gnbk2l59-k.0	memory disorder	memory disorder	memory disorder	memory_disorder
http://data.loterre.fr/ark:/67375/p66-gnbk2l59-k.1	memory deficit	memory deficit	memory disorder	memory_disorder
http://data.loterre.fr/ark:/67375/p66-gnbk2l59-k.2	memory deterioration	memory deterioration	memory disorder	memory_disorder
http://data.loterre.fr/ark:/67375/p66-gnbk2l59-k.3	memory failure	memory failure	memory disorder	memory_disorder
http://data.loterre.fr/ark:/67375/p66-gnbk2l59-k.4	memory impairment	memory impairment	memory disorder	memory_disorder
http://data.loterre.fr/ark:/67375/p66-m7rwcxwh-q.0	mild cognitive impairment	mild cognitive impairment	mild cognitive impairment	mild_cognitive_impairment
http://data.loterre.fr/ark:/67375/p66-m7rwcxwh-q.1	mci	mci	mild cognitive impairment	mild_cognitive_impairment
http://data.loterre.fr/ark:/67375/p66-qwpdf38s-8.0	aphantasia	aphantasia	aphantasia	aphantasia
http://data.loterre.fr/ark:/67375/p66-qwpdf38s-8.1	blind imagination	blind imagination	aphantasia	aphantasia
http://data.loterre.fr/ark:/67375/p66-qwpdf38s-8.2	congenital aphantasia	congenital aphantasia	aphantasia	aphantasia
http://data.loterre.fr/ark:/67375/p66-qwpdf38s-8.3	defective revisualizatiion	defective revisualizatiion	aphantasia	aphantasia
http://data.loterre.fr/ark:/67375/p66-qwpdf38s-8.4	image generation process deficit	image generation process deficit	aphantasia	aphantasia
http://data.loterre.fr/ark:/67375/p66-qwpdf38s-8.5	visual irreminiscence	visual irreminiscence	aphantasia	aphantasia
http://data.loterre.fr/ark:/67375/p66-drps0tbc-h.0	false autobiographical belief	false autobiographical belief	false autobiographical belief	false_autobiographical_belief
http://data.loterre.fr/ark:/67375/p66-drps0tbc-h.1	induced false belief	induced false belief	false autobiographical belief	false_autobiographical_belief
http://data.loterre.fr/ark:/67375/p66-jzhw2nf2-g.0	intellectual ability	intellectual ability	intelligence	intelligence
http://data.loterre.fr/ark:/67375/p66-jzhw2nf2-g.1	intellectual capability	intellectual capability	intelligence	intelligence
http://data.loterre.fr/ark:/67375/p66-jzhw2nf2-g.2	intellectual disposition	intellectual disposition	intelligence	intelligence
http://data.loterre.fr/ark:/67375/p66-mtsl0lx7-3.0	cognitive reserve	cognitive reserve	cognitive reserve	cognitive_reserve
http://data.loterre.fr/ark:/67375/p66-n6qv4dtj-w.0	attention	attention	attention	attention
http://data.loterre.fr/ark:/67375/p66-p3pc7cz3-d.0	memory	memory	memory	memory
http://data.loterre.fr/ark:/67375/p66-p3pc7cz3-d.1	memory disposition	memory disposition	memory	memory
http://data.loterre.fr/ark:/67375/p66-p3pc7cz3-d.2	memory function	memory function	memory	memory
http://data.loterre.fr/ark:/67375/p66-p3pc7cz3-d.3	memory system	memory system	memory	memory
http://data.loterre.fr/ark:/67375/p66-p3pc7cz3-d.4	mnemonic function	mnemonic function	memory	memory
http://data.loterre.fr/ark:/67375/p66-p3pc7cz3-d.5	mnesic function	mnesic function	memory	memory
http://data.loterre.fr/ark:/67375/p66-r9dc7tzn-9.0	learning	learning	learning	learning
http://data.loterre.fr/ark:/67375/p66-rn8l4f8q-9.0	theory of mind	theory of mind	theory of mind	theory_of_mind
http://data.loterre.fr/ark:/67375/p66-rn8l4f8q-9.1	mindreading	mindreading	theory of mind	theory_of_mind
http://data.loterre.fr/ark:/67375/p66-t450wfpf-2.0	language	language	language	language
http://data.loterre.fr/ark:/67375/p66-xv9rqqs0-9.0	mental representation	mental representation	mental representation	mental_representation
http://data.loterre.fr/ark:/67375/p66-xv9rqqs0-9.1	cognitive representation	cognitive representation	mental representation	mental_representation
http://data.loterre.fr/ark:/67375/p66-tmhzz0g7-f.0	embodied cognition	embodied cognition	embodied cognition	embodied_cognition
http://data.loterre.fr/ark:/67375/p66-tmhzz0g7-f.1	embodiment	embodiment	embodied cognition	embodied_cognition
http://data.loterre.fr/ark:/67375/p66-kcj85pl3-0.0	recognition task	recognition task	recognition task	recognition_task
http://data.loterre.fr/ark:/67375/p66-kcj85pl3-0.1	recognition paradigm	recognition paradigm	recognition task	recognition_task
http://data.loterre.fr/ark:/67375/p66-kcj85pl3-0.2	recognition test	recognition test	recognition task	recognition_task
http://data.loterre.fr/ark:/67375/p66-m1qjm17d-7.0	jost's laws	jost's laws	jost's laws	josts_laws
http://data.loterre.fr/ark:/67375/p66-m1qjm17d-7.1	jost's memory laws	jost's memory laws	jost's laws	josts_laws
http://data.loterre.fr/ark:/67375/p66-m1qjm17d-7.2	jost’s first law	jost’s first law	jost's laws	josts_laws
http://data.loterre.fr/ark:/67375/p66-m1qjm17d-7.3	jost’s first memory law	jost’s first memory law	jost's laws	josts_laws
http://data.loterre.fr/ark:/67375/p66-m1qjm17d-7.4	jost’s second law	jost’s second law	jost's laws	josts_laws
http://data.loterre.fr/ark:/67375/p66-m1qjm17d-7.5	jost’s second memory law	jost’s second memory law	jost's laws	josts_laws
http://data.loterre.fr/ark:/67375/p66-prjpctr5-5.0	storage	storage	storage	storage
http://data.loterre.fr/ark:/67375/p66-prjpctr5-5.1	trace storage	trace storage	storage	storage
http://data.loterre.fr/ark:/67375/p66-tlsbwwjv-b.0	familiarity	familiarity	familiarity	familiarity
http://data.loterre.fr/ark:/67375/p66-vc9twvj8-d.0	recognition memory	recognition memory	recognition memory	recognition_memory
http://data.loterre.fr/ark:/67375/p66-vdvmxxp9-c.0	signal detection theory	signal detection theory	signal detection theory	signal_detection_theory
http://data.loterre.fr/ark:/67375/p66-vdvmxxp9-c.1	sdt	sdt	signal detection theory	signal_detection_theory
http://data.loterre.fr/ark:/67375/p66-vdvmxxp9-c.2	signal detection model	signal detection model	signal detection theory	signal_detection_theory
http://data.loterre.fr/ark:/67375/p66-d9p5d68c-r.0	event cluster	event cluster	event cluster	event_cluster
http://data.loterre.fr/ark:/67375/p66-rc6sjmdw-r.0	memory experiences questionnaire	memory experiences questionnaire	memory experiences questionnaire	memory_experiences_questionnaire
http://data.loterre.fr/ark:/67375/p66-xfmn6cn4-9.0	autographical memory characteristics questionnaire	autographical memory characteristics questionnaire	autographical memory characteristics questionnaire	autographical_memory_characteristics_questionnaire
http://data.loterre.fr/ark:/67375/p66-xfmn6cn4-9.1	amcq	amcq	autographical memory characteristics questionnaire	autographical_memory_characteristics_questionnaire
http://data.loterre.fr/ark:/67375/p66-hvcnd953-r.0	memo test	memo test	memo test	memo_test
http://data.loterre.fr/ark:/67375/p66-x1vxs02g-j.0	easterbrook's cue-utilization hypothesis	easterbrook's cue-utilization hypothesis	easterbrook's cue-utilization hypothesis	easterbrooks_cue_utilization_hypothesis
http://data.loterre.fr/ark:/67375/p66-x1vxs02g-j.1	easterbrook's hypothesis	easterbrook's hypothesis	easterbrook's cue-utilization hypothesis	easterbrooks_cue_utilization_hypothesis
http://data.loterre.fr/ark:/67375/p66-x1vxs02g-j.2	attentional narrowing hypothesis	attentional narrowing hypothesis	easterbrook's cue-utilization hypothesis	easterbrooks_cue_utilization_hypothesis
http://data.loterre.fr/ark:/67375/p66-x1vxs02g-j.3	cue-utilization hypothesis	cue-utilization hypothesis	easterbrook's cue-utilization hypothesis	easterbrooks_cue_utilization_hypothesis
http://data.loterre.fr/ark:/67375/p66-gzvm53sh-k.0	remembered utility	remembered utility	remembered utility	remembered_utility
http://data.loterre.fr/ark:/67375/p66-kkj8hj4w-6.0	affective priming task	affective priming task	affective priming task	affective_priming_task
http://data.loterre.fr/ark:/67375/p66-h1hzt78h-c.0	don't remember/don't know paradigm	don't remember/don't know paradigm	don't remember/don't know paradigm	dont_remember_dont_know_paradigm
http://data.loterre.fr/ark:/67375/p66-h1hzt78h-c.1	dr/dk paradigm	dr/dk paradigm	don't remember/don't know paradigm	dont_remember_dont_know_paradigm
http://data.loterre.fr/ark:/67375/p66-j3f3bbgh-c.0	remember/know paradigm	remember/know paradigm	remember/know paradigm	remember_know_paradigm
http://data.loterre.fr/ark:/67375/p66-j3f3bbgh-c.1	r/k paradigm	r/k paradigm	remember/know paradigm	remember_know_paradigm
http://data.loterre.fr/ark:/67375/p66-kn71c2n1-w.0	test of episodic memory for the autobiographical past	test of episodic memory for the autobiographical past	test of episodic memory for the autobiographical past	test_of_episodic_memory_for_the_autobiographical_past
http://data.loterre.fr/ark:/67375/p66-kn71c2n1-w.1	tempau	tempau	test of episodic memory for the autobiographical past	test_of_episodic_memory_for_the_autobiographical_past
http://data.loterre.fr/ark:/67375/p66-ldm0kgh7-9.0	autobiographical recollection test	autobiographical recollection test	autobiographical recollection test	autobiographical_recollection_test
http://data.loterre.fr/ark:/67375/p66-ldm0kgh7-9.1	art	art	autobiographical recollection test	autobiographical_recollection_test
http://data.loterre.fr/ark:/67375/p66-v038pkgz-4.0	memory characteristics questionnaire	memory characteristics questionnaire	memory characteristics questionnaire	memory_characteristics_questionnaire
http://data.loterre.fr/ark:/67375/p66-v038pkgz-4.1	mcq	mcq	memory characteristics questionnaire	memory_characteristics_questionnaire
http://data.loterre.fr/ark:/67375/p66-spvppv2r-w.0	selective construction and preservation of experience theory	selective construction and preservation of experience theory	selective construction and preservation of experience theory	selective_construction_and_preservation_of_experience_theory
http://data.loterre.fr/ark:/67375/p66-spvppv2r-w.1	scape account	scape account	selective construction and preservation of experience theory	selective_construction_and_preservation_of_experience_theory
http://data.loterre.fr/ark:/67375/p66-spvppv2r-w.2	scape framework	scape framework	selective construction and preservation of experience theory	selective_construction_and_preservation_of_experience_theory
http://data.loterre.fr/ark:/67375/p66-spvppv2r-w.3	scape model	scape model	selective construction and preservation of experience theory	selective_construction_and_preservation_of_experience_theory
http://data.loterre.fr/ark:/67375/p66-spvppv2r-w.4	scape theory	scape theory	selective construction and preservation of experience theory	selective_construction_and_preservation_of_experience_theory
http://data.loterre.fr/ark:/67375/p66-cj5clf3f-5.0	field point of view	field point of view	field point of view	field_point_of_view
http://data.loterre.fr/ark:/67375/p66-cj5clf3f-5.1	field memory	field memory	field point of view	field_point_of_view
http://data.loterre.fr/ark:/67375/p66-cj5clf3f-5.2	field perspective	field perspective	field point of view	field_point_of_view
http://data.loterre.fr/ark:/67375/p66-cj5clf3f-5.3	first-person perspective	first-person perspective	field point of view	field_point_of_view
http://data.loterre.fr/ark:/67375/p66-cj5clf3f-5.4	own-eyes perspective	own-eyes perspective	field point of view	field_point_of_view
http://data.loterre.fr/ark:/67375/p66-m498r5zb-4.0	coherent autobiographical memory	coherent autobiographical memory	narrative coherence	narrative_coherence
http://data.loterre.fr/ark:/67375/p66-mzjxhvn9-n.0	noetic consciousness	noetic consciousness	noetic consciousness	noetic_consciousness
http://data.loterre.fr/ark:/67375/p66-mzjxhvn9-n.1	noetic awareness	noetic awareness	noetic consciousness	noetic_consciousness
http://data.loterre.fr/ark:/67375/p66-nlz8tqf6-1.0	autonoetic consciousness	autonoetic consciousness	autonoetic consciousness	autonoetic_consciousness
http://data.loterre.fr/ark:/67375/p66-nlz8tqf6-1.1	autonoesis	autonoesis	autonoetic consciousness	autonoetic_consciousness
http://data.loterre.fr/ark:/67375/p66-nlz8tqf6-1.2	autonoetic awareness	autonoetic awareness	autonoetic consciousness	autonoetic_consciousness
http://data.loterre.fr/ark:/67375/p66-rj25q3rf-s.0	observer point of view	observer point of view	observer point of view	observer_point_of_view
http://data.loterre.fr/ark:/67375/p66-rj25q3rf-s.1	observer memory	observer memory	observer point of view	observer_point_of_view
http://data.loterre.fr/ark:/67375/p66-rj25q3rf-s.2	observer perspective	observer perspective	observer point of view	observer_point_of_view
http://data.loterre.fr/ark:/67375/p66-rj25q3rf-s.3	third-person perspective	third-person perspective	observer point of view	observer_point_of_view
http://data.loterre.fr/ark:/67375/p66-rr3nplqw-p.0	chronesthesia	chronesthesia	chronesthesia	chronesthesia
http://data.loterre.fr/ark:/67375/p66-snghwjpg-v.0	phantom recollection	phantom recollection	phantom recollection	phantom_recollection
http://data.loterre.fr/ark:/67375/p66-snghwjpg-v.1	illusory recollection	illusory recollection	phantom recollection	phantom_recollection
http://data.loterre.fr/ark:/67375/p66-vbntf4k7-n.0	anoetic consciousness	anoetic consciousness	anoetic consciousness	anoetic_consciousness
http://data.loterre.fr/ark:/67375/p66-xbk7q5xl-7.0	recollection	recollection	recollection	recollection
http://data.loterre.fr/ark:/67375/p66-xbk7q5xl-7.1	recollective experience	recollective experience	recollection	recollection
http://data.loterre.fr/ark:/67375/p66-cdm73tzp-v.0	metamemory judgment	metamemory judgment	metamemory judgment	metamemory_judgment
http://data.loterre.fr/ark:/67375/p66-cdm73tzp-v.1	metamemorial judgment	metamemorial judgment	metamemory judgment	metamemory_judgment
http://data.loterre.fr/ark:/67375/p66-kkkb7llj-z.0	source monitoring framework	source monitoring framework	source monitoring framework	source_monitoring_framework
http://data.loterre.fr/ark:/67375/p66-kkkb7llj-z.1	smf	smf	source monitoring framework	source_monitoring_framework
http://data.loterre.fr/ark:/67375/p66-rgfwplnw-k.0	metamemory	metamemory	metamemory	metamemory
http://data.loterre.fr/ark:/67375/p66-d19s6sfv-b.0	prototype	prototype	prototype	prototype
http://data.loterre.fr/ark:/67375/p66-g355r5hb-t.0	categorization	categorization	categorization	categorization
http://data.loterre.fr/ark:/67375/p66-g355r5hb-t.1	classification	classification	categorization	categorization
http://data.loterre.fr/ark:/67375/p66-l02857lc-7.0	semantic memory	semantic memory	semantic memory	semantic_memory
http://data.loterre.fr/ark:/67375/p66-l02857lc-7.1	conceptual knowledge	conceptual knowledge	semantic memory	semantic_memory
http://data.loterre.fr/ark:/67375/p66-l02857lc-7.2	conceptual memory	conceptual memory	semantic memory	semantic_memory
http://data.loterre.fr/ark:/67375/p66-l02857lc-7.3	conceptual system	conceptual system	semantic memory	semantic_memory
http://data.loterre.fr/ark:/67375/p66-l02857lc-7.4	decontextualized memory	decontextualized memory	semantic memory	semantic_memory
http://data.loterre.fr/ark:/67375/p66-l02857lc-7.5	general knowledge	general knowledge	semantic memory	semantic_memory
http://data.loterre.fr/ark:/67375/p66-l02857lc-7.6	generic memory	generic memory	semantic memory	semantic_memory
http://data.loterre.fr/ark:/67375/p66-l02857lc-7.7	propositional memory	propositional memory	semantic memory	semantic_memory
http://data.loterre.fr/ark:/67375/p66-l02857lc-7.8	semantic cognition	semantic cognition	semantic memory	semantic_memory
http://data.loterre.fr/ark:/67375/p66-l02857lc-7.9	semantic knowledge	semantic knowledge	semantic memory	semantic_memory
http://data.loterre.fr/ark:/67375/p66-l02857lc-7.10	semantic representation	semantic representation	semantic memory	semantic_memory
http://data.loterre.fr/ark:/67375/p66-v3v0z7b2-r.0	concept	concept	concept	concept
http://data.loterre.fr/ark:/67375/p66-jk6sbs9m-3.0	semantic network	semantic network	semantic network	semantic_network
http://data.loterre.fr/ark:/67375/p66-dp4nmt2l-9.0	episodic memory	episodic memory	episodic memory	episodic_memory
http://data.loterre.fr/ark:/67375/p66-dp4nmt2l-9.1	www memory	www memory	episodic memory	episodic_memory
http://data.loterre.fr/ark:/67375/p66-dp4nmt2l-9.2	contextualized memory	contextualized memory	episodic memory	episodic_memory
http://data.loterre.fr/ark:/67375/p66-dp4nmt2l-9.3	episodic autobiographical memory	episodic autobiographical memory	episodic memory	episodic_memory
http://data.loterre.fr/ark:/67375/p66-dp4nmt2l-9.4	episodic-like memory	episodic-like memory	episodic memory	episodic_memory
http://data.loterre.fr/ark:/67375/p66-dp4nmt2l-9.5	event memory	event memory	episodic memory	episodic_memory
http://data.loterre.fr/ark:/67375/p66-dp4nmt2l-9.6	experiential memory	experiential memory	episodic memory	episodic_memory
http://data.loterre.fr/ark:/67375/p66-dp4nmt2l-9.7	recollective memory	recollective memory	episodic memory	episodic_memory
http://data.loterre.fr/ark:/67375/p66-j4t8z01f-w.0	prime	prime	prime	prime
http://data.loterre.fr/ark:/67375/p66-mnl7240b-h.0	reinforcer	reinforcer	reinforcer	reinforcer
http://data.loterre.fr/ark:/67375/p66-tvqc4csx-5.0	distractor	distractor	distractor	distractor
http://data.loterre.fr/ark:/67375/p66-tvqc4csx-5.1	foil	foil	distractor	distractor
http://data.loterre.fr/ark:/67375/p66-tvqc4csx-5.2	lure	lure	distractor	distractor
http://data.loterre.fr/ark:/67375/p66-qp09ht4x-7.0	cell	cell	cell	cell
http://data.loterre.fr/ark:/67375/p66-t0lmm8ft-m.0	organ	organ	organ	organ
http://data.loterre.fr/ark:/67375/p66-flcswjn7-5.0	brain-derived neurotrophic factor	brain-derived neurotrophic factor	brain-derived neurotrophic factor	brain_derived_neurotrophic_factor
http://data.loterre.fr/ark:/67375/p66-flcswjn7-5.1	bdnf	bdnf	brain-derived neurotrophic factor	brain_derived_neurotrophic_factor
http://data.loterre.fr/ark:/67375/p66-flcswjn7-5.2	abrineurin	abrineurin	brain-derived neurotrophic factor	brain_derived_neurotrophic_factor
http://data.loterre.fr/ark:/67375/p66-jhmv0s1k-g.0	creb factor	creb factor	creb factor	creb_factor
http://data.loterre.fr/ark:/67375/p66-jhmv0s1k-g.1	creb binding protein	creb binding protein	creb factor	creb_factor
http://data.loterre.fr/ark:/67375/p66-jhmv0s1k-g.2	creb protein	creb protein	creb factor	creb_factor
http://data.loterre.fr/ark:/67375/p66-jhmv0s1k-g.3	camp response element-binding factor	camp response element-binding factor	creb factor	creb_factor
http://data.loterre.fr/ark:/67375/p66-w928h8cg-5.0	c-fos	c-fos	c-fos	c_fos
http://data.loterre.fr/ark:/67375/p66-hzfgllct-f.0	human organism	human organism	human organism	human_organism
http://data.loterre.fr/ark:/67375/p66-r3jzhq7f-f.0	acetylcholine	acetylcholine	acetylcholine	acetylcholine
http://data.loterre.fr/ark:/67375/p66-r3jzhq7f-f.1	ach	ach	acetylcholine	acetylcholine
http://data.loterre.fr/ark:/67375/p66-t0cv2hj4-j.0	glutamic acid	glutamic acid	glutamate	glutamate
http://data.loterre.fr/ark:/67375/p66-d407tvnr-r.0	immediate early gene	immediate early gene	immediate early gene	immediate_early_gene
http://data.loterre.fr/ark:/67375/p66-d407tvnr-r.1	ieg	ieg	immediate early gene	immediate_early_gene
http://data.loterre.fr/ark:/67375/p66-tbv9nl3q-s.0	kibra gene	kibra gene	kibra gene	kibra_gene
http://data.loterre.fr/ark:/67375/p66-csrhj6rb-5.0	phosphatase	phosphatase	phosphatase	phosphatase
http://data.loterre.fr/ark:/67375/p66-kq45w2s2-4.0	protein kinase	protein kinase	protein kinase	protein_kinase
http://data.loterre.fr/ark:/67375/p66-b1xq3jl0-1.0	reaction time	reaction time	reaction time	reaction_time
http://data.loterre.fr/ark:/67375/p66-b1xq3jl0-1.1	response latency	response latency	reaction time	reaction_time
http://data.loterre.fr/ark:/67375/p66-b1xq3jl0-1.2	response time	response time	reaction time	reaction_time
http://data.loterre.fr/ark:/67375/p66-b53h4z21-5.0	pattern completion	pattern completion	pattern completion	pattern_completion
http://data.loterre.fr/ark:/67375/p66-b53h4z21-5.1	deblurring	deblurring	pattern completion	pattern_completion
http://data.loterre.fr/ark:/67375/p66-b5gmr3b8-h.0	neuron	neuron	neuron	neuron
http://data.loterre.fr/ark:/67375/p66-b5gmr3b8-h.1	nerve cell	nerve cell	neuron	neuron
http://data.loterre.fr/ark:/67375/p66-bl8nt4m5-q.0	mnemonic discrimination	mnemonic discrimination	mnemonic discrimination	mnemonic_discrimination
http://data.loterre.fr/ark:/67375/p66-bm4vzw20-5.0	objective study method of memory	objective study method of memory	objective study method of memory	objective_study_method_of_memory
http://data.loterre.fr/ark:/67375/p66-bx50h77t-w.0	connectionist model	connectionist model	connectionist model	connectionist_model
http://data.loterre.fr/ark:/67375/p66-bx50h77t-w.1	ann model	ann model	connectionist model	connectionist_model
http://data.loterre.fr/ark:/67375/p66-bx50h77t-w.2	artifical neural network model	artifical neural network model	connectionist model	connectionist_model
http://data.loterre.fr/ark:/67375/p66-bx50h77t-w.3	connectionism	connectionism	connectionist model	connectionist_model
http://data.loterre.fr/ark:/67375/p66-bx50h77t-w.4	connectionist network	connectionist network	connectionist model	connectionist_model
http://data.loterre.fr/ark:/67375/p66-bx50h77t-w.5	formal neural network model	formal neural network model	connectionist model	connectionist_model
http://data.loterre.fr/ark:/67375/p66-bx50h77t-w.6	neoconnectionism	neoconnectionism	connectionist model	connectionist_model
http://data.loterre.fr/ark:/67375/p66-bx50h77t-w.7	neural network model	neural network model	connectionist model	connectionist_model
http://data.loterre.fr/ark:/67375/p66-c2j3rxtz-h.0	non-associative learning	non-associative learning	non-associative learning	non_associative_learning
http://data.loterre.fr/ark:/67375/p66-c2jh69x6-1.0	n2 posterior contralateral component	n2 posterior contralateral component	n2 posterior contralateral component	n2_posterior_contralateral_component
http://data.loterre.fr/ark:/67375/p66-c98cq8qn-z.0	place cell	place cell	place cell	place_cell
http://data.loterre.fr/ark:/67375/p66-ccvnnrqd-m.0	deferred imitation task	deferred imitation task	deferred imitation task	deferred_imitation_task
http://data.loterre.fr/ark:/67375/p66-ccvnnrqd-m.1	deferred imitation	deferred imitation	deferred imitation task	deferred_imitation_task
http://data.loterre.fr/ark:/67375/p66-ch380sjh-8.0	hiper model	hiper model	hiper model	hiper_model
http://data.loterre.fr/ark:/67375/p66-ch380sjh-8.1	hiper	hiper	hiper model	hiper_model
http://data.loterre.fr/ark:/67375/p66-ch380sjh-8.2	hippocampal encoding/retrieval model	hippocampal encoding/retrieval model	hiper model	hiper_model
http://data.loterre.fr/ark:/67375/p66-ckqtz5sm-j.0	contextual memory	contextual memory	contextual memory	contextual_memory
http://data.loterre.fr/ark:/67375/p66-ckqtz5sm-j.1	context memory	context memory	contextual memory	contextual_memory
http://data.loterre.fr/ark:/67375/p66-ct8nqp8k-r.0	optogenetics	optogenetics	optogenetics	optogenetics
http://data.loterre.fr/ark:/67375/p66-ct8nqp8k-r.1	optogenetic stimulation	optogenetic stimulation	optogenetics	optogenetics
http://data.loterre.fr/ark:/67375/p66-cv4lxnzn-n.0	variable interval schedule of reinforcement	variable interval schedule of reinforcement	variable interval schedule of reinforcement	variable_interval_schedule_of_reinforcement
http://data.loterre.fr/ark:/67375/p66-cv4lxnzn-n.1	variable interval reinforcement schedule	variable interval reinforcement schedule	variable interval schedule of reinforcement	variable_interval_schedule_of_reinforcement
http://data.loterre.fr/ark:/67375/p66-cv4lxnzn-n.2	variable interval schedule	variable interval schedule	variable interval schedule of reinforcement	variable_interval_schedule_of_reinforcement
http://data.loterre.fr/ark:/67375/p66-d122lrnd-d.0	visual memory	visual memory	visual memory	visual_memory
http://data.loterre.fr/ark:/67375/p66-d445nrm4-5.0	medial temporal lobe	medial temporal lobe	medial temporal lobe	medial_temporal_lobe
http://data.loterre.fr/ark:/67375/p66-f1hg1zmr-d.0	silent engram	silent engram	silent engram	silent_engram
http://data.loterre.fr/ark:/67375/p66-f1hg1zmr-d.1	silent memory engram	silent memory engram	silent engram	silent_engram
http://data.loterre.fr/ark:/67375/p66-f3r6hdd2-z.0	pkmζ	pkmζ	protein kinase mζ	protein_kinase_mζ
http://data.loterre.fr/ark:/67375/p66-fbxsvc7n-l.0	neurophysiological method	neurophysiological method	neurophysiological method	neurophysiological_method
http://data.loterre.fr/ark:/67375/p66-fj1l5npx-6.0	reconsolidation	reconsolidation	reconsolidation	reconsolidation
http://data.loterre.fr/ark:/67375/p66-fpm2r438-g.0	law of effect	law of effect	law of effect	law_of_effect
http://data.loterre.fr/ark:/67375/p66-fr1vgsjn-q.0	acquisition of memory	acquisition of memory	encoding	encoding
http://data.loterre.fr/ark:/67375/p66-fr1vgsjn-q.1	memory acquisition	memory acquisition	encoding	encoding
http://data.loterre.fr/ark:/67375/p66-fr1vgsjn-q.2	memory formation	memory formation	encoding	encoding
http://data.loterre.fr/ark:/67375/p66-fr1vgsjn-q.3	trace formation	trace formation	encoding	encoding
http://data.loterre.fr/ark:/67375/p66-g2r5tqrr-m.0	rem	rem	paradoxical sleep	paradoxical_sleep
http://data.loterre.fr/ark:/67375/p66-g4cv58rj-c.0	engram	engram	engram	engram
http://data.loterre.fr/ark:/67375/p66-g4cv58rj-c.1	memory engram	memory engram	engram	engram
http://data.loterre.fr/ark:/67375/p66-g4cv58rj-c.2	memory trace	memory trace	engram	engram
http://data.loterre.fr/ark:/67375/p66-g4cv58rj-c.3	mneme	mneme	engram	engram
http://data.loterre.fr/ark:/67375/p66-g4cv58rj-c.4	mnemonic trace	mnemonic trace	engram	engram
http://data.loterre.fr/ark:/67375/p66-g4cv58rj-c.5	mnesic trace	mnesic trace	engram	engram
http://data.loterre.fr/ark:/67375/p66-g4cv58rj-c.6	neurogram	neurogram	engram	engram
http://data.loterre.fr/ark:/67375/p66-g4t4v894-v.0	engram cell	engram cell	engram cell	engram_cell
http://data.loterre.fr/ark:/67375/p66-g4t4v894-v.1	cellular engram	cellular engram	engram cell	engram_cell
http://data.loterre.fr/ark:/67375/p66-g4t4v894-v.2	engram neuron	engram neuron	engram cell	engram_cell
http://data.loterre.fr/ark:/67375/p66-g4t4v894-v.3	memory engram cell	memory engram cell	engram cell	engram_cell
http://data.loterre.fr/ark:/67375/p66-gldmmhp5-s.0	ratio schedule of reinforcement	ratio schedule of reinforcement	ratio schedule of reinforcement	ratio_schedule_of_reinforcement
http://data.loterre.fr/ark:/67375/p66-gldmmhp5-s.1	ratio reinforcement schedule	ratio reinforcement schedule	ratio schedule of reinforcement	ratio_schedule_of_reinforcement
http://data.loterre.fr/ark:/67375/p66-gx6hmvk5-l.0	phyletic memory	phyletic memory	phyletic memory	phyletic_memory
http://data.loterre.fr/ark:/67375/p66-h3tfl1mj-t.0	ventral parietal cortex	ventral parietal cortex	ventral parietal cortex	ventral_parietal_cortex
http://data.loterre.fr/ark:/67375/p66-h3tfl1mj-t.1	vpc	vpc	ventral parietal cortex	ventral_parietal_cortex
http://data.loterre.fr/ark:/67375/p66-h3tfl1mj-t.2	inferior parietal lobule	inferior parietal lobule	ventral parietal cortex	ventral_parietal_cortex
http://data.loterre.fr/ark:/67375/p66-h3tfl1mj-t.3	ventral inferior parietal lobule	ventral inferior parietal lobule	ventral parietal cortex	ventral_parietal_cortex
http://data.loterre.fr/ark:/67375/p66-h3tfl1mj-t.4	ventral posterior parietal cortex	ventral posterior parietal cortex	ventral parietal cortex	ventral_parietal_cortex
http://data.loterre.fr/ark:/67375/p66-hbt2lq4s-n.0	latent learning	latent learning	latent learning	latent_learning
http://data.loterre.fr/ark:/67375/p66-hd257sdh-x.0	variable ratio schedule of reinforcement	variable ratio schedule of reinforcement	variable ratio schedule of reinforcement	variable_ratio_schedule_of_reinforcement
http://data.loterre.fr/ark:/67375/p66-hd257sdh-x.1	variable-ratio schedule	variable-ratio schedule	variable ratio schedule of reinforcement	variable_ratio_schedule_of_reinforcement
http://data.loterre.fr/ark:/67375/p66-hldthx3h-1.0	temporal memory	temporal memory	temporal memory	temporal_memory
http://data.loterre.fr/ark:/67375/p66-hldthx3h-1.1	temporal order memory	temporal order memory	temporal memory	temporal_memory
http://data.loterre.fr/ark:/67375/p66-hldthx3h-1.2	time memory	time memory	temporal memory	temporal_memory
http://data.loterre.fr/ark:/67375/p66-hpzmxkw8-t.0	principle of mass action	principle of mass action	principle of mass action	principle_of_mass_action
http://data.loterre.fr/ark:/67375/p66-j0mj14l2-8.0	brain fasciculus	brain fasciculus	brain fasciculus	brain_fasciculus
http://data.loterre.fr/ark:/67375/p66-j39hhj6n-2.0	grid cell	grid cell	grid cell	grid_cell
http://data.loterre.fr/ark:/67375/p66-j50rfjjp-m.0	transcranial magnetic stimulation	transcranial magnetic stimulation	transcranial magnetic stimulation	transcranial_magnetic_stimulation
http://data.loterre.fr/ark:/67375/p66-j50rfjjp-m.1	tms	tms	transcranial magnetic stimulation	transcranial_magnetic_stimulation
http://data.loterre.fr/ark:/67375/p66-j5qwxq4r-s.0	atypical protein kinase c	atypical protein kinase c	atypical protein kinase c	atypical_protein_kinase_c
http://data.loterre.fr/ark:/67375/p66-j70pvz57-z.0	active systems consolidation hypothesis	active systems consolidation hypothesis	active systems consolidation hypothesis	active_systems_consolidation_hypothesis
http://data.loterre.fr/ark:/67375/p66-j7p6ztdt-6.0	brain lobe	brain lobe	brain lobe	brain_lobe
http://data.loterre.fr/ark:/67375/p66-j7p6ztdt-6.1	lobe of the brain	lobe of the brain	brain lobe	brain_lobe
http://data.loterre.fr/ark:/67375/p66-j8fc45m1-6.0	long-term memory	long-term memory	long-term memory	long_term_memory
http://data.loterre.fr/ark:/67375/p66-j8fc45m1-6.1	ltm	ltm	long-term memory	long_term_memory
http://data.loterre.fr/ark:/67375/p66-j8fc45m1-6.2	delayed memory	delayed memory	long-term memory	long_term_memory
http://data.loterre.fr/ark:/67375/p66-j8fc45m1-6.3	long-term storage	long-term storage	long-term memory	long_term_memory
http://data.loterre.fr/ark:/67375/p66-j8fc45m1-6.4	long-term store	long-term store	long-term memory	long_term_memory
http://data.loterre.fr/ark:/67375/p66-j8fc45m1-6.5	permanent memory	permanent memory	long-term memory	long_term_memory
http://data.loterre.fr/ark:/67375/p66-j8fc45m1-6.6	remote memory	remote memory	long-term memory	long_term_memory
http://data.loterre.fr/ark:/67375/p66-j8fc45m1-6.7	secondary memory	secondary memory	long-term memory	long_term_memory
http://data.loterre.fr/ark:/67375/p66-jgrtpfjq-s.0	face memory	face memory	face memory	face_memory
http://data.loterre.fr/ark:/67375/p66-jgrtpfjq-s.1	facial memory	facial memory	face memory	face_memory
http://data.loterre.fr/ark:/67375/p66-jgrtpfjq-s.2	memory for faces	memory for faces	face memory	face_memory
http://data.loterre.fr/ark:/67375/p66-jjjrfdfc-s.0	pattern separation	pattern separation	pattern separation	pattern_separation
http://data.loterre.fr/ark:/67375/p66-jjjrfdfc-s.1	memory separation	memory separation	pattern separation	pattern_separation
http://data.loterre.fr/ark:/67375/p66-jphpphkk-7.0	chunking	chunking	chunking	chunking
http://data.loterre.fr/ark:/67375/p66-jq26jgb6-d.0	schedule of reinforcement	schedule of reinforcement	schedule of reinforcement	schedule_of_reinforcement
http://data.loterre.fr/ark:/67375/p66-jq26jgb6-d.1	reinforcement schedule	reinforcement schedule	schedule of reinforcement	schedule_of_reinforcement
http://data.loterre.fr/ark:/67375/p66-jq343cbv-s.0	false memory	false memory	false memory	false_memory
http://data.loterre.fr/ark:/67375/p66-jq343cbv-s.1	false remembering	false remembering	false memory	false_memory
http://data.loterre.fr/ark:/67375/p66-jq343cbv-s.2	memory distortion	memory distortion	false memory	false_memory
http://data.loterre.fr/ark:/67375/p66-jq343cbv-s.3	memory error	memory error	false memory	false_memory
http://data.loterre.fr/ark:/67375/p66-jq343cbv-s.4	memory illusion	memory illusion	false memory	false_memory
http://data.loterre.fr/ark:/67375/p66-jq343cbv-s.5	misremembering	misremembering	false memory	false_memory
http://data.loterre.fr/ark:/67375/p66-k7x9k20c-6.0	associative blocking	associative blocking	associative blocking	associative_blocking
http://data.loterre.fr/ark:/67375/p66-khrwns4w-q.0	frontal lobe	frontal lobe	frontal lobe	frontal_lobe
http://data.loterre.fr/ark:/67375/p66-khrwns4w-q.1	frontal cortex	frontal cortex	frontal lobe	frontal_lobe
http://data.loterre.fr/ark:/67375/p66-khrwns4w-q.2	frontal region	frontal region	frontal lobe	frontal_lobe
http://data.loterre.fr/ark:/67375/p66-kl3vt2tp-j.0	brain network	brain network	brain network	brain_network
http://data.loterre.fr/ark:/67375/p66-kp127v63-w.0	inhibition	inhibition	inhibition	inhibition
http://data.loterre.fr/ark:/67375/p66-kp127v63-w.1	suppression	suppression	inhibition	inhibition
http://data.loterre.fr/ark:/67375/p66-kplmjl6h-z.0	far transfer	far transfer	far transfer	far_transfer
http://data.loterre.fr/ark:/67375/p66-kqslwcn0-6.0	negative transfer	negative transfer	negative transfer	negative_transfer
http://data.loterre.fr/ark:/67375/p66-l0qt15f8-g.0	proactive interference	proactive interference	proactive interference	proactive_interference
http://data.loterre.fr/ark:/67375/p66-l0qt15f8-g.1	proactive inhibition	proactive inhibition	proactive interference	proactive_interference
http://data.loterre.fr/ark:/67375/p66-l24dshb5-d.0	retroactive interference	retroactive interference	retroactive interference	retroactive_interference
http://data.loterre.fr/ark:/67375/p66-l24dshb5-d.1	retroactive inhibition	retroactive inhibition	retroactive interference	retroactive_interference
http://data.loterre.fr/ark:/67375/p66-l63h1fx6-6.0	reinforcement	reinforcement	reinforcement	reinforcement
http://data.loterre.fr/ark:/67375/p66-l74qnbrz-t.0	papez circuit	papez circuit	papez circuit	papez_circuit
http://data.loterre.fr/ark:/67375/p66-l74qnbrz-t.1	papez-jakob circuit	papez-jakob circuit	papez circuit	papez_circuit
http://data.loterre.fr/ark:/67375/p66-l74qnbrz-t.2	medial limbic circuit	medial limbic circuit	papez circuit	papez_circuit
http://data.loterre.fr/ark:/67375/p66-l89csm8b-t.0	ventrolateral prefrontal cortex	ventrolateral prefrontal cortex	ventrolateral prefrontal cortex	ventrolateral_prefrontal_cortex
http://data.loterre.fr/ark:/67375/p66-l89csm8b-t.1	vlpfc	vlpfc	ventrolateral prefrontal cortex	ventrolateral_prefrontal_cortex
http://data.loterre.fr/ark:/67375/p66-lch276bw-0.0	bayesian model	bayesian model	bayesian model	bayesian_model
http://data.loterre.fr/ark:/67375/p66-lfs6bb48-d.0	interval schedule of reinforcement	interval schedule of reinforcement	interval schedule of reinforcement	interval_schedule_of_reinforcement
http://data.loterre.fr/ark:/67375/p66-lfs6bb48-d.1	interval reinforcement schedule	interval reinforcement schedule	interval schedule of reinforcement	interval_schedule_of_reinforcement
http://data.loterre.fr/ark:/67375/p66-lhcmp0ll-q.0	synaptic consolidation	synaptic consolidation	synaptic consolidation	synaptic_consolidation
http://data.loterre.fr/ark:/67375/p66-lhcmp0ll-q.1	cellular consolidation	cellular consolidation	synaptic consolidation	synaptic_consolidation
http://data.loterre.fr/ark:/67375/p66-m32jmlqm-4.0	perirhinal cortex	perirhinal cortex	perirhinal cortex	perirhinal_cortex
http://data.loterre.fr/ark:/67375/p66-m32jmlqm-4.1	brodmann area 35	brodmann area 35	perirhinal cortex	perirhinal_cortex
http://data.loterre.fr/ark:/67375/p66-m32jmlqm-4.2	perirhinal area 35	perirhinal area 35	perirhinal cortex	perirhinal_cortex
http://data.loterre.fr/ark:/67375/p66-mhr6nc5z-5.0	cingulate cortex	cingulate cortex	cingulate cortex	cingulate_cortex
http://data.loterre.fr/ark:/67375/p66-mxt825s2-j.0	activity-silent working memory	activity-silent working memory	activity-silent working memory	activity_silent_working_memory
http://data.loterre.fr/ark:/67375/p66-mzp94wl9-j.0	electroencephalography	electroencephalography	electroencephalography	electroencephalography
http://data.loterre.fr/ark:/67375/p66-mzwbhs67-5.0	intermittent schedule of reinforcement	intermittent schedule of reinforcement	intermittent schedule of reinforcement	intermittent_schedule_of_reinforcement
http://data.loterre.fr/ark:/67375/p66-mzwbhs67-5.1	intermittent reinforcement schedule	intermittent reinforcement schedule	intermittent schedule of reinforcement	intermittent_schedule_of_reinforcement
http://data.loterre.fr/ark:/67375/p66-mzwbhs67-5.2	partial reinforcement schedule	partial reinforcement schedule	intermittent schedule of reinforcement	intermittent_schedule_of_reinforcement
http://data.loterre.fr/ark:/67375/p66-mzwbhs67-5.3	partial schedule of reinforcement	partial schedule of reinforcement	intermittent schedule of reinforcement	intermittent_schedule_of_reinforcement
http://data.loterre.fr/ark:/67375/p66-mzzppxm0-s.0	medial prefrontal cortex	medial prefrontal cortex	medial prefrontal cortex	medial_prefrontal_cortex
http://data.loterre.fr/ark:/67375/p66-mzzppxm0-s.1	mpfc	mpfc	medial prefrontal cortex	medial_prefrontal_cortex
http://data.loterre.fr/ark:/67375/p66-mzzppxm0-s.2	ventromedial prefrontal cortex	ventromedial prefrontal cortex	medial prefrontal cortex	medial_prefrontal_cortex
http://data.loterre.fr/ark:/67375/p66-mzzppxm0-s.3	vmpfc	vmpfc	medial prefrontal cortex	medial_prefrontal_cortex
http://data.loterre.fr/ark:/67375/p66-n8dw5k8d-9.0	transfer	transfer	transfer	transfer
http://data.loterre.fr/ark:/67375/p66-ndz0qrsv-5.0	anterior cingulate cortex	anterior cingulate cortex	anterior cingulate cortex	anterior_cingulate_cortex
http://data.loterre.fr/ark:/67375/p66-ndz0qrsv-5.1	acc	acc	anterior cingulate cortex	anterior_cingulate_cortex
http://data.loterre.fr/ark:/67375/p66-ndz0qrsv-5.2	gray matter of anterior cingulate gyrus	gray matter of anterior cingulate gyrus	anterior cingulate cortex	anterior_cingulate_cortex
http://data.loterre.fr/ark:/67375/p66-ngw4pjpz-5.0	perceptual learning	perceptual learning	perceptual learning	perceptual_learning
http://data.loterre.fr/ark:/67375/p66-nl0pp8pz-d.0	recoding	recoding	recoding	recoding
http://data.loterre.fr/ark:/67375/p66-nm0lx0t4-w.0	dorsolateral prefrontal cortex	dorsolateral prefrontal cortex	dorsolateral prefrontal cortex	dorsolateral_prefrontal_cortex
http://data.loterre.fr/ark:/67375/p66-nm0lx0t4-w.1	dl-pfc	dl-pfc	dorsolateral prefrontal cortex	dorsolateral_prefrontal_cortex
http://data.loterre.fr/ark:/67375/p66-nm0lx0t4-w.2	dlpfc	dlpfc	dorsolateral prefrontal cortex	dorsolateral_prefrontal_cortex
http://data.loterre.fr/ark:/67375/p66-nm0lx0t4-w.3	dorsal lateral prefrontal cortex	dorsal lateral prefrontal cortex	dorsolateral prefrontal cortex	dorsolateral_prefrontal_cortex
http://data.loterre.fr/ark:/67375/p66-nz9kr4rw-z.0	yerkes-dodson's law	yerkes-dodson's law	yerkes-dodson's law	yerkes_dodsons_law
http://data.loterre.fr/ark:/67375/p66-p03sx7j0-0.0	feedforward neural network	feedforward neural network	feedforward neural network	feedforward_neural_network
http://data.loterre.fr/ark:/67375/p66-pllk6nvv-z.0	prefrontal cortex	prefrontal cortex	prefrontal cortex	prefrontal_cortex
http://data.loterre.fr/ark:/67375/p66-pllk6nvv-z.1	cortex associatif préfrontal	cortex associatif préfrontal	prefrontal cortex	prefrontal_cortex
http://data.loterre.fr/ark:/67375/p66-pllk6nvv-z.2	prefrontal association cortex	prefrontal association cortex	prefrontal cortex	prefrontal_cortex
http://data.loterre.fr/ark:/67375/p66-q591rxqt-b.0	positive transfer	positive transfer	positive transfer	positive_transfer
http://data.loterre.fr/ark:/67375/p66-qc5vskjv-h.0	near transfer	near transfer	near transfer	near_transfer
http://data.loterre.fr/ark:/67375/p66-qxwd8zsb-9.0	brain	brain	brain	brain
http://data.loterre.fr/ark:/67375/p66-qzrtl2b1-9.0	short-term memory	short-term memory	short-term memory	short_term_memory
http://data.loterre.fr/ark:/67375/p66-qzrtl2b1-9.1	stm	stm	short-term memory	short_term_memory
http://data.loterre.fr/ark:/67375/p66-qzrtl2b1-9.2	active memory	active memory	short-term memory	short_term_memory
http://data.loterre.fr/ark:/67375/p66-qzrtl2b1-9.3	echo box	echo box	short-term memory	short_term_memory
http://data.loterre.fr/ark:/67375/p66-qzrtl2b1-9.4	immediate memory	immediate memory	short-term memory	short_term_memory
http://data.loterre.fr/ark:/67375/p66-qzrtl2b1-9.5	primary memory	primary memory	short-term memory	short_term_memory
http://data.loterre.fr/ark:/67375/p66-qzrtl2b1-9.6	short-term storage	short-term storage	short-term memory	short_term_memory
http://data.loterre.fr/ark:/67375/p66-qzrtl2b1-9.7	short-term store	short-term store	short-term memory	short_term_memory
http://data.loterre.fr/ark:/67375/p66-r5w2d7jc-4.0	social learning	social learning	social learning	social_learning
http://data.loterre.fr/ark:/67375/p66-rg2fnc5h-b.0	spatial memory	spatial memory	spatial memory	spatial_memory
http://data.loterre.fr/ark:/67375/p66-rg2fnc5h-b.1	location memory	location memory	spatial memory	spatial_memory
http://data.loterre.fr/ark:/67375/p66-rg2fnc5h-b.2	place memory	place memory	spatial memory	spatial_memory
http://data.loterre.fr/ark:/67375/p66-rp348s0g-v.0	pkc	pkc	protein kinase c	protein_kinase_c
http://data.loterre.fr/ark:/67375/p66-s4gdhsxf-c.0	parietal lobe	parietal lobe	parietal lobe	parietal_lobe
http://data.loterre.fr/ark:/67375/p66-s4gdhsxf-c.1	parietal cortex	parietal cortex	parietal lobe	parietal_lobe
http://data.loterre.fr/ark:/67375/p66-s4gdhsxf-c.2	parietal region	parietal region	parietal lobe	parietal_lobe
http://data.loterre.fr/ark:/67375/p66-s4gdhsxf-c.3	parietal site	parietal site	parietal lobe	parietal_lobe
http://data.loterre.fr/ark:/67375/p66-sd7jdtz4-8.0	interference	interference	interference	interference
http://data.loterre.fr/ark:/67375/p66-st04bmmz-m.0	dentate gyrus	dentate gyrus	dentate gyrus	dentate_gyrus
http://data.loterre.fr/ark:/67375/p66-sw8q6c6s-b.0	limbic lobe	limbic lobe	limbic lobe	limbic_lobe
http://data.loterre.fr/ark:/67375/p66-sw8q6c6s-b.1	limbic system	limbic system	limbic lobe	limbic_lobe
http://data.loterre.fr/ark:/67375/p66-t41cstsg-0.0	neurogenic hypthothesis	neurogenic hypthothesis	neurogenic hypthothesis	neurogenic_hypthothesis
http://data.loterre.fr/ark:/67375/p66-t4q5zl53-c.0	time cell	time cell	time cell	time_cell
http://data.loterre.fr/ark:/67375/p66-tgssgjgj-f.0	dorsal parietal cortex	dorsal parietal cortex	dorsal parietal cortex	dorsal_parietal_cortex
http://data.loterre.fr/ark:/67375/p66-tgssgjgj-f.1	dpc	dpc	dorsal parietal cortex	dorsal_parietal_cortex
http://data.loterre.fr/ark:/67375/p66-tgssgjgj-f.2	dorsal posterior parietal cortex	dorsal posterior parietal cortex	dorsal parietal cortex	dorsal_parietal_cortex
http://data.loterre.fr/ark:/67375/p66-tm1366km-t.0	thalamus	thalamus	thalamus	thalamus
http://data.loterre.fr/ark:/67375/p66-v2wj9jz2-t.0	apparent learning	apparent learning	apparent learning	apparent_learning
http://data.loterre.fr/ark:/67375/p66-vhwfk224-2.0	cerebellum	cerebellum	cerebellum	cerebellum
http://data.loterre.fr/ark:/67375/p66-vn4kqnr0-w.0	instrumental learning	instrumental learning	operant conditioning	operant_conditioning
http://data.loterre.fr/ark:/67375/p66-w52cfwz4-9.0	amygdala	amygdala	amygdala	amygdala
http://data.loterre.fr/ark:/67375/p66-w52cfwz4-9.1	amygdaloid body	amygdaloid body	amygdala	amygdala
http://data.loterre.fr/ark:/67375/p66-w52cfwz4-9.2	amygdaloid complex	amygdaloid complex	amygdala	amygdala
http://data.loterre.fr/ark:/67375/p66-w52cfwz4-9.3	amygdaloid nuclear complex	amygdaloid nuclear complex	amygdala	amygdala
http://data.loterre.fr/ark:/67375/p66-w52cfwz4-9.4	amygdaloid nuclear groups	amygdaloid nuclear groups	amygdala	amygdala
http://data.loterre.fr/ark:/67375/p66-w52cfwz4-9.5	amygdaloid nucleus	amygdaloid nucleus	amygdala	amygdala
http://data.loterre.fr/ark:/67375/p66-w52cfwz4-9.6	archistriatum	archistriatum	amygdala	amygdala
http://data.loterre.fr/ark:/67375/p66-wb7b1fnb-p.0	continuous schedule of reinforcement	continuous schedule of reinforcement	continuous schedule of reinforcement	continuous_schedule_of_reinforcement
http://data.loterre.fr/ark:/67375/p66-wb7b1fnb-p.1	continuous reinforcement schedule	continuous reinforcement schedule	continuous schedule of reinforcement	continuous_schedule_of_reinforcement
http://data.loterre.fr/ark:/67375/p66-wtjn0l7v-0.0	artificial grammar learning task	artificial grammar learning task	artificial grammar learning task	artificial_grammar_learning_task
http://data.loterre.fr/ark:/67375/p66-wtjn0l7v-0.1	artificial grammar	artificial grammar	artificial grammar learning task	artificial_grammar_learning_task
http://data.loterre.fr/ark:/67375/p66-wvn0csxr-x.0	concept cell	concept cell	concept cell	concept_cell
http://data.loterre.fr/ark:/67375/p66-wvn0csxr-x.1	jennifer aniston neuron	jennifer aniston neuron	concept cell	concept_cell
http://data.loterre.fr/ark:/67375/p66-wvn0csxr-x.2	grandmother cell	grandmother cell	concept cell	concept_cell
http://data.loterre.fr/ark:/67375/p66-wvtcbsgt-0.0	fixed interval schedule of reinforcement	fixed interval schedule of reinforcement	fixed interval schedule of reinforcement	fixed_interval_schedule_of_reinforcement
http://data.loterre.fr/ark:/67375/p66-wvtcbsgt-0.1	fixed interval reinforcement schedule	fixed interval reinforcement schedule	fixed interval schedule of reinforcement	fixed_interval_schedule_of_reinforcement
http://data.loterre.fr/ark:/67375/p66-wvtcbsgt-0.2	fixed interval schedule	fixed interval schedule	fixed interval schedule of reinforcement	fixed_interval_schedule_of_reinforcement
http://data.loterre.fr/ark:/67375/p66-x0vv74lw-c.0	cognitive map	cognitive map	cognitive map	cognitive_map
http://data.loterre.fr/ark:/67375/p66-x19h3zbk-2.0	entorhinal cortex	entorhinal cortex	entorhinal cortex	entorhinal_cortex
http://data.loterre.fr/ark:/67375/p66-x19h3zbk-2.1	area 28 of brodmann	area 28 of brodmann	entorhinal cortex	entorhinal_cortex
http://data.loterre.fr/ark:/67375/p66-x19h3zbk-2.2	entorhinal area	entorhinal area	entorhinal cortex	entorhinal_cortex
http://data.loterre.fr/ark:/67375/p66-x19h3zbk-2.3	secondary olfactory cortex	secondary olfactory cortex	entorhinal cortex	entorhinal_cortex
http://data.loterre.fr/ark:/67375/p66-x19h3zbk-2.4	secondary olfactory cortical area	secondary olfactory cortical area	entorhinal cortex	entorhinal_cortex
http://data.loterre.fr/ark:/67375/p66-x1m4brnp-z.0	consolidation	consolidation	consolidation	consolidation
http://data.loterre.fr/ark:/67375/p66-x1m4brnp-z.1	memory consolidation	memory consolidation	consolidation	consolidation
http://data.loterre.fr/ark:/67375/p66-x5fvzt3x-1.0	forced choice recognition task	forced choice recognition task	forced choice recognition task	forced_choice_recognition_task
http://data.loterre.fr/ark:/67375/p66-x5fvzt3x-1.1	dms	dms	forced choice recognition task	forced_choice_recognition_task
http://data.loterre.fr/ark:/67375/p66-x5fvzt3x-1.2	delayed match-to-sample paradigm	delayed match-to-sample paradigm	forced choice recognition task	forced_choice_recognition_task
http://data.loterre.fr/ark:/67375/p66-x5fvzt3x-1.3	delayed match-to-sample procedure	delayed match-to-sample procedure	forced choice recognition task	forced_choice_recognition_task
http://data.loterre.fr/ark:/67375/p66-x5fvzt3x-1.4	delayed match-to-sample task	delayed match-to-sample task	forced choice recognition task	forced_choice_recognition_task
http://data.loterre.fr/ark:/67375/p66-x5fvzt3x-1.5	delayed-to-matching paradigm	delayed-to-matching paradigm	forced choice recognition task	forced_choice_recognition_task
http://data.loterre.fr/ark:/67375/p66-x5fvzt3x-1.6	delayed-to-matching procedure	delayed-to-matching procedure	forced choice recognition task	forced_choice_recognition_task
http://data.loterre.fr/ark:/67375/p66-x5fvzt3x-1.7	delayed-to-matching task	delayed-to-matching task	forced choice recognition task	forced_choice_recognition_task
http://data.loterre.fr/ark:/67375/p66-x5fvzt3x-1.8	forced choice	forced choice	forced choice recognition task	forced_choice_recognition_task
http://data.loterre.fr/ark:/67375/p66-x5fvzt3x-1.9	forced choice method	forced choice method	forced choice recognition task	forced_choice_recognition_task
http://data.loterre.fr/ark:/67375/p66-x5fvzt3x-1.10	forced choice recognition paradigm	forced choice recognition paradigm	forced choice recognition task	forced_choice_recognition_task
http://data.loterre.fr/ark:/67375/p66-x5fvzt3x-1.11	match-to-sample task	match-to-sample task	forced choice recognition task	forced_choice_recognition_task
http://data.loterre.fr/ark:/67375/p66-x9ptdjpx-j.0	fixed ratio schedule of reinforcement	fixed ratio schedule of reinforcement	fixed ratio schedule of reinforcement	fixed_ratio_schedule_of_reinforcement
http://data.loterre.fr/ark:/67375/p66-x9ptdjpx-j.1	fixed-ratio schedule	fixed-ratio schedule	fixed ratio schedule of reinforcement	fixed_ratio_schedule_of_reinforcement
http://data.loterre.fr/ark:/67375/p66-xgd3j4zg-f.0	systems consolidation	systems consolidation	systems consolidation	systems_consolidation
http://data.loterre.fr/ark:/67375/p66-xgd3j4zg-f.1	systems memory consolidation	systems memory consolidation	systems consolidation	systems_consolidation
http://data.loterre.fr/ark:/67375/p66-xmwpsl1h-j.0	law of exercise	law of exercise	law of exercise	law_of_exercise
http://data.loterre.fr/ark:/67375/p66-xvf3zxdj-v.0	temporal lobe	temporal lobe	temporal lobe	temporal_lobe
http://data.loterre.fr/ark:/67375/p66-xvf3zxdj-v.1	temporal cortex	temporal cortex	temporal lobe	temporal_lobe
http://data.loterre.fr/ark:/67375/p66-xvf3zxdj-v.2	temporal region	temporal region	temporal lobe	temporal_lobe
http://data.loterre.fr/ark:/67375/p66-z24rk3z6-c.0	hippocampus	hippocampus	hippocampus	hippocampus
http://data.loterre.fr/ark:/67375/p66-z2f1zb06-z.0	trace transformation theory	trace transformation theory	trace transformation theory	trace_transformation_theory
http://data.loterre.fr/ark:/67375/p66-z2f1zb06-z.1	ttt	ttt	trace transformation theory	trace_transformation_theory
http://data.loterre.fr/ark:/67375/p66-z6sqpxcn-p.0	prospective memory	prospective memory	prospective memory	prospective_memory
http://data.loterre.fr/ark:/67375/p66-z6sqpxcn-p.1	delayed intention	delayed intention	prospective memory	prospective_memory
http://data.loterre.fr/ark:/67375/p66-z6sqpxcn-p.2	memory for intention	memory for intention	prospective memory	prospective_memory
http://data.loterre.fr/ark:/67375/p66-z6sqpxcn-p.3	memory for planned intention	memory for planned intention	prospective memory	prospective_memory
http://data.loterre.fr/ark:/67375/p66-z6sqpxcn-p.4	prospective remembering	prospective remembering	prospective memory	prospective_memory
http://data.loterre.fr/ark:/67375/p66-z6sqpxcn-p.5	realization of delayed intentions	realization of delayed intentions	prospective memory	prospective_memory
http://data.loterre.fr/ark:/67375/p66-z6sqpxcn-p.6	remembering to recall	remembering to recall	prospective memory	prospective_memory
http://data.loterre.fr/ark:/67375/p66-z6sqpxcn-p.7	remembering to remember	remembering to remember	prospective memory	prospective_memory
http://data.loterre.fr/ark:/67375/p66-z85mw4d6-7.0	auto-associative memory	auto-associative memory	auto-associative memory	auto_associative_memory
http://data.loterre.fr/ark:/67375/p66-zv939nhx-g.0	delayed non-matching to sample task	delayed non-matching to sample task	delayed non-matching to sample task	delayed_non_matching_to_sample_task
http://data.loterre.fr/ark:/67375/p66-zv939nhx-g.1	dnms	dnms	delayed non-matching to sample task	delayed_non_matching_to_sample_task
http://data.loterre.fr/ark:/67375/p66-zv939nhx-g.2	delayed nonmatch to sample task	delayed nonmatch to sample task	delayed non-matching to sample task	delayed_non_matching_to_sample_task
http://data.loterre.fr/ark:/67375/p66-zv939nhx-g.3	non-match to sample paradigm	non-match to sample paradigm	delayed non-matching to sample task	delayed_non_matching_to_sample_task
http://data.loterre.fr/ark:/67375/p66-zv939nhx-g.4	non-match to sample procedure	non-match to sample procedure	delayed non-matching to sample task	delayed_non_matching_to_sample_task
http://data.loterre.fr/ark:/67375/p66-zv939nhx-g.5	non-match to sample task	non-match to sample task	delayed non-matching to sample task	delayed_non_matching_to_sample_task
http://data.loterre.fr/ark:/67375/p66-v4lvtxvq-3.0	think/no-think alcohol task	think/no-think alcohol task	think/no-think alcohol task	think_no_think_alcohol_task
http://data.loterre.fr/ark:/67375/p66-v4lvtxvq-3.1	tnta	tnta	think/no-think alcohol task	think_no_think_alcohol_task
http://data.loterre.fr/ark:/67375/p66-jf82s3p1-7.0	life review	life review	life review	life_review
http://data.loterre.fr/ark:/67375/p66-frsp4x4p-z.0	timeline technique	timeline technique	timeline technique	timeline_technique
http://data.loterre.fr/ark:/67375/p66-b0mkl2qd-7.0	incidental learning	incidental learning	incidental learning	incidental_learning
http://data.loterre.fr/ark:/67375/p66-b0mkl2qd-7.1	involuntary learning	involuntary learning	incidental learning	incidental_learning
http://data.loterre.fr/ark:/67375/p66-b0mkl2qd-7.2	nonintentional learning	nonintentional learning	incidental learning	incidental_learning
http://data.loterre.fr/ark:/67375/p66-b260skw0-r.0	double-function pairs	double-function pairs	double-function pairs	double_function_pairs
http://data.loterre.fr/ark:/67375/p66-b260skw0-r.1	ab, bc pair	ab, bc pair	double-function pairs	double_function_pairs
http://data.loterre.fr/ark:/67375/p66-b2ccmjss-d.0	source of activation confusion model	source of activation confusion model	source of activation confusion model	source_of_activation_confusion_model
http://data.loterre.fr/ark:/67375/p66-b2ccmjss-d.1	sac	sac	source of activation confusion model	source_of_activation_confusion_model
http://data.loterre.fr/ark:/67375/p66-b2ccmjss-d.2	sac model	sac model	source of activation confusion model	source_of_activation_confusion_model
http://data.loterre.fr/ark:/67375/p66-b2ccmjss-d.3	source of activation confusion theory	source of activation confusion theory	source of activation confusion model	source_of_activation_confusion_model
http://data.loterre.fr/ark:/67375/p66-b2g7fjdl-r.0	denial-induced forgetting	denial-induced forgetting	denial-induced forgetting	denial_induced_forgetting
http://data.loterre.fr/ark:/67375/p66-b2m1gxs4-3.0	judgment of frequency	judgment of frequency	judgment of frequency	judgment_of_frequency
http://data.loterre.fr/ark:/67375/p66-b2vbr640-c.0	multiple trace model	multiple trace model	multiple trace model	multiple_trace_model
http://data.loterre.fr/ark:/67375/p66-b3dph6c2-b.0	adaptive control of thought-rational	adaptive control of thought-rational	adaptive control of thought-rational	adaptive_control_of_thought_rational
http://data.loterre.fr/ark:/67375/p66-b3dph6c2-b.1	act-r	act-r	adaptive control of thought-rational	adaptive_control_of_thought_rational
http://data.loterre.fr/ark:/67375/p66-b4llw5gz-9.0	change detection paradigm	change detection paradigm	change detection paradigm	change_detection_paradigm
http://data.loterre.fr/ark:/67375/p66-b4llw5gz-9.1	change detection task	change detection task	change detection paradigm	change_detection_paradigm
http://data.loterre.fr/ark:/67375/p66-b4llw5gz-9.2	visual arrays task	visual arrays task	change detection paradigm	change_detection_paradigm
http://data.loterre.fr/ark:/67375/p66-b4llw5gz-9.3	visual-array comparison	visual-array comparison	change detection paradigm	change_detection_paradigm
http://data.loterre.fr/ark:/67375/p66-b75czfd8-4.0	self-initiated memory test	self-initiated memory test	self-initiated memory test	self_initiated_memory_test
http://data.loterre.fr/ark:/67375/p66-b8jfb5zr-r.0	dual-process models of recognition memory	dual-process models of recognition memory	dual-process models of recognition memory	dual_process_models_of_recognition_memory
http://data.loterre.fr/ark:/67375/p66-b8zt5sm7-1.0	amnesic shadow	amnesic shadow	amnesic shadow	amnesic_shadow
http://data.loterre.fr/ark:/67375/p66-bb0vlcl8-0.0	iconic memory	iconic memory	iconic memory	iconic_memory
http://data.loterre.fr/ark:/67375/p66-bb0vlcl8-0.1	precategorical visual store	precategorical visual store	iconic memory	iconic_memory
http://data.loterre.fr/ark:/67375/p66-bb0vlcl8-0.2	visual sensory memory	visual sensory memory	iconic memory	iconic_memory
http://data.loterre.fr/ark:/67375/p66-bbjdh3l4-k.0	quick mild cognitive impairment screen	quick mild cognitive impairment screen	quick mild cognitive impairment screen	quick_mild_cognitive_impairment_screen
http://data.loterre.fr/ark:/67375/p66-bbjdh3l4-k.1	qmci	qmci	quick mild cognitive impairment screen	quick_mild_cognitive_impairment_screen
http://data.loterre.fr/ark:/67375/p66-bdcm9x55-c.0	recognition-induced forgetting	recognition-induced forgetting	recognition-induced forgetting	recognition_induced_forgetting
http://data.loterre.fr/ark:/67375/p66-bdjzmm6k-h.0	interrogative suggestibility	interrogative suggestibility	interrogative suggestibility	interrogative_suggestibility
http://data.loterre.fr/ark:/67375/p66-bfzs53ds-x.0	metacognitive resolution	metacognitive resolution	metacognitive resolution	metacognitive_resolution
http://data.loterre.fr/ark:/67375/p66-bfzs53ds-x.1	metacognitive sensitivity	metacognitive sensitivity	metacognitive resolution	metacognitive_resolution
http://data.loterre.fr/ark:/67375/p66-bfzs53ds-x.2	metamemory resolution	metamemory resolution	metacognitive resolution	metacognitive_resolution
http://data.loterre.fr/ark:/67375/p66-bfzs53ds-x.3	metamemory sensitivity	metamemory sensitivity	metacognitive resolution	metacognitive_resolution
http://data.loterre.fr/ark:/67375/p66-bfzs53ds-x.4	relative metacognitive accuracy	relative metacognitive accuracy	metacognitive resolution	metacognitive_resolution
http://data.loterre.fr/ark:/67375/p66-bfzs53ds-x.5	relative metamemory accuracy	relative metamemory accuracy	metacognitive resolution	metacognitive_resolution
http://data.loterre.fr/ark:/67375/p66-bfzs53ds-x.6	relative metamnemonic accuracy	relative metamnemonic accuracy	metacognitive resolution	metacognitive_resolution
http://data.loterre.fr/ark:/67375/p66-bfzs53ds-x.7	resolution	resolution	metacognitive resolution	metacognitive_resolution
http://data.loterre.fr/ark:/67375/p66-bj3m9z3j-h.0	semantic verbal fluency test	semantic verbal fluency test	semantic verbal fluency test	semantic_verbal_fluency_test
http://data.loterre.fr/ark:/67375/p66-bj3m9z3j-h.1	categorical verbal fluency task	categorical verbal fluency task	semantic verbal fluency test	semantic_verbal_fluency_test
http://data.loterre.fr/ark:/67375/p66-bj3m9z3j-h.2	categorical verbal fluency test	categorical verbal fluency test	semantic verbal fluency test	semantic_verbal_fluency_test
http://data.loterre.fr/ark:/67375/p66-bj3m9z3j-h.3	category fluency task	category fluency task	semantic verbal fluency test	semantic_verbal_fluency_test
http://data.loterre.fr/ark:/67375/p66-bj3m9z3j-h.4	category fluency test	category fluency test	semantic verbal fluency test	semantic_verbal_fluency_test
http://data.loterre.fr/ark:/67375/p66-bj3m9z3j-h.5	semantic fluency paradigm	semantic fluency paradigm	semantic verbal fluency test	semantic_verbal_fluency_test
http://data.loterre.fr/ark:/67375/p66-bj3m9z3j-h.6	semantic fluency task	semantic fluency task	semantic verbal fluency test	semantic_verbal_fluency_test
http://data.loterre.fr/ark:/67375/p66-bjczpbgl-x.0	executive loop	executive loop	executive loop	executive_loop
http://data.loterre.fr/ark:/67375/p66-bjf9sgc9-n.0	adapted autobiographical interview	adapted autobiographical interview	adapted autobiographical interview	adapted_autobiographical_interview
http://data.loterre.fr/ark:/67375/p66-bjk2x15n-q.0	blank police lineup procedure	blank police lineup procedure	blank police lineup procedure	blank_police_lineup_procedure
http://data.loterre.fr/ark:/67375/p66-bjk2x15n-q.1	blank lineup	blank lineup	blank police lineup procedure	blank_police_lineup_procedure
http://data.loterre.fr/ark:/67375/p66-bjk2x15n-q.2	blank lineup procedure	blank lineup procedure	blank police lineup procedure	blank_police_lineup_procedure
http://data.loterre.fr/ark:/67375/p66-bjk2x15n-q.3	tapissage vide	tapissage vide	blank police lineup procedure	blank_police_lineup_procedure
http://data.loterre.fr/ark:/67375/p66-bjn438bq-7.0	relative judgment of recency	relative judgment of recency	relative judgment of recency	relative_judgment_of_recency
http://data.loterre.fr/ark:/67375/p66-bjn438bq-7.1	judgement of relative order	judgement of relative order	relative judgment of recency	relative_judgment_of_recency
http://data.loterre.fr/ark:/67375/p66-blzgr3rv-1.0	modal representation	modal representation	modal representation	modal_representation
http://data.loterre.fr/ark:/67375/p66-blzgr3rv-1.1	modal symbol	modal symbol	modal representation	modal_representation
http://data.loterre.fr/ark:/67375/p66-blzgr3rv-1.2	modality-specific representation	modality-specific representation	modal representation	modal_representation
http://data.loterre.fr/ark:/67375/p66-bmqd5qzm-g.0	visual imagery	visual imagery	visual imagery	visual_imagery
http://data.loterre.fr/ark:/67375/p66-bmqd5qzm-g.1	phantom vision	phantom vision	visual imagery	visual_imagery
http://data.loterre.fr/ark:/67375/p66-bmqd5qzm-g.2	visual image	visual image	visual imagery	visual_imagery
http://data.loterre.fr/ark:/67375/p66-bn576mnl-c.0	conceptual structure account	conceptual structure account	conceptual structure account	conceptual_structure_account
http://data.loterre.fr/ark:/67375/p66-bnpsx7vv-1.0	spontaneous false memory	spontaneous false memory	spontaneous false memory	spontaneous_false_memory
http://data.loterre.fr/ark:/67375/p66-bpzk0t52-l.0	metamemory in adulthood questionnaire	metamemory in adulthood questionnaire	metamemory in adulthood questionnaire	metamemory_in_adulthood_questionnaire
http://data.loterre.fr/ark:/67375/p66-bpzk0t52-l.1	mia	mia	metamemory in adulthood questionnaire	metamemory_in_adulthood_questionnaire
http://data.loterre.fr/ark:/67375/p66-bq3sd31f-l.0	fragile visual short-term memory	fragile visual short-term memory	fragile visual short-term memory	fragile_visual_short_term_memory
http://data.loterre.fr/ark:/67375/p66-bqbpnvtn-9.0	tower of hanoi task	tower of hanoi task	tower of hanoi task	tower_of_hanoi_task
http://data.loterre.fr/ark:/67375/p66-bqbpnvtn-9.1	lucas' tower	lucas' tower	tower of hanoi task	tower_of_hanoi_task
http://data.loterre.fr/ark:/67375/p66-bqbpnvtn-9.2	toh	toh	tower of hanoi task	tower_of_hanoi_task
http://data.loterre.fr/ark:/67375/p66-bqbpnvtn-9.3	tour de lucas	tour de lucas	tower of hanoi task	tower_of_hanoi_task
http://data.loterre.fr/ark:/67375/p66-bqbpnvtn-9.4	tower of brahma	tower of brahma	tower of hanoi task	tower_of_hanoi_task
http://data.loterre.fr/ark:/67375/p66-bqbpnvtn-9.5	tower of hanoi disk-transfer task	tower of hanoi disk-transfer task	tower of hanoi task	tower_of_hanoi_task
http://data.loterre.fr/ark:/67375/p66-bqbpnvtn-9.6	tower of hanoi problem	tower of hanoi problem	tower of hanoi task	tower_of_hanoi_task
http://data.loterre.fr/ark:/67375/p66-bqbpnvtn-9.7	tower of hanoi puzzle	tower of hanoi puzzle	tower of hanoi task	tower_of_hanoi_task
http://data.loterre.fr/ark:/67375/p66-bqbpnvtn-9.8	tower of hanoi test	tower of hanoi test	tower of hanoi task	tower_of_hanoi_task
http://data.loterre.fr/ark:/67375/p66-bqbpnvtn-9.9	problem of benares temple	problem of benares temple	tower of hanoi task	tower_of_hanoi_task
http://data.loterre.fr/ark:/67375/p66-bqbpnvtn-9.10	problème de la tour de hanoï	problème de la tour de hanoï	tower of hanoi task	tower_of_hanoi_task
http://data.loterre.fr/ark:/67375/p66-bqbpnvtn-9.11	pyramid puzzle	pyramid puzzle	tower of hanoi task	tower_of_hanoi_task
http://data.loterre.fr/ark:/67375/p66-bqbpnvtn-9.12	test de la tour de hanoï	test de la tour de hanoï	tower of hanoi task	tower_of_hanoi_task
http://data.loterre.fr/ark:/67375/p66-bqkh3zgc-0.0	acquired prosopagnosia	acquired prosopagnosia	acquired prosopagnosia	acquired_prosopagnosia
http://data.loterre.fr/ark:/67375/p66-bt7pfkch-m.0	test-potentiated learning	test-potentiated learning	test-potentiated learning	test_potentiated_learning
http://data.loterre.fr/ark:/67375/p66-bv3pqxxh-z.0	locality constraint	locality constraint	locality constraint	locality_constraint
http://data.loterre.fr/ark:/67375/p66-bv3pqxxh-z.1	positional clustering	positional clustering	locality constraint	locality_constraint
http://data.loterre.fr/ark:/67375/p66-bvx2n7j5-x.0	implicit learning	implicit learning	implicit learning	implicit_learning
http://data.loterre.fr/ark:/67375/p66-bwhdqg5f-b.0	elevated-attention hypothesis	elevated-attention hypothesis	elevated-attention hypothesis	elevated_attention_hypothesis
http://data.loterre.fr/ark:/67375/p66-bwpk8ghj-d.0	activation	activation	activation	activation
http://data.loterre.fr/ark:/67375/p66-bwqvn9ph-t.0	baddeley's model	baddeley's model	baddeley's model	baddeleys_model
http://data.loterre.fr/ark:/67375/p66-bwqvn9ph-t.1	multicomponent working memory model	multicomponent working memory model	baddeley's model	baddeleys_model
http://data.loterre.fr/ark:/67375/p66-bwv6kkb6-p.0	misinformation paradigm	misinformation paradigm	misinformation paradigm	misinformation_paradigm
http://data.loterre.fr/ark:/67375/p66-bx5d54l4-6.0	amnestic mild cognitive impairment	amnestic mild cognitive impairment	amnestic mild cognitive impairment	amnestic_mild_cognitive_impairment
http://data.loterre.fr/ark:/67375/p66-bx5d54l4-6.1	amci	amci	amnestic mild cognitive impairment	amnestic_mild_cognitive_impairment
http://data.loterre.fr/ark:/67375/p66-bxb4b3cc-h.0	dti	dti	diffusion tensor imaging	diffusion_tensor_imaging
http://data.loterre.fr/ark:/67375/p66-bxb4b3cc-h.1	dti mri	dti mri	diffusion tensor imaging	diffusion_tensor_imaging
http://data.loterre.fr/ark:/67375/p66-bxb4b3cc-h.2	diffusion tensor mri	diffusion tensor mri	diffusion tensor imaging	diffusion_tensor_imaging
http://data.loterre.fr/ark:/67375/p66-bxb4b3cc-h.3	diffusion tensor image analysis	diffusion tensor image analysis	diffusion tensor imaging	diffusion_tensor_imaging
http://data.loterre.fr/ark:/67375/p66-bxb4b3cc-h.4	diffusion tensor magnetic resonance imaging	diffusion tensor magnetic resonance imaging	diffusion tensor imaging	diffusion_tensor_imaging
http://data.loterre.fr/ark:/67375/p66-bxb4b3cc-h.5	tractography	tractography	diffusion tensor imaging	diffusion_tensor_imaging
http://data.loterre.fr/ark:/67375/p66-bxr6cpt8-9.0	explicit memory	explicit memory	explicit memory	explicit_memory
http://data.loterre.fr/ark:/67375/p66-c0485lpn-h.0	attentional refreshing	attentional refreshing	attentional refreshing	attentional_refreshing
http://data.loterre.fr/ark:/67375/p66-c056b958-f.0	retrospective confidence	retrospective confidence	retrospective confidence	retrospective_confidence
http://data.loterre.fr/ark:/67375/p66-c056b958-f.1	retrospective confidence judgment	retrospective confidence judgment	retrospective confidence	retrospective_confidence
http://data.loterre.fr/ark:/67375/p66-c14w3jk3-w.0	articulatory loop	articulatory loop	articulatory loop	articulatory_loop
http://data.loterre.fr/ark:/67375/p66-c14w3jk3-w.1	articulatory rehearsal process	articulatory rehearsal process	articulatory loop	articulatory_loop
http://data.loterre.fr/ark:/67375/p66-c2j8p7k5-c.0	sound-scene paired-associates paradigm	sound-scene paired-associates paradigm	sound-scene paired-associates paradigm	sound_scene_paired_associates_paradigm
http://data.loterre.fr/ark:/67375/p66-c37z6t0w-b.0	serial reproduction task	serial reproduction task	serial reproduction task	serial_reproduction_task
http://data.loterre.fr/ark:/67375/p66-c3dltknh-d.0	person by age	person by age	person by age	person_by_age
http://data.loterre.fr/ark:/67375/p66-c3dltknh-d.1	individual by age	individual by age	person by age	person_by_age
http://data.loterre.fr/ark:/67375/p66-c77zwh5v-0.0	self-memory system	self-memory system	self-memory system	self_memory_system
http://data.loterre.fr/ark:/67375/p66-c77zwh5v-0.1	conway's model	conway's model	self-memory system	self_memory_system
http://data.loterre.fr/ark:/67375/p66-c7j9jbww-s.0	hub and spoke model	hub and spoke model	hub and spoke model	hub_and_spoke_model
http://data.loterre.fr/ark:/67375/p66-c7np52wq-1.0	self-administered interview©	self-administered interview©	self-administered interview©	self_administered_interview©
http://data.loterre.fr/ark:/67375/p66-c7qgg8lc-z.0	rotation letter task	rotation letter task	rotation letter task	rotation_letter_task
http://data.loterre.fr/ark:/67375/p66-c8r459l2-3.0	process dissociation procedure	process dissociation procedure	process dissociation procedure	process_dissociation_procedure
http://data.loterre.fr/ark:/67375/p66-c8r459l2-3.1	process dissociation	process dissociation	process dissociation procedure	process_dissociation_procedure
http://data.loterre.fr/ark:/67375/p66-c8r459l2-3.2	process-dissociation approach	process-dissociation approach	process dissociation procedure	process_dissociation_procedure
http://data.loterre.fr/ark:/67375/p66-c8vf7ff8-5.0	schema-based false memory	schema-based false memory	schema-based false memory	schema_based_false_memory
http://data.loterre.fr/ark:/67375/p66-c8vf7ff8-5.1	false schematic memory	false schematic memory	schema-based false memory	schema_based_false_memory
http://data.loterre.fr/ark:/67375/p66-c8vf7ff8-5.2	schema-driven false memory	schema-driven false memory	schema-based false memory	schema_based_false_memory
http://data.loterre.fr/ark:/67375/p66-c8vf7ff8-5.3	schematic false memory	schematic false memory	schema-based false memory	schema_based_false_memory
http://data.loterre.fr/ark:/67375/p66-c9bt1x9x-m.0	retrieval effort	retrieval effort	retrieval effort	retrieval_effort
http://data.loterre.fr/ark:/67375/p66-c9hcxg83-2.0	mmfr procedure	mmfr procedure	mmfr procedure	mmfr_procedure
http://data.loterre.fr/ark:/67375/p66-c9hcxg83-2.1	modified modified free recall	modified modified free recall	mmfr procedure	mmfr_procedure
http://data.loterre.fr/ark:/67375/p66-c9wfmxzh-x.0	backward digit span task	backward digit span task	backward digit span task	backward_digit_span_task
http://data.loterre.fr/ark:/67375/p66-cb1b8thr-f.0	generative retrieval	generative retrieval	generative retrieval	generative_retrieval
http://data.loterre.fr/ark:/67375/p66-cbhws59b-w.0	child	child	child	child
http://data.loterre.fr/ark:/67375/p66-ccqbgs3r-l.0	random generation task	random generation task	random generation task	random_generation_task
http://data.loterre.fr/ark:/67375/p66-cdzx0lx3-q.0	actual week task	actual week task	actual week task	actual_week_task
http://data.loterre.fr/ark:/67375/p66-cg935lnv-m.0	alpha span task	alpha span task	alpha span task	alpha_span_task
http://data.loterre.fr/ark:/67375/p66-cgbpfw9l-k.0	carfax model	carfax model	carfax model	carfax_model
http://data.loterre.fr/ark:/67375/p66-ch49f4h4-h.0	bizarreness effect	bizarreness effect	bizarreness effect	bizarreness_effect
http://data.loterre.fr/ark:/67375/p66-chhr3npn-n.0	note-taking	note-taking	note-taking	note_taking
http://data.loterre.fr/ark:/67375/p66-cjg87pgd-q.0	cognitive failures questionnaire	cognitive failures questionnaire	cognitive failures questionnaire	cognitive_failures_questionnaire
http://data.loterre.fr/ark:/67375/p66-cjlw9f7k-3.0	cognitive behavioral therapy	cognitive behavioral therapy	cognitive behavioral therapy	cognitive_behavioral_therapy
http://data.loterre.fr/ark:/67375/p66-cjlw9f7k-3.1	cognitive behavior therapy	cognitive behavior therapy	cognitive behavioral therapy	cognitive_behavioral_therapy
http://data.loterre.fr/ark:/67375/p66-cjlw9f7k-3.2	cognitive behavioral psychotherapy	cognitive behavioral psychotherapy	cognitive behavioral therapy	cognitive_behavioral_therapy
http://data.loterre.fr/ark:/67375/p66-cmsw56pp-5.0	cognitive interview	cognitive interview	cognitive interview	cognitive_interview
http://data.loterre.fr/ark:/67375/p66-cmsw56pp-5.1	enhanced cognitive interview	enhanced cognitive interview	cognitive interview	cognitive_interview
http://data.loterre.fr/ark:/67375/p66-cmsw56pp-5.2	cognitive interviewing	cognitive interviewing	cognitive interview	cognitive_interview
http://data.loterre.fr/ark:/67375/p66-cnbgwtnl-j.0	ratio rule	ratio rule	ratio rule	ratio_rule
http://data.loterre.fr/ark:/67375/p66-cnbgwtnl-j.1	ratio law	ratio law	ratio rule	ratio_rule
http://data.loterre.fr/ark:/67375/p66-cp362442-g.0	todam	todam	todam	todam
http://data.loterre.fr/ark:/67375/p66-cp362442-g.1	theory of distributed associative memory	theory of distributed associative memory	todam	todam
http://data.loterre.fr/ark:/67375/p66-cpgfgnqt-1.0	prospective and retrospective memory questionnaire	prospective and retrospective memory questionnaire	prospective and retrospective memory questionnaire	prospective_and_retrospective_memory_questionnaire
http://data.loterre.fr/ark:/67375/p66-cpgfgnqt-1.1	prmq	prmq	prospective and retrospective memory questionnaire	prospective_and_retrospective_memory_questionnaire
http://data.loterre.fr/ark:/67375/p66-cqlrtv29-x.0	transactive memory	transactive memory	transactive memory	transactive_memory
http://data.loterre.fr/ark:/67375/p66-cqlrtv29-x.1	transactive memory system	transactive memory system	transactive memory	transactive_memory
http://data.loterre.fr/ark:/67375/p66-cqxrhps1-8.0	automatic priming effect	automatic priming effect	automatic priming effect	automatic_priming_effect
http://data.loterre.fr/ark:/67375/p66-cqxrhps1-8.1	automatic priming	automatic priming	automatic priming effect	automatic_priming_effect
http://data.loterre.fr/ark:/67375/p66-cr164tx7-v.0	now print! mechanism	now print! mechanism	now print! mechanism	now_print!_mechanism
http://data.loterre.fr/ark:/67375/p66-crj1v3zq-6.0	semantic-to-autobiographical memory priming effect	semantic-to-autobiographical memory priming effect	semantic-to-autobiographical memory priming effect	semantic_to_autobiographical_memory_priming_effect
http://data.loterre.fr/ark:/67375/p66-csx6p8fn-1.0	anticipation error	anticipation error	anticipation error	anticipation_error
http://data.loterre.fr/ark:/67375/p66-cvfjzqv0-t.0	source memory	source memory	source memory	source_memory
http://data.loterre.fr/ark:/67375/p66-cvksxp7h-h.0	bi-hippocampal amnestic syndrome	bi-hippocampal amnestic syndrome	bi-hippocampal amnestic syndrome	bi_hippocampal_amnestic_syndrome
http://data.loterre.fr/ark:/67375/p66-cxwc138j-9.0	diffusion model	diffusion model	diffusion model	diffusion_model
http://data.loterre.fr/ark:/67375/p66-cxwc138j-9.1	diffusion modeling	diffusion modeling	diffusion model	diffusion_model
http://data.loterre.fr/ark:/67375/p66-cxxq0blh-5.0	autobiographical interview	autobiographical interview	autobiographical interview	autobiographical_interview
http://data.loterre.fr/ark:/67375/p66-czk4kbml-l.0	multiple memory systems theory	multiple memory systems theory	multiple memory systems theory	multiple_memory_systems_theory
http://data.loterre.fr/ark:/67375/p66-czk4kbml-l.1	mms theory	mms theory	multiple memory systems theory	multiple_memory_systems_theory
http://data.loterre.fr/ark:/67375/p66-czk4kbml-l.2	multiple memory systems framework	multiple memory systems framework	multiple memory systems theory	multiple_memory_systems_theory
http://data.loterre.fr/ark:/67375/p66-czk4kbml-l.3	multiple memory systems model	multiple memory systems model	multiple memory systems theory	multiple_memory_systems_theory
http://data.loterre.fr/ark:/67375/p66-czk4kbml-l.4	structural theory of memory	structural theory of memory	multiple memory systems theory	multiple_memory_systems_theory
http://data.loterre.fr/ark:/67375/p66-czksmfwb-x.0	concentric model	concentric model	concentric model	concentric_model
http://data.loterre.fr/ark:/67375/p66-czrl35lf-5.0	verbal association task	verbal association task	verbal association task	verbal_association_task
http://data.loterre.fr/ark:/67375/p66-czrl35lf-5.1	free association task	free association task	verbal association task	verbal_association_task
http://data.loterre.fr/ark:/67375/p66-czszd29q-x.0	script	script	script	script
http://data.loterre.fr/ark:/67375/p66-czv2trjr-s.0	rivermead behavioural memory test for children	rivermead behavioural memory test for children	rivermead behavioural memory test for children	rivermead_behavioural_memory_test_for_children
http://data.loterre.fr/ark:/67375/p66-czv2trjr-s.1	rbmt-c	rbmt-c	rivermead behavioural memory test for children	rivermead_behavioural_memory_test_for_children
http://data.loterre.fr/ark:/67375/p66-d016c98c-q.0	prospective person memory	prospective person memory	prospective person memory	prospective_person_memory
http://data.loterre.fr/ark:/67375/p66-d0h4k7jw-l.0	probed recall task	probed recall task	probed recall task	probed_recall_task
http://data.loterre.fr/ark:/67375/p66-d294xxwt-6.0	squire subjective memory questionnaire	squire subjective memory questionnaire	squire subjective memory questionnaire	squire_subjective_memory_questionnaire
http://data.loterre.fr/ark:/67375/p66-d2tclm5z-6.0	age-associated memory impairment	age-associated memory impairment	age-associated memory impairment	age_associated_memory_impairment
http://data.loterre.fr/ark:/67375/p66-d2zksnzr-l.0	list-method directed forgetting procedure	list-method directed forgetting procedure	list-method directed forgetting paradigm	list_method_directed_forgetting_paradigm
http://data.loterre.fr/ark:/67375/p66-d304pdbz-3.0	eyewitness testimony	eyewitness testimony	eyewitness testimony	eyewitness_testimony
http://data.loterre.fr/ark:/67375/p66-d304pdbz-3.1	eyewitness	eyewitness	eyewitness testimony	eyewitness_testimony
http://data.loterre.fr/ark:/67375/p66-d304pdbz-3.2	eyewitness evidence	eyewitness evidence	eyewitness testimony	eyewitness_testimony
http://data.loterre.fr/ark:/67375/p66-d304pdbz-3.3	eyewitness identification	eyewitness identification	eyewitness testimony	eyewitness_testimony
http://data.loterre.fr/ark:/67375/p66-d304pdbz-3.4	eyewitness memory	eyewitness memory	eyewitness testimony	eyewitness_testimony
http://data.loterre.fr/ark:/67375/p66-d304pdbz-3.5	eyewitness report	eyewitness report	eyewitness testimony	eyewitness_testimony
http://data.loterre.fr/ark:/67375/p66-d4sw9z1b-v.0	fast mapping process	fast mapping process	fast mapping process	fast_mapping_process
http://data.loterre.fr/ark:/67375/p66-d577tpzm-k.0	prediction of knowing	prediction of knowing	prediction of knowing	prediction_of_knowing
http://data.loterre.fr/ark:/67375/p66-d577tpzm-k.1	pok	pok	prediction of knowing	prediction_of_knowing
http://data.loterre.fr/ark:/67375/p66-d5bfb81s-c.0	positive subsequent memory effect	positive subsequent memory effect	positive subsequent memory effect	positive_subsequent_memory_effect
http://data.loterre.fr/ark:/67375/p66-d5phl00g-k.0	eidetic memory	eidetic memory	eidetic memory	eidetic_memory
http://data.loterre.fr/ark:/67375/p66-d5phl00g-k.1	photographic memory	photographic memory	eidetic memory	eidetic_memory
http://data.loterre.fr/ark:/67375/p66-d5phl00g-k.2	total memory	total memory	eidetic memory	eidetic_memory
http://data.loterre.fr/ark:/67375/p66-d5phl00g-k.3	total recall	total recall	eidetic memory	eidetic_memory
http://data.loterre.fr/ark:/67375/p66-d69tgc3c-6.0	implicit associative response	implicit associative response	implicit associative response	implicit_associative_response
http://data.loterre.fr/ark:/67375/p66-d6lfmb15-2.0	cue-word method	cue-word method	cue-word method	cue_word_method
http://data.loterre.fr/ark:/67375/p66-d6lfmb15-2.1	crovitz test	crovitz test	cue-word method	cue_word_method
http://data.loterre.fr/ark:/67375/p66-d6lfmb15-2.2	galton-crovitz method	galton-crovitz method	cue-word method	cue_word_method
http://data.loterre.fr/ark:/67375/p66-d6lfmb15-2.3	galton-crovitz word-cuing technique	galton-crovitz word-cuing technique	cue-word method	cue_word_method
http://data.loterre.fr/ark:/67375/p66-d6lfmb15-2.4	cuing method	cuing method	cue-word method	cue_word_method
http://data.loterre.fr/ark:/67375/p66-d6lfmb15-2.5	memory probe method	memory probe method	cue-word method	cue_word_method
http://data.loterre.fr/ark:/67375/p66-d6lfmb15-2.6	word-cue method	word-cue method	cue-word method	cue_word_method
http://data.loterre.fr/ark:/67375/p66-d6lfmb15-2.7	word-cue technique	word-cue technique	cue-word method	cue_word_method
http://data.loterre.fr/ark:/67375/p66-d6v20glw-v.0	autoreferential contamination	autoreferential contamination	autoreferential contamination	autoreferential_contamination
http://data.loterre.fr/ark:/67375/p66-d6xl3pdr-m.0	blind implantation method	blind implantation method	blind implantation method	blind_implantation_method
http://data.loterre.fr/ark:/67375/p66-d720vzz8-3.0	autobiographical memory	autobiographical memory	autobiographical memory	autobiographical_memory
http://data.loterre.fr/ark:/67375/p66-d7jmlkql-b.0	semantic prospection	semantic prospection	semantic prospection	semantic_prospection
http://data.loterre.fr/ark:/67375/p66-d840xqxl-q.0	one-list-back paradigm	one-list-back paradigm	one-list-back paradigm	one_list_back_paradigm
http://data.loterre.fr/ark:/67375/p66-d840xqxl-q.1	list-before-last paradigm	list-before-last paradigm	one-list-back paradigm	one_list_back_paradigm
http://data.loterre.fr/ark:/67375/p66-d8ks7z67-2.0	bonn test of statement suggestibility	bonn test of statement suggestibility	bonn test of statement suggestibility	bonn_test_of_statement_suggestibility
http://data.loterre.fr/ark:/67375/p66-db5h7cc7-c.0	young adult	young adult	young adult	young_adult
http://data.loterre.fr/ark:/67375/p66-db5h7cc7-c.1	younger adult	younger adult	young adult	young_adult
http://data.loterre.fr/ark:/67375/p66-db7v4hk7-q.0	temporal distinctiveness hypothesis	temporal distinctiveness hypothesis	temporal distinctiveness hypothesis	temporal_distinctiveness_hypothesis
http://data.loterre.fr/ark:/67375/p66-dd16n3ct-8.0	memory for intentions screening test	memory for intentions screening test	memory for intentions screening test	memory_for_intentions_screening_test
http://data.loterre.fr/ark:/67375/p66-dd16n3ct-8.1	mist	mist	memory for intentions screening test	memory_for_intentions_screening_test
http://data.loterre.fr/ark:/67375/p66-df6mb3bl-s.0	judgment of the rate of learning	judgment of the rate of learning	judgment of the rate of learning	judgment_of_the_rate_of_learning
http://data.loterre.fr/ark:/67375/p66-df6pxm1g-3.0	reading span task	reading span task	reading span task	reading_span_task
http://data.loterre.fr/ark:/67375/p66-dgv9435d-r.0	mnemonist	mnemonist	mnemonist	mnemonist
http://data.loterre.fr/ark:/67375/p66-dgv9435d-r.1	memory athlete	memory athlete	mnemonist	mnemonist
http://data.loterre.fr/ark:/67375/p66-dgv9435d-r.2	memory champion	memory champion	mnemonist	mnemonist
http://data.loterre.fr/ark:/67375/p66-dgv9435d-r.3	super memorizer	super memorizer	mnemonist	mnemonist
http://data.loterre.fr/ark:/67375/p66-dgv9435d-r.4	superior memorist	superior memorist	mnemonist	mnemonist
http://data.loterre.fr/ark:/67375/p66-dgv9435d-r.5	superior memorizer	superior memorizer	mnemonist	mnemonist
http://data.loterre.fr/ark:/67375/p66-dhr9zbl8-2.0	conceptual fluency	conceptual fluency	conceptual fluency	conceptual_fluency
http://data.loterre.fr/ark:/67375/p66-dhr9zbl8-2.1	semantic fluency	semantic fluency	conceptual fluency	conceptual_fluency
http://data.loterre.fr/ark:/67375/p66-dhz3ms65-d.0	intentional learning	intentional learning	intentional learning	intentional_learning
http://data.loterre.fr/ark:/67375/p66-dhz3ms65-d.1	explicit learning	explicit learning	intentional learning	intentional_learning
http://data.loterre.fr/ark:/67375/p66-dj4qm3d1-m.0	addenbrooke's cognitive examination - iii	addenbrooke's cognitive examination - iii	addenbrooke's cognitive examination - iii	addenbrookes_cognitive_examination__iii
http://data.loterre.fr/ark:/67375/p66-dj7w5s93-9.0	retrieval success	retrieval success	retrieval success	retrieval_success
http://data.loterre.fr/ark:/67375/p66-dqff84xw-r.0	buffer memory	buffer memory	buffer memory	buffer_memory
http://data.loterre.fr/ark:/67375/p66-dql4hx0l-3.0	repisodic memory	repisodic memory	repisodic memory	repisodic_memory
http://data.loterre.fr/ark:/67375/p66-dqvdh2bn-m.0	mt+ area	mt+ area	mt+ area	mt+_area
http://data.loterre.fr/ark:/67375/p66-drff94sx-b.0	procedural memory	procedural memory	procedural memory	procedural_memory
http://data.loterre.fr/ark:/67375/p66-drk58lf2-s.0	working memory questionnaire	working memory questionnaire	working memory questionnaire	working_memory_questionnaire
http://data.loterre.fr/ark:/67375/p66-ds278xgs-q.0	mediated priming effect	mediated priming effect	mediated priming effect	mediated_priming_effect
http://data.loterre.fr/ark:/67375/p66-ds278xgs-q.1	mediated priming	mediated priming	mediated priming effect	mediated_priming_effect
http://data.loterre.fr/ark:/67375/p66-ds6fs5bx-4.0	topographical working memory	topographical working memory	topographical working memory	topographical_working_memory
http://data.loterre.fr/ark:/67375/p66-dswz2t3b-8.0	lag effect	lag effect	lag effect	lag_effect
http://data.loterre.fr/ark:/67375/p66-dswz2t3b-8.1	melton effect	melton effect	lag effect	lag_effect
http://data.loterre.fr/ark:/67375/p66-dtgsj8fl-r.0	memory foraging	memory foraging	memory foraging	memory_foraging
http://data.loterre.fr/ark:/67375/p66-dvhmmsp5-c.0	semantization	semantization	semantization	semantization
http://data.loterre.fr/ark:/67375/p66-dvhmmsp5-c.1	semanticization	semanticization	semantization	semantization
http://data.loterre.fr/ark:/67375/p66-dvr59lf6-t.0	functional magnetic resonance imaging	functional magnetic resonance imaging	functional magnetic resonance imaging	functional_magnetic_resonance_imaging
http://data.loterre.fr/ark:/67375/p66-dvr59lf6-t.1	functional mri	functional mri	functional magnetic resonance imaging	functional_magnetic_resonance_imaging
http://data.loterre.fr/ark:/67375/p66-dw563n6b-2.0	redintegration	redintegration	redintegration	redintegration
http://data.loterre.fr/ark:/67375/p66-dwq32rzc-f.0	modal model of memory	modal model of memory	modal model of memory	modal_model_of_memory
http://data.loterre.fr/ark:/67375/p66-dwq32rzc-f.1	atkinson and shiffrin's model	atkinson and shiffrin's model	modal model of memory	modal_model_of_memory
http://data.loterre.fr/ark:/67375/p66-dxgb76s5-9.0	cognitive offloading	cognitive offloading	cognitive offloading	cognitive_offloading
http://data.loterre.fr/ark:/67375/p66-dxpq8rpt-s.0	trauma film paradigm	trauma film paradigm	trauma film paradigm	trauma_film_paradigm
http://data.loterre.fr/ark:/67375/p66-dxpq8rpt-s.1	trauma clip	trauma clip	trauma film paradigm	trauma_film_paradigm
http://data.loterre.fr/ark:/67375/p66-dz76m0df-8.0	visuo-spatial sketchpad	visuo-spatial sketchpad	visuo-spatial sketchpad	visuo_spatial_sketchpad
http://data.loterre.fr/ark:/67375/p66-dz76m0df-8.1	vssp	vssp	visuo-spatial sketchpad	visuo_spatial_sketchpad
http://data.loterre.fr/ark:/67375/p66-dz76m0df-8.2	visuo-spatial scratchpad	visuo-spatial scratchpad	visuo-spatial sketchpad	visuo_spatial_sketchpad
http://data.loterre.fr/ark:/67375/p66-dzzpgz5r-g.0	primacy effect	primacy effect	primacy effect	primacy_effect
http://data.loterre.fr/ark:/67375/p66-dzzpgz5r-g.1	law of primacy	law of primacy	primacy effect	primacy_effect
http://data.loterre.fr/ark:/67375/p66-dzzpgz5r-g.2	principle of primacy	principle of primacy	primacy effect	primacy_effect
http://data.loterre.fr/ark:/67375/p66-f1pmqz2z-s.0	negative priming effect	negative priming effect	negative priming effect	negative_priming_effect
http://data.loterre.fr/ark:/67375/p66-f1pmqz2z-s.1	negative priming	negative priming	negative priming effect	negative_priming_effect
http://data.loterre.fr/ark:/67375/p66-f2kvsn3w-m.0	centrality of event scale	centrality of event scale	centrality of event scale	centrality_of_event_scale
http://data.loterre.fr/ark:/67375/p66-f2kvsn3w-m.1	ces	ces	centrality of event scale	centrality_of_event_scale
http://data.loterre.fr/ark:/67375/p66-f2m62tmw-7.0	backward associative strength	backward associative strength	backward associative strength	backward_associative_strength
http://data.loterre.fr/ark:/67375/p66-f2m62tmw-7.1	bas	bas	backward associative strength	backward_associative_strength
http://data.loterre.fr/ark:/67375/p66-f2wcgx5s-7.0	positive memory training	positive memory training	positive memory training	positive_memory_training
http://data.loterre.fr/ark:/67375/p66-f2wcgx5s-7.1	pomet	pomet	positive memory training	positive_memory_training
http://data.loterre.fr/ark:/67375/p66-f3p6pdwm-s.0	dual-probe recognition task ​	dual-probe recognition task ​	dual-probe recognition task ​	dual_probe_recognition_task_​
http://data.loterre.fr/ark:/67375/p66-f3p6pdwm-s.1	dual-probe recognition paradigm	dual-probe recognition paradigm	dual-probe recognition task ​	dual_probe_recognition_task_​
http://data.loterre.fr/ark:/67375/p66-f3p6pdwm-s.2	dual-probe recognition procedure	dual-probe recognition procedure	dual-probe recognition task ​	dual_probe_recognition_task_​
http://data.loterre.fr/ark:/67375/p66-f5x8hxl1-6.0	cognitive load	cognitive load	cognitive load	cognitive_load
http://data.loterre.fr/ark:/67375/p66-f5x8hxl1-6.1	cognitive effort	cognitive effort	cognitive load	cognitive_load
http://data.loterre.fr/ark:/67375/p66-f5x8hxl1-6.2	mental load	mental load	cognitive load	cognitive_load
http://data.loterre.fr/ark:/67375/p66-f5x8hxl1-6.3	processing capacity	processing capacity	cognitive load	cognitive_load
http://data.loterre.fr/ark:/67375/p66-f5x8hxl1-6.4	workload	workload	cognitive load	cognitive_load
http://data.loterre.fr/ark:/67375/p66-f621jlhv-v.0	sensory reactivation hypothesis	sensory reactivation hypothesis	sensory reactivation hypothesis	sensory_reactivation_hypothesis
http://data.loterre.fr/ark:/67375/p66-f8jmf1vc-g.0	own-race bias	own-race bias	own-race bias	own_race_bias
http://data.loterre.fr/ark:/67375/p66-f8jmf1vc-g.1	ore	ore	own-race bias	own_race_bias
http://data.loterre.fr/ark:/67375/p66-f8jmf1vc-g.2	cross-race deficit	cross-race deficit	own-race bias	own_race_bias
http://data.loterre.fr/ark:/67375/p66-f8jmf1vc-g.3	cross-race effect	cross-race effect	own-race bias	own_race_bias
http://data.loterre.fr/ark:/67375/p66-f8jmf1vc-g.4	cross-race identification bias	cross-race identification bias	own-race bias	own_race_bias
http://data.loterre.fr/ark:/67375/p66-f8jmf1vc-g.5	cross-race recognition deficit	cross-race recognition deficit	own-race bias	own_race_bias
http://data.loterre.fr/ark:/67375/p66-f8jmf1vc-g.6	other race effect	other race effect	own-race bias	own_race_bias
http://data.loterre.fr/ark:/67375/p66-f8jmf1vc-g.7	own-ethnicity bias	own-ethnicity bias	own-race bias	own_race_bias
http://data.loterre.fr/ark:/67375/p66-f8jmf1vc-g.8	own-race recognition deficit	own-race recognition deficit	own-race bias	own_race_bias
http://data.loterre.fr/ark:/67375/p66-f91w5xds-c.0	conceptual self	conceptual self	conceptual self	conceptual_self
http://data.loterre.fr/ark:/67375/p66-f993crvc-r.0	judgment of learning	judgment of learning	judgment of learning	judgment_of_learning
http://data.loterre.fr/ark:/67375/p66-f993crvc-r.1	jol	jol	judgment of learning	judgment_of_learning
http://data.loterre.fr/ark:/67375/p66-fb57gcjs-6.0	infant	infant	infant	infant
http://data.loterre.fr/ark:/67375/p66-fb7zbsrt-5.0	misplacement confabulation	misplacement confabulation	misplacement confabulation	misplacement_confabulation
http://data.loterre.fr/ark:/67375/p66-ff4jcfqj-n.0	global matching model	global matching model	global matching model	global_matching_model
http://data.loterre.fr/ark:/67375/p66-fhbh7kr6-z.0	retrieval stopping	retrieval stopping	retrieval stopping	retrieval_stopping
http://data.loterre.fr/ark:/67375/p66-fhfqhwqb-c.0	implanted false memory	implanted false memory	implanted false memory	implanted_false_memory
http://data.loterre.fr/ark:/67375/p66-fhfqhwqb-c.1	rich false memory	rich false memory	implanted false memory	implanted_false_memory
http://data.loterre.fr/ark:/67375/p66-fjn7r4wl-5.0	proper name anomia	proper name anomia	proper name anomia	proper_name_anomia
http://data.loterre.fr/ark:/67375/p66-fjn7r4wl-5.1	proper noun anomia	proper noun anomia	proper name anomia	proper_name_anomia
http://data.loterre.fr/ark:/67375/p66-fkspm177-m.0	double-cue method	double-cue method	double-cue method	double_cue_method
http://data.loterre.fr/ark:/67375/p66-fkzt3cnd-c.0	law of disuse	law of disuse	law of disuse	law_of_disuse
http://data.loterre.fr/ark:/67375/p66-fm726cxz-4.0	episodic buffer	episodic buffer	episodic buffer	episodic_buffer
http://data.loterre.fr/ark:/67375/p66-fnn3ttq9-v.0	prospective remembering video procedure	prospective remembering video procedure	prospective remembering video procedure	prospective_remembering_video_procedure
http://data.loterre.fr/ark:/67375/p66-fnn3ttq9-v.1	pmvp	pmvp	prospective remembering video procedure	prospective_remembering_video_procedure
http://data.loterre.fr/ark:/67375/p66-fpgrs2kw-v.0	negation-induced forgetting	negation-induced forgetting	negation-induced forgetting	negation_induced_forgetting
http://data.loterre.fr/ark:/67375/p66-fqv2gf1j-6.0	einstein and mcdaniel’s paradigm	einstein and mcdaniel’s paradigm	einstein and mcdaniel’s paradigm	einstein_and_mcdaniel's_paradigm
http://data.loterre.fr/ark:/67375/p66-fqxk8kbn-c.0	hypermnesia (pathology)	hypermnesia (pathology)	hypermnesia (pathology)	hypermnesia_(pathology)
http://data.loterre.fr/ark:/67375/p66-fs1vm1fp-l.0	computation span task	computation span task	computation span task	computation_span_task
http://data.loterre.fr/ark:/67375/p66-fs7bmm5m-8.0	amodal representation	amodal representation	amodal representation	amodal_representation
http://data.loterre.fr/ark:/67375/p66-fs7bmm5m-8.1	abstract representation	abstract representation	amodal representation	amodal_representation
http://data.loterre.fr/ark:/67375/p66-fs7bmm5m-8.2	amodal symbol	amodal symbol	amodal representation	amodal_representation
http://data.loterre.fr/ark:/67375/p66-fsxq9vf0-h.0	wisconsin card sorting test	wisconsin card sorting test	wisconsin card sorting test	wisconsin_card_sorting_test
http://data.loterre.fr/ark:/67375/p66-fvxlbvmp-8.0	local recognition task	local recognition task	local recognition task	local_recognition_task
http://data.loterre.fr/ark:/67375/p66-fw8sw88q-2.0	stochastic independence	stochastic independence	stochastic independence	stochastic_independence
http://data.loterre.fr/ark:/67375/p66-fw8v8tv0-w.0	suggestibility	suggestibility	suggestibility	suggestibility
http://data.loterre.fr/ark:/67375/p66-fwgqvh2s-r.0	adaptive memory	adaptive memory	adaptive memory	adaptive_memory
http://data.loterre.fr/ark:/67375/p66-fwzs318n-7.0	memory distrust syndrome	memory distrust syndrome	memory distrust syndrome	memory_distrust_syndrome
http://data.loterre.fr/ark:/67375/p66-fz3s259c-7.0	multi-process theory of prospective memory	multi-process theory of prospective memory	multi-process theory of prospective memory	multi_process_theory_of_prospective_memory
http://data.loterre.fr/ark:/67375/p66-fz3s259c-7.1	multiprocess framework	multiprocess framework	multi-process theory of prospective memory	multi_process_theory_of_prospective_memory
http://data.loterre.fr/ark:/67375/p66-fz3s259c-7.2	multiprocess theory	multiprocess theory	multi-process theory of prospective memory	multi_process_theory_of_prospective_memory
http://data.loterre.fr/ark:/67375/p66-fzsqx285-z.0	accessibility/availability	accessibility/availability	accessibility/availability	accessibility_availability
http://data.loterre.fr/ark:/67375/p66-g0gx2bms-r.0	dual process signal detection model	dual process signal detection model	dual process signal detection model	dual_process_signal_detection_model
http://data.loterre.fr/ark:/67375/p66-g0gx2bms-r.1	dpsd	dpsd	dual process signal detection model	dual_process_signal_detection_model
http://data.loterre.fr/ark:/67375/p66-g0gx2bms-r.2	dpsdt	dpsdt	dual process signal detection model	dual_process_signal_detection_model
http://data.loterre.fr/ark:/67375/p66-g0gx2bms-r.3	dual process signal detection theory	dual process signal detection theory	dual process signal detection model	dual_process_signal_detection_model
http://data.loterre.fr/ark:/67375/p66-g0rh1q4b-x.0	matrix model	matrix model	matrix model	matrix_model
http://data.loterre.fr/ark:/67375/p66-g24hfptq-2.0	test-wait-test-exit model	test-wait-test-exit model	test-wait-test-exit model	test_wait_test_exit_model
http://data.loterre.fr/ark:/67375/p66-g24hfptq-2.1	twte model	twte model	test-wait-test-exit model	test_wait_test_exit_model
http://data.loterre.fr/ark:/67375/p66-g40jxqwq-3.0	maintenance rehearsal	maintenance rehearsal	maintenance rehearsal	maintenance_rehearsal
http://data.loterre.fr/ark:/67375/p66-g40jxqwq-3.1	type i processing	type i processing	maintenance rehearsal	maintenance_rehearsal
http://data.loterre.fr/ark:/67375/p66-g47s1jvj-b.0	recognition through semantic synchronization model	recognition through semantic synchronization model	recognition through semantic synchronization model	recognition_through_semantic_synchronization_model
http://data.loterre.fr/ark:/67375/p66-g4dlbk9r-m.0	morphological priming effect	morphological priming effect	morphological priming effect	morphological_priming_effect
http://data.loterre.fr/ark:/67375/p66-g4dlbk9r-m.1	morphological priming	morphological priming	morphological priming effect	morphological_priming_effect
http://data.loterre.fr/ark:/67375/p66-g5759t52-c.0	recollective confabulation	recollective confabulation	recollective confabulation	recollective_confabulation
http://data.loterre.fr/ark:/67375/p66-g5bcpp16-s.0	corsi task	corsi task	corsi task	corsi_task
http://data.loterre.fr/ark:/67375/p66-g5bcpp16-s.1	corsi block tapping test	corsi block tapping test	corsi task	corsi_task
http://data.loterre.fr/ark:/67375/p66-g5bcpp16-s.2	corsi block task	corsi block task	corsi task	corsi_task
http://data.loterre.fr/ark:/67375/p66-g5bcpp16-s.3	corsi test	corsi test	corsi task	corsi_task
http://data.loterre.fr/ark:/67375/p66-g5j4cz0l-c.0	hyperpriming effect	hyperpriming effect	hyperpriming effect	hyperpriming_effect
http://data.loterre.fr/ark:/67375/p66-g5j4cz0l-c.1	hyperpriming	hyperpriming	hyperpriming effect	hyperpriming_effect
http://data.loterre.fr/ark:/67375/p66-g5zpksz8-1.0	own-sex bias	own-sex bias	own-sex bias	own_sex_bias
http://data.loterre.fr/ark:/67375/p66-g5zpksz8-1.1	own-gender bias	own-gender bias	own-sex bias	own_sex_bias
http://data.loterre.fr/ark:/67375/p66-g6dd596l-h.0	complementary learning systems	complementary learning systems	complementary learning systems	complementary_learning_systems
http://data.loterre.fr/ark:/67375/p66-g6sjtfqc-7.0	declarative working memory	declarative working memory	declarative working memory	declarative_working_memory
http://data.loterre.fr/ark:/67375/p66-g7r7sm8m-w.0	event segmentation theory	event segmentation theory	event segmentation theory	event_segmentation_theory
http://data.loterre.fr/ark:/67375/p66-g7trsdn4-m.0	simulation theory	simulation theory	simulation theory	simulation_theory
http://data.loterre.fr/ark:/67375/p66-g7trsdn4-m.1	simulationism	simulationism	simulation theory	simulation_theory
http://data.loterre.fr/ark:/67375/p66-g7trsdn4-m.2	simulationist approach	simulationist approach	simulation theory	simulation_theory
http://data.loterre.fr/ark:/67375/p66-gd1bp0vw-g.0	reference-back paradigm	reference-back paradigm	reference-back paradigm	reference_back_paradigm
http://data.loterre.fr/ark:/67375/p66-gdvh1z2g-1.0	von restorff effect	von restorff effect	von restorff effect	von_restorff_effect
http://data.loterre.fr/ark:/67375/p66-gdvh1z2g-1.1	isolation effect	isolation effect	von restorff effect	von_restorff_effect
http://data.loterre.fr/ark:/67375/p66-gf5lhh36-1.0	crashing memories task	crashing memories task	crashing memories paradigm	crashing_memories_paradigm
http://data.loterre.fr/ark:/67375/p66-gf5lhh36-1.1	non-existent news-footage paradigm	non-existent news-footage paradigm	crashing memories paradigm	crashing_memories_paradigm
http://data.loterre.fr/ark:/67375/p66-ghngg5zb-3.0	haptic memory	haptic memory	haptic memory	haptic_memory
http://data.loterre.fr/ark:/67375/p66-glk4q9x5-7.0	sensory memory	sensory memory	sensory memory	sensory_memory
http://data.loterre.fr/ark:/67375/p66-glk4q9x5-7.1	preattentive immediate memory	preattentive immediate memory	sensory memory	sensory_memory
http://data.loterre.fr/ark:/67375/p66-glk4q9x5-7.2	sensory register	sensory register	sensory memory	sensory_memory
http://data.loterre.fr/ark:/67375/p66-gm3kp6tp-f.0	syntactic priming effect	syntactic priming effect	syntactic priming effect	syntactic_priming_effect
http://data.loterre.fr/ark:/67375/p66-gm3kp6tp-f.1	structural priming	structural priming	syntactic priming effect	syntactic_priming_effect
http://data.loterre.fr/ark:/67375/p66-gm3kp6tp-f.2	syntactic priming	syntactic priming	syntactic priming effect	syntactic_priming_effect
http://data.loterre.fr/ark:/67375/p66-gmv9t2w9-s.0	category-specific semantic deficit	category-specific semantic deficit	category-specific semantic deficit	category_specific_semantic_deficit
http://data.loterre.fr/ark:/67375/p66-gmv9t2w9-s.1	category-specific deficit	category-specific deficit	category-specific semantic deficit	category_specific_semantic_deficit
http://data.loterre.fr/ark:/67375/p66-gmv9t2w9-s.2	category-specific semantic impairment	category-specific semantic impairment	category-specific semantic deficit	category_specific_semantic_deficit
http://data.loterre.fr/ark:/67375/p66-gnql7x5h-b.0	rapid serial visual presentation	rapid serial visual presentation	rapid serial visual presentation	rapid_serial_visual_presentation
http://data.loterre.fr/ark:/67375/p66-gnql7x5h-b.1	rsvp	rsvp	rapid serial visual presentation	rapid_serial_visual_presentation
http://data.loterre.fr/ark:/67375/p66-gnsxtw6l-p.0	oscar model	oscar model	oscar model	oscar_model
http://data.loterre.fr/ark:/67375/p66-gnsxtw6l-p.1	oscillator-based associative recall	oscillator-based associative recall	oscar model	oscar_model
http://data.loterre.fr/ark:/67375/p66-gphtm10g-s.0	comprehensive assessment of prospective memory	comprehensive assessment of prospective memory	comprehensive assessment of prospective memory	comprehensive_assessment_of_prospective_memory
http://data.loterre.fr/ark:/67375/p66-gphtm10g-s.1	capm	capm	comprehensive assessment of prospective memory	comprehensive_assessment_of_prospective_memory
http://data.loterre.fr/ark:/67375/p66-gstmmftx-5.0	hunter-mccrary hypothesis	hunter-mccrary hypothesis	hunter-mccrary hypothesis	hunter_mccrary_hypothesis
http://data.loterre.fr/ark:/67375/p66-gstmmftx-5.1	hunter-mccrary law	hunter-mccrary law	hunter-mccrary hypothesis	hunter_mccrary_hypothesis
http://data.loterre.fr/ark:/67375/p66-gt96ks10-p.0	intrusive memory	intrusive memory	intrusive memory	intrusive_memory
http://data.loterre.fr/ark:/67375/p66-gt96ks10-p.1	memory intrusion	memory intrusion	intrusive memory	intrusive_memory
http://data.loterre.fr/ark:/67375/p66-gv12x82m-c.0	autobiographical fluency task	autobiographical fluency task	autobiographical fluency task	autobiographical_fluency_task
http://data.loterre.fr/ark:/67375/p66-gv12x82m-c.1	autobiographical verbal fluency task	autobiographical verbal fluency task	autobiographical fluency task	autobiographical_fluency_task
http://data.loterre.fr/ark:/67375/p66-gvcftjql-b.0	ranschburg phenomenon	ranschburg phenomenon	ranschburg phenomenon	ranschburg_phenomenon
http://data.loterre.fr/ark:/67375/p66-gvcftjql-b.1	ranschburg effect	ranschburg effect	ranschburg phenomenon	ranschburg_phenomenon
http://data.loterre.fr/ark:/67375/p66-gvcftjql-b.2	repetition inhibition	repetition inhibition	ranschburg phenomenon	ranschburg_phenomenon
http://data.loterre.fr/ark:/67375/p66-gw54nkzt-g.0	strategic priming effect	strategic priming effect	strategic priming effect	strategic_priming_effect
http://data.loterre.fr/ark:/67375/p66-gw54nkzt-g.1	strategic priming	strategic priming	strategic priming effect	strategic_priming_effect
http://data.loterre.fr/ark:/67375/p66-gwcfksrw-9.0	spi model	spi model	spi model	spi_model
http://data.loterre.fr/ark:/67375/p66-gwxm150s-5.0	investigative interview	investigative interview	investigative interview	investigative_interview
http://data.loterre.fr/ark:/67375/p66-gwxm150s-5.1	forensic interview	forensic interview	investigative interview	investigative_interview
http://data.loterre.fr/ark:/67375/p66-gwxm150s-5.2	forensic interviewing	forensic interviewing	investigative interview	investigative_interview
http://data.loterre.fr/ark:/67375/p66-gwxm150s-5.3	interrogation	interrogation	investigative interview	investigative_interview
http://data.loterre.fr/ark:/67375/p66-gwxm150s-5.4	investigative interviewing	investigative interviewing	investigative interview	investigative_interview
http://data.loterre.fr/ark:/67375/p66-gx38vz6k-r.0	flashbulb memory	flashbulb memory	flashbulb memory	flashbulb_memory
http://data.loterre.fr/ark:/67375/p66-gxcw895f-s.0	method of loci	method of loci	method of loci	method_of_loci
http://data.loterre.fr/ark:/67375/p66-gxcw895f-s.1	mol	mol	method of loci	method_of_loci
http://data.loterre.fr/ark:/67375/p66-gxcw895f-s.2	loci method	loci method	method of loci	method_of_loci
http://data.loterre.fr/ark:/67375/p66-gxcw895f-s.3	loci mnemonics	loci mnemonics	method of loci	method_of_loci
http://data.loterre.fr/ark:/67375/p66-gxcw895f-s.4	memory palace	memory palace	method of loci	method_of_loci
http://data.loterre.fr/ark:/67375/p66-gxcw895f-s.5	mental walk technique	mental walk technique	method of loci	method_of_loci
http://data.loterre.fr/ark:/67375/p66-gxcw895f-s.6	palace of memory	palace of memory	method of loci	method_of_loci
http://data.loterre.fr/ark:/67375/p66-gxgh17kd-g.0	overt-repetition technique	overt-repetition technique	overt-repetition technique	overt_repetition_technique
http://data.loterre.fr/ark:/67375/p66-gxn88qst-d.0	autobiographical memory test	autobiographical memory test	autobiographical memory test	autobiographical_memory_test
http://data.loterre.fr/ark:/67375/p66-gxn88qst-d.1	amt	amt	autobiographical memory test	autobiographical_memory_test
http://data.loterre.fr/ark:/67375/p66-gxvkgg51-r.0	eyewitness metamemory scale	eyewitness metamemory scale	eyewitness metamemory scale	eyewitness_metamemory_scale
http://data.loterre.fr/ark:/67375/p66-gz08ch4r-c.0	superager	superager	superager	superager
http://data.loterre.fr/ark:/67375/p66-gz08ch4r-c.1	highly performing older adult	highly performing older adult	superager	superager
http://data.loterre.fr/ark:/67375/p66-gz08ch4r-c.2	successful ager	successful ager	superager	superager
http://data.loterre.fr/ark:/67375/p66-gz08ch4r-c.3	superaging	superaging	superager	superager
http://data.loterre.fr/ark:/67375/p66-gz969c25-l.0	memory binding test	memory binding test	memory binding test	memory_binding_test
http://data.loterre.fr/ark:/67375/p66-gz969c25-l.1	mbt	mbt	memory binding test	memory_binding_test
http://data.loterre.fr/ark:/67375/p66-gz969c25-l.2	memory capacity test	memory capacity test	memory binding test	memory_binding_test
http://data.loterre.fr/ark:/67375/p66-h0017q3p-h.0	demonstration for more detail technique	demonstration for more detail technique	demonstration for more detail technique	demonstration_for_more_detail_technique
http://data.loterre.fr/ark:/67375/p66-h0017q3p-h.1	demo technique	demo technique	demonstration for more detail technique	demonstration_for_more_detail_technique
http://data.loterre.fr/ark:/67375/p66-h03t8dfx-c.0	acquired equivalence paradigm	acquired equivalence paradigm	acquired equivalence paradigm	acquired_equivalence_paradigm
http://data.loterre.fr/ark:/67375/p66-h1809vwn-p.0	embedded-processes model	embedded-processes model	embedded-processes model	embedded_processes_model
http://data.loterre.fr/ark:/67375/p66-h1kpj0k3-h.0	subjective memory questionnaire	subjective memory questionnaire	subjective memory questionnaire	subjective_memory_questionnaire
http://data.loterre.fr/ark:/67375/p66-h1kpj0k3-h.1	smq	smq	subjective memory questionnaire	subjective_memory_questionnaire
http://data.loterre.fr/ark:/67375/p66-h1kpj0k3-h.2	smq-r	smq-r	subjective memory questionnaire	subjective_memory_questionnaire
http://data.loterre.fr/ark:/67375/p66-h1p8m0c1-q.0	supervisory attentional system	supervisory attentional system	supervisory attentional system	supervisory_attentional_system
http://data.loterre.fr/ark:/67375/p66-h2017hmg-3.0	statistical learning	statistical learning	statistical learning	statistical_learning
http://data.loterre.fr/ark:/67375/p66-h2017hmg-3.1	implicit probabilistic learning	implicit probabilistic learning	statistical learning	statistical_learning
http://data.loterre.fr/ark:/67375/p66-h2017hmg-3.2	sequence learning	sequence learning	statistical learning	statistical_learning
http://data.loterre.fr/ark:/67375/p66-h2rqdv8d-4.0	l.s. case	l.s. case	l.s. case	l.s._case
http://data.loterre.fr/ark:/67375/p66-h3kpp4c4-4.0	vicarious memory	vicarious memory	vicarious memory	vicarious_memory
http://data.loterre.fr/ark:/67375/p66-h3mg41vm-g.0	word-fragment completion task	word-fragment completion task	word-fragment completion task	word_fragment_completion_task
http://data.loterre.fr/ark:/67375/p66-h4kq48cq-3.0	magnetoencephalography	magnetoencephalography	magnetoencephalography	magnetoencephalography
http://data.loterre.fr/ark:/67375/p66-h4kq48cq-3.1	meg	meg	magnetoencephalography	magnetoencephalography
http://data.loterre.fr/ark:/67375/p66-h4kq48cq-3.2	magnetoencephalogram	magnetoencephalogram	magnetoencephalography	magnetoencephalography
http://data.loterre.fr/ark:/67375/p66-h4vtf2fl-3.0	hippocampal memory indexing theory	hippocampal memory indexing theory	hippocampal memory indexing theory	hippocampal_memory_indexing_theory
http://data.loterre.fr/ark:/67375/p66-h4vtf2fl-3.1	hit	hit	hippocampal memory indexing theory	hippocampal_memory_indexing_theory
http://data.loterre.fr/ark:/67375/p66-h4vtf2fl-3.2	hippocampal indexing theory	hippocampal indexing theory	hippocampal memory indexing theory	hippocampal_memory_indexing_theory
http://data.loterre.fr/ark:/67375/p66-h5ms00f5-9.0	visual association test	visual association test	visual association test	visual_association_test
http://data.loterre.fr/ark:/67375/p66-h6b44k9z-b.0	face-name associative memory exam	face-name associative memory exam	face-name associative memory exam	face_name_associative_memory_exam
http://data.loterre.fr/ark:/67375/p66-h6b44k9z-b.1	fname	fname	face-name associative memory exam	face_name_associative_memory_exam
http://data.loterre.fr/ark:/67375/p66-h6b44k9z-b.2	face-name associative memory test	face-name associative memory test	face-name associative memory exam	face_name_associative_memory_exam
http://data.loterre.fr/ark:/67375/p66-h6mw587m-j.0	spin list	spin list	spin list	spin_list
http://data.loterre.fr/ark:/67375/p66-h7095f6k-j.0	elaboration	elaboration	elaboration	elaboration
http://data.loterre.fr/ark:/67375/p66-h857vqmn-z.0	selective directed forgetting effect	selective directed forgetting effect	selective directed forgetting effect	selective_directed_forgetting_effect
http://data.loterre.fr/ark:/67375/p66-h8bvmrzn-c.0	fusion method	fusion method	fusion method	fusion_method
http://data.loterre.fr/ark:/67375/p66-h8fhgk18-f.0	distributional hypothesis	distributional hypothesis	distributional hypothesis	distributional_hypothesis
http://data.loterre.fr/ark:/67375/p66-h946n395-n.0	action memory	action memory	action memory	action_memory
http://data.loterre.fr/ark:/67375/p66-hbgv2x07-t.0	single-process models of recognition memory	single-process models of recognition memory	single-process models of recognition memory	single_process_models_of_recognition_memory
http://data.loterre.fr/ark:/67375/p66-hcfm2n9d-p.0	autobiographical memory network	autobiographical memory network	autobiographical memory network	autobiographical_memory_network
http://data.loterre.fr/ark:/67375/p66-hcfm2n9d-p.1	autobiographical memory core network	autobiographical memory core network	autobiographical memory network	autobiographical_memory_network
http://data.loterre.fr/ark:/67375/p66-hd9nft5w-d.0	implementation intention	implementation intention	implementation intention	implementation_intention
http://data.loterre.fr/ark:/67375/p66-hdsr1wkc-7.0	color-word contingency learning task	color-word contingency learning task	color-word contingency learning task	color_word_contingency_learning_task
http://data.loterre.fr/ark:/67375/p66-hf89w76c-l.0	self-directed learning	self-directed learning	self-directed learning	self_directed_learning
http://data.loterre.fr/ark:/67375/p66-hf89w76c-l.1	self-regulated learning	self-regulated learning	self-directed learning	self_directed_learning
http://data.loterre.fr/ark:/67375/p66-hflqlv31-8.0	aged adult	aged adult	aged adult	aged_adult
http://data.loterre.fr/ark:/67375/p66-hflqlv31-8.1	aged individual	aged individual	aged adult	aged_adult
http://data.loterre.fr/ark:/67375/p66-hflqlv31-8.2	aged person	aged person	aged adult	aged_adult
http://data.loterre.fr/ark:/67375/p66-hflqlv31-8.3	old adult	old adult	aged adult	aged_adult
http://data.loterre.fr/ark:/67375/p66-hflqlv31-8.4	old person	old person	aged adult	aged_adult
http://data.loterre.fr/ark:/67375/p66-hflqlv31-8.5	older adult	older adult	aged adult	aged_adult
http://data.loterre.fr/ark:/67375/p66-hflqlv31-8.6	older individual	older individual	aged adult	aged_adult
http://data.loterre.fr/ark:/67375/p66-hflqlv31-8.7	older person	older person	aged adult	aged_adult
http://data.loterre.fr/ark:/67375/p66-hhh7zm8w-m.0	mattis dementia rating scale	mattis dementia rating scale	mattis dementia rating scale	mattis_dementia_rating_scale
http://data.loterre.fr/ark:/67375/p66-hhh7zm8w-m.1	drs	drs	mattis dementia rating scale	mattis_dementia_rating_scale
http://data.loterre.fr/ark:/67375/p66-hhh7zm8w-m.2	dementia rating scale	dementia rating scale	mattis dementia rating scale	mattis_dementia_rating_scale
http://data.loterre.fr/ark:/67375/p66-hhh7zm8w-m.3	mdrs	mdrs	mattis dementia rating scale	mattis_dementia_rating_scale
http://data.loterre.fr/ark:/67375/p66-hhh7zm8w-m.4	mdrs-second edition	mdrs-second edition	mattis dementia rating scale	mattis_dementia_rating_scale
http://data.loterre.fr/ark:/67375/p66-hhh7zm8w-m.5	mattis dementia rating scale 2	mattis dementia rating scale 2	mattis dementia rating scale	mattis_dementia_rating_scale
http://data.loterre.fr/ark:/67375/p66-hkg1kpxb-d.0	word-stem completion task	word-stem completion task	word-stem completion task	word_stem_completion_task
http://data.loterre.fr/ark:/67375/p66-hkhc8dbx-4.0	missing scan task	missing scan task	missing scan task	missing_scan_task
http://data.loterre.fr/ark:/67375/p66-hl3wzmjg-p.0	semantic distance task	semantic distance task	semantic distance task	semantic_distance_task
http://data.loterre.fr/ark:/67375/p66-hm68jqlj-z.0	beagle model	beagle model	beagle model	beagle_model
http://data.loterre.fr/ark:/67375/p66-hqlf2jw8-g.0	composite complex span	composite complex span	composite complex span	composite_complex_span
http://data.loterre.fr/ark:/67375/p66-hqm4n2zz-m.0	self-report questionnaire	self-report questionnaire	self-report questionnaire	self_report_questionnaire
http://data.loterre.fr/ark:/67375/p66-hs91rpr9-x.0	habituation/dishabituation paradigm	habituation/dishabituation paradigm	habituation/dishabituation paradigm	habituation_dishabituation_paradigm
http://data.loterre.fr/ark:/67375/p66-hsc55791-g.0	constructive episodic simulation hypothesis	constructive episodic simulation hypothesis	constructive episodic simulation hypothesis	constructive_episodic_simulation_hypothesis
http://data.loterre.fr/ark:/67375/p66-htr66sd3-n.0	direct test of memory	direct test of memory	direct test of memory	direct_test_of_memory
http://data.loterre.fr/ark:/67375/p66-hzthqvs9-s.0	associative memory stroop task	associative memory stroop task	associative memory stroop task	associative_memory_stroop_task
http://data.loterre.fr/ark:/67375/p66-hzthqvs9-s.1	associative memory stroop paradigm	associative memory stroop paradigm	associative memory stroop task	associative_memory_stroop_task
http://data.loterre.fr/ark:/67375/p66-j1hbstjx-m.0	a-b, a-c learning task	a-b, a-c learning task	a-b, a-c learning task	a_b_a_c_learning_task
http://data.loterre.fr/ark:/67375/p66-j1hbstjx-m.1	a-b, a-c paradigm	a-b, a-c paradigm	a-b, a-c learning task	a_b_a_c_learning_task
http://data.loterre.fr/ark:/67375/p66-j1hbstjx-m.2	a-b, a-d learning	a-b, a-d learning	a-b, a-c learning task	a_b_a_c_learning_task
http://data.loterre.fr/ark:/67375/p66-j1hbstjx-m.3	a-b, a-d paradigm	a-b, a-d paradigm	a-b, a-c learning task	a_b_a_c_learning_task
http://data.loterre.fr/ark:/67375/p66-j2zkskt7-x.0	auditory memory	auditory memory	auditory memory	auditory_memory
http://data.loterre.fr/ark:/67375/p66-j3jr31jw-1.0	hernet model	hernet model	hernet model	hernet_model
http://data.loterre.fr/ark:/67375/p66-j3jr31jw-1.1	hippocampal encoding/retrieval and network model	hippocampal encoding/retrieval and network model	hernet model	hernet_model
http://data.loterre.fr/ark:/67375/p66-j3tgr3qw-v.0	associative-activation theory	associative-activation theory	associative-activation theory	associative_activation_theory
http://data.loterre.fr/ark:/67375/p66-j5mm9009-6.0	minerva ii	minerva ii	minerva 2	minerva_2
http://data.loterre.fr/ark:/67375/p66-j5mm9009-6.1	minerva2	minerva2	minerva 2	minerva_2
http://data.loterre.fr/ark:/67375/p66-j5twxw3h-q.0	spatial span task	spatial span task	spatial span task	spatial_span_task
http://data.loterre.fr/ark:/67375/p66-j6qwdf2b-g.0	temporal compression	temporal compression	temporal compression	temporal_compression
http://data.loterre.fr/ark:/67375/p66-j7qjpvmv-d.0	continuous reproduction task	continuous reproduction task	continuous reproduction task	continuous_reproduction_task
http://data.loterre.fr/ark:/67375/p66-j7qjpvmv-d.1	continuous report task	continuous report task	continuous reproduction task	continuous_reproduction_task
http://data.loterre.fr/ark:/67375/p66-j7qjpvmv-d.2	delayed estimation task	delayed estimation task	continuous reproduction task	continuous_reproduction_task
http://data.loterre.fr/ark:/67375/p66-j7t09rfb-9.0	indirect test of memory	indirect test of memory	indirect test of memory	indirect_test_of_memory
http://data.loterre.fr/ark:/67375/p66-j8ghrzhl-d.0	adult	adult	adult	adult
http://data.loterre.fr/ark:/67375/p66-j9m18d03-p.0	explanatory role hypothesis	explanatory role hypothesis	explanatory role hypothesis	explanatory_role_hypothesis
http://data.loterre.fr/ark:/67375/p66-j9tz1w8n-8.0	thinking-induced forgetting	thinking-induced forgetting	thinking-induced forgetting	thinking_induced_forgetting
http://data.loterre.fr/ark:/67375/p66-jb1z9tf3-h.0	serial recall task	serial recall task	serial recall task	serial_recall_task
http://data.loterre.fr/ark:/67375/p66-jb1z9tf3-h.1	ordered recall task	ordered recall task	serial recall task	serial_recall_task
http://data.loterre.fr/ark:/67375/p66-jb1z9tf3-h.2	serial recall	serial recall	serial recall task	serial_recall_task
http://data.loterre.fr/ark:/67375/p66-jb1z9tf3-h.3	serial recall test	serial recall test	serial recall task	serial_recall_task
http://data.loterre.fr/ark:/67375/p66-jc8z1bpc-x.0	prospective confidence	prospective confidence	prospective confidence	prospective_confidence
http://data.loterre.fr/ark:/67375/p66-jcn78qxs-v.0	associative deficit hypothesis	associative deficit hypothesis	associative deficit hypothesis	associative_deficit_hypothesis
http://data.loterre.fr/ark:/67375/p66-jd19vjzw-4.0	retrieval practice	retrieval practice	retrieval practice	retrieval_practice
http://data.loterre.fr/ark:/67375/p66-jd19vjzw-4.1	recitation	recitation	retrieval practice	retrieval_practice
http://data.loterre.fr/ark:/67375/p66-jdm901rr-4.0	overgeneral memory	overgeneral memory	overgeneral memory	overgeneral_memory
http://data.loterre.fr/ark:/67375/p66-jdm901rr-4.1	memory overgenerality	memory overgenerality	overgeneral memory	overgeneral_memory
http://data.loterre.fr/ark:/67375/p66-jdm901rr-4.2	overgeneral autobiographical memory	overgeneral autobiographical memory	overgeneral memory	overgeneral_memory
http://data.loterre.fr/ark:/67375/p66-jdm901rr-4.3	reduced autobiographical memory specificity	reduced autobiographical memory specificity	overgeneral memory	overgeneral_memory
http://data.loterre.fr/ark:/67375/p66-jdx6khsx-t.0	schema assimilation model	schema assimilation model	schema assimilation model	schema_assimilation_model
http://data.loterre.fr/ark:/67375/p66-jfxtxt0c-4.0	think/no-think paradigm	think/no-think paradigm	think/no-think paradigm	think_no_think_paradigm
http://data.loterre.fr/ark:/67375/p66-jfxtxt0c-4.1	tnt	tnt	think/no-think paradigm	think_no_think_paradigm
http://data.loterre.fr/ark:/67375/p66-jfxtxt0c-4.2	tnt paradigm	tnt paradigm	think/no-think paradigm	think_no_think_paradigm
http://data.loterre.fr/ark:/67375/p66-jfxtxt0c-4.3	tnt procedure	tnt procedure	think/no-think paradigm	think_no_think_paradigm
http://data.loterre.fr/ark:/67375/p66-jgd6169k-g.0	sem model	sem model	sem model	sem_model
http://data.loterre.fr/ark:/67375/p66-jgd6169k-g.1	start-end model	start-end model	sem model	sem_model
http://data.loterre.fr/ark:/67375/p66-jgfqsvdn-1.0	wechsler memory scale	wechsler memory scale	wechsler memory scale	wechsler_memory_scale
http://data.loterre.fr/ark:/67375/p66-jgfqsvdn-1.1	wms	wms	wechsler memory scale	wechsler_memory_scale
http://data.loterre.fr/ark:/67375/p66-jgfqsvdn-1.2	wms-iii	wms-iii	wechsler memory scale	wechsler_memory_scale
http://data.loterre.fr/ark:/67375/p66-jgfqsvdn-1.3	wms-iv	wms-iv	wechsler memory scale	wechsler_memory_scale
http://data.loterre.fr/ark:/67375/p66-jgfqsvdn-1.4	wms-r	wms-r	wechsler memory scale	wechsler_memory_scale
http://data.loterre.fr/ark:/67375/p66-jgmn027g-s.0	preparatory attentional and memory processes theory	preparatory attentional and memory processes theory	preparatory attentional and memory processes theory	preparatory_attentional_and_memory_processes_theory
http://data.loterre.fr/ark:/67375/p66-jgmn027g-s.1	pam theory	pam theory	preparatory attentional and memory processes theory	preparatory_attentional_and_memory_processes_theory
http://data.loterre.fr/ark:/67375/p66-jj8wbd3l-k.0	subjective memory complaints questionnaire	subjective memory complaints questionnaire	subjective memory complaints questionnaire	subjective_memory_complaints_questionnaire
http://data.loterre.fr/ark:/67375/p66-jj8wbd3l-k.1	smcq	smcq	subjective memory complaints questionnaire	subjective_memory_complaints_questionnaire
http://data.loterre.fr/ark:/67375/p66-jkfsd77j-g.0	functional serial position curve	functional serial position curve	functional serial position curve	functional_serial_position_curve
http://data.loterre.fr/ark:/67375/p66-jmf16vf1-q.0	perceptual fluency	perceptual fluency	perceptual fluency	perceptual_fluency
http://data.loterre.fr/ark:/67375/p66-jp687hxg-1.0	collective false memory	collective false memory	collective false memory	collective_false_memory
http://data.loterre.fr/ark:/67375/p66-jphhcmkx-h.0	retrieval orientation	retrieval orientation	retrieval orientation	retrieval_orientation
http://data.loterre.fr/ark:/67375/p66-jpnm07c9-t.0	mnesis model	mnesis model	mnesis model	mnesis_model
http://data.loterre.fr/ark:/67375/p66-jpnm07c9-t.1	memory neostructural and inter-systemic model	memory neostructural and inter-systemic model	mnesis model	mnesis_model
http://data.loterre.fr/ark:/67375/p66-jqqczclq-r.0	orthographic working memory	orthographic working memory	orthographic working memory	orthographic_working_memory
http://data.loterre.fr/ark:/67375/p66-jqqczclq-r.1	graphemic buffer	graphemic buffer	orthographic working memory	orthographic_working_memory
http://data.loterre.fr/ark:/67375/p66-jqrwwnlb-8.0	associative memory	associative memory	associative memory	associative_memory
http://data.loterre.fr/ark:/67375/p66-jqrwwnlb-8.1	association-memory	association-memory	associative memory	associative_memory
http://data.loterre.fr/ark:/67375/p66-jrt9vh2m-m.0	continuous paired-associate learning task	continuous paired-associate learning task	continuous paired-associate learning task	continuous_paired_associate_learning_task
http://data.loterre.fr/ark:/67375/p66-jrxxxpg1-0.0	act-in theory	act-in theory	act-in theory	act_in_theory
http://data.loterre.fr/ark:/67375/p66-jrxxxpg1-0.1	activation-integration theory	activation-integration theory	act-in theory	act_in_theory
http://data.loterre.fr/ark:/67375/p66-js7bdwdb-1.0	earwitness testimony	earwitness testimony	earwitness testimony	earwitness_testimony
http://data.loterre.fr/ark:/67375/p66-jsq860pf-r.0	bcdmem model	bcdmem model	bind cue decide model of episodic memory	bind_cue_decide_model_of_episodic_memory
http://data.loterre.fr/ark:/67375/p66-jtqbv59k-p.0	witness model	witness model	witness model	witness_model
http://data.loterre.fr/ark:/67375/p66-jwgtj6pw-1.0	multifactorial memory questionnaire	multifactorial memory questionnaire	multifactorial memory questionnaire	multifactorial_memory_questionnaire
http://data.loterre.fr/ark:/67375/p66-jwgtj6pw-1.1	mmq	mmq	multifactorial memory questionnaire	multifactorial_memory_questionnaire
http://data.loterre.fr/ark:/67375/p66-jwph1z9n-t.0	time in-working-memory hypothesis	time in-working-memory hypothesis	time in-working-memory hypothesis	time_in_working_memory_hypothesis
http://data.loterre.fr/ark:/67375/p66-jwph1z9n-t.1	time in-wm hypothesis	time in-wm hypothesis	time in-working-memory hypothesis	time_in_working_memory_hypothesis
http://data.loterre.fr/ark:/67375/p66-jxkljjpb-x.0	simple model	simple model	simple model	simple_model
http://data.loterre.fr/ark:/67375/p66-jxkljjpb-x.1	scale independent memory, perception and learning model	scale independent memory, perception and learning model	simple model	simple_model
http://data.loterre.fr/ark:/67375/p66-jxkljjpb-x.2	scale invariant memory and perceptual learning model	scale invariant memory and perceptual learning model	simple model	simple_model
http://data.loterre.fr/ark:/67375/p66-jxnd260v-g.0	harold model	harold model	harold model	harold_model
http://data.loterre.fr/ark:/67375/p66-jxnd260v-g.1	harold hypothesis	harold hypothesis	harold model	harold_model
http://data.loterre.fr/ark:/67375/p66-jxnd260v-g.2	hemispheric asymmetry reduction in older adults	hemispheric asymmetry reduction in older adults	harold model	harold_model
http://data.loterre.fr/ark:/67375/p66-jxnd260v-g.3	hemispheric asymmetry reduction in older adults hypothesis	hemispheric asymmetry reduction in older adults hypothesis	harold model	harold_model
http://data.loterre.fr/ark:/67375/p66-k0d65x2x-x.0	positional coding theory	positional coding theory	positional coding theory	positional_coding_theory
http://data.loterre.fr/ark:/67375/p66-k26dpgjm-0.0	athena model	athena model	athena model	athena_model
http://data.loterre.fr/ark:/67375/p66-k37fld01-v.0	royal prince alfred prospective memory test	royal prince alfred prospective memory test	royal prince alfred prospective memory test	royal_prince_alfred_prospective_memory_test
http://data.loterre.fr/ark:/67375/p66-k37fld01-v.1	rpa-promem	rpa-promem	royal prince alfred prospective memory test	royal_prince_alfred_prospective_memory_test
http://data.loterre.fr/ark:/67375/p66-k38mbb96-g.0	inner scribe	inner scribe	inner scribe	inner_scribe
http://data.loterre.fr/ark:/67375/p66-k4tm9jll-k.0	spontaneous confabulation	spontaneous confabulation	spontaneous confabulation	spontaneous_confabulation
http://data.loterre.fr/ark:/67375/p66-k58rm8dt-0.0	go/no-go task	go/no-go task	go/no-go task	go_no_go_task
http://data.loterre.fr/ark:/67375/p66-k5mk7mbb-1.0	in-group/outgroup model	in-group/outgroup model	in-group/outgroup model	in_group_outgroup_model
http://data.loterre.fr/ark:/67375/p66-k5mk7mbb-1.1	iom	iom	in-group/outgroup model	in_group_outgroup_model
http://data.loterre.fr/ark:/67375/p66-k6qvntdf-7.0	reminiscing style	reminiscing style	reminiscing style	reminiscing_style
http://data.loterre.fr/ark:/67375/p66-k6qvntdf-7.1	conversational style	conversational style	reminiscing style	reminiscing_style
http://data.loterre.fr/ark:/67375/p66-k6qvntdf-7.2	parental reminiscing style	parental reminiscing style	reminiscing style	reminiscing_style
http://data.loterre.fr/ark:/67375/p66-k7qk5t5s-w.0	working memory period paradigm	working memory period paradigm	working memory period paradigm	working_memory_period_paradigm
http://data.loterre.fr/ark:/67375/p66-k87v4d11-t.0	transcranial direct current stimulation	transcranial direct current stimulation	transcranial direct current stimulation	transcranial_direct_current_stimulation
http://data.loterre.fr/ark:/67375/p66-k87v4d11-t.1	tdcs	tdcs	transcranial direct current stimulation	transcranial_direct_current_stimulation
http://data.loterre.fr/ark:/67375/p66-k8bkrrgb-q.0	mnemonic similarity task	mnemonic similarity task	mnemonic similarity task	mnemonic_similarity_task
http://data.loterre.fr/ark:/67375/p66-k8bkrrgb-q.1	behavioral pattern separation task	behavioral pattern separation task	mnemonic similarity task	mnemonic_similarity_task
http://data.loterre.fr/ark:/67375/p66-kc2wlh2z-9.0	skaggs-robinson hypothesis	skaggs-robinson hypothesis	skaggs-robinson hypothesis	skaggs_robinson_hypothesis
http://data.loterre.fr/ark:/67375/p66-kc2wlh2z-9.1	skaggs-robinson curve	skaggs-robinson curve	skaggs-robinson hypothesis	skaggs_robinson_hypothesis
http://data.loterre.fr/ark:/67375/p66-kc2wlh2z-9.2	skaggs-robinson law	skaggs-robinson law	skaggs-robinson hypothesis	skaggs_robinson_hypothesis
http://data.loterre.fr/ark:/67375/p66-kc2wlh2z-9.3	similarity paradox	similarity paradox	skaggs-robinson hypothesis	skaggs_robinson_hypothesis
http://data.loterre.fr/ark:/67375/p66-kcjfsjmn-l.0	cybercruiser	cybercruiser	cybercruiser	cybercruiser
http://data.loterre.fr/ark:/67375/p66-kcmd8869-j.0	yes/no recognition task	yes/no recognition task	yes/no recognition task	yes_no_recognition_task
http://data.loterre.fr/ark:/67375/p66-kcmd8869-j.1	yes/no recognition paradigm	yes/no recognition paradigm	yes/no recognition task	yes_no_recognition_task
http://data.loterre.fr/ark:/67375/p66-kf6tkb5m-f.0	memory confusion	memory confusion	memory confusion	memory_confusion
http://data.loterre.fr/ark:/67375/p66-kgf9jfl6-2.0	sternberg task	sternberg task	sternberg task	sternberg_task
http://data.loterre.fr/ark:/67375/p66-kgf9jfl6-2.1	sternberg item recognition task	sternberg item recognition task	sternberg task	sternberg_task
http://data.loterre.fr/ark:/67375/p66-kgf9jfl6-2.2	sternberg paradigm	sternberg paradigm	sternberg task	sternberg_task
http://data.loterre.fr/ark:/67375/p66-kgf9jfl6-2.3	sternberg's memory scanning paradigm	sternberg's memory scanning paradigm	sternberg task	sternberg_task
http://data.loterre.fr/ark:/67375/p66-kgf9jfl6-2.4	memory scanning experiment	memory scanning experiment	sternberg task	sternberg_task
http://data.loterre.fr/ark:/67375/p66-kgf9jfl6-2.5	memory scanning paradigm	memory scanning paradigm	sternberg task	sternberg_task
http://data.loterre.fr/ark:/67375/p66-khj4fzq3-l.0	multitrial free recall task	multitrial free recall task	multitrial free recall task	multitrial_free_recall_task
http://data.loterre.fr/ark:/67375/p66-khjsdwcq-6.0	functionalist theories of memory	functionalist theories of memory	functionalist theories of memory	functionalist_theories_of_memory
http://data.loterre.fr/ark:/67375/p66-khjsdwcq-6.1	procedural theories of memory	procedural theories of memory	functionalist theories of memory	functionalist_theories_of_memory
http://data.loterre.fr/ark:/67375/p66-khqhd0xq-5.0	principle of coherence	principle of coherence	principle of coherence	principle_of_coherence
http://data.loterre.fr/ark:/67375/p66-kk6lxtl8-p.0	working memory	working memory	working memory	working_memory
http://data.loterre.fr/ark:/67375/p66-kk6lxtl8-p.1	m-space	m-space	working memory	working_memory
http://data.loterre.fr/ark:/67375/p66-kkgd8hks-d.0	tulving-wiseman law	tulving-wiseman law	tulving-wiseman law	tulving_wiseman_law
http://data.loterre.fr/ark:/67375/p66-kkrtw8hq-s.0	associative recognition task	associative recognition task	associative recognition task	associative_recognition_task
http://data.loterre.fr/ark:/67375/p66-kkrtw8hq-s.1	associative recognition paradigm	associative recognition paradigm	associative recognition task	associative_recognition_task
http://data.loterre.fr/ark:/67375/p66-kkrtw8hq-s.2	associative recognition test	associative recognition test	associative recognition task	associative_recognition_task
http://data.loterre.fr/ark:/67375/p66-klf6544r-k.0	gudjonsson suggestibility scale	gudjonsson suggestibility scale	gudjonsson suggestibility scale	gudjonsson_suggestibility_scale
http://data.loterre.fr/ark:/67375/p66-klf6544r-k.1	gss	gss	gudjonsson suggestibility scale	gudjonsson_suggestibility_scale
http://data.loterre.fr/ark:/67375/p66-klf6544r-k.2	gss1	gss1	gudjonsson suggestibility scale	gudjonsson_suggestibility_scale
http://data.loterre.fr/ark:/67375/p66-kmlfzjr5-3.0	verbal fluency test	verbal fluency test	verbal fluency test	verbal_fluency_test
http://data.loterre.fr/ark:/67375/p66-kmlfzjr5-3.1	verbal fluency task	verbal fluency task	verbal fluency test	verbal_fluency_test
http://data.loterre.fr/ark:/67375/p66-knvl7rps-z.0	violation of expectation paradigm	violation of expectation paradigm	violation of expectation paradigm	violation_of_expectation_paradigm
http://data.loterre.fr/ark:/67375/p66-knvl7rps-z.1	violation of expectancy paradigm	violation of expectancy paradigm	violation of expectation paradigm	violation_of_expectation_paradigm
http://data.loterre.fr/ark:/67375/p66-knwz0fmc-f.0	own-age bias	own-age bias	own-age bias	own_age_bias
http://data.loterre.fr/ark:/67375/p66-kp7dv2r3-5.0	memory alteration test	memory alteration test	memory alteration test	memory_alteration_test
http://data.loterre.fr/ark:/67375/p66-kp7dv2r3-5.1	m@t	m@t	memory alteration test	memory_alteration_test
http://data.loterre.fr/ark:/67375/p66-kq1k76v2-c.0	complex span task	complex span task	complex span task	complex_span_task
http://data.loterre.fr/ark:/67375/p66-kq1k76v2-c.1	complex wm span task	complex wm span task	complex span task	complex_span_task
http://data.loterre.fr/ark:/67375/p66-kq1k76v2-c.2	complex span	complex span	complex span task	complex_span_task
http://data.loterre.fr/ark:/67375/p66-kq1k76v2-c.3	complex working memory span task	complex working memory span task	complex span task	complex_span_task
http://data.loterre.fr/ark:/67375/p66-kq1k76v2-c.4	processing-and-storage task	processing-and-storage task	complex span task	complex_span_task
http://data.loterre.fr/ark:/67375/p66-kq89gbzf-l.0	short-term consolidation	short-term consolidation	short-term consolidation	short_term_consolidation
http://data.loterre.fr/ark:/67375/p66-kqntbwlf-3.0	visual paired-comparison paradigm	visual paired-comparison paradigm	visual paired-comparison paradigm	visual_paired_comparison_paradigm
http://data.loterre.fr/ark:/67375/p66-kqwb77jr-h.0	dms48	dms48	dms48	dms48
http://data.loterre.fr/ark:/67375/p66-kr2pwmz9-k.0	direct retrieval	direct retrieval	direct retrieval	direct_retrieval
http://data.loterre.fr/ark:/67375/p66-kr2pwmz9-k.1	spontaneous retrieval	spontaneous retrieval	direct retrieval	direct_retrieval
http://data.loterre.fr/ark:/67375/p66-ks3rprct-v.0	test of memory malingering	test of memory malingering	test of memory malingering	test_of_memory_malingering
http://data.loterre.fr/ark:/67375/p66-ks3rprct-v.1	tomm	tomm	test of memory malingering	test_of_memory_malingering
http://data.loterre.fr/ark:/67375/p66-kvn51r57-r.0	central executive	central executive	central executive	central_executive
http://data.loterre.fr/ark:/67375/p66-kvn51r57-r.1	executive attention	executive attention	central executive	central_executive
http://data.loterre.fr/ark:/67375/p66-kx1ckz3j-l.0	semantic categorization task	semantic categorization task	semantic categorization task	semantic_categorization_task
http://data.loterre.fr/ark:/67375/p66-kx1ckz3j-l.1	semantic categorization	semantic categorization	semantic categorization task	semantic_categorization_task
http://data.loterre.fr/ark:/67375/p66-kxc5280j-d.0	repeated reproduction	repeated reproduction	repeated reproduction	repeated_reproduction
http://data.loterre.fr/ark:/67375/p66-l2cd2bxt-z.0	response signal procedure	response signal procedure	response signal procedure	response_signal_procedure
http://data.loterre.fr/ark:/67375/p66-l2l3rc4k-f.0	episodic future thinking-induced forgetting	episodic future thinking-induced forgetting	episodic future thinking-induced forgetting	episodic_future_thinking_induced_forgetting
http://data.loterre.fr/ark:/67375/p66-l2l3rc4k-f.1	eft-induced forgetting	eft-induced forgetting	episodic future thinking-induced forgetting	episodic_future_thinking_induced_forgetting
http://data.loterre.fr/ark:/67375/p66-l4b4v85x-z.0	recency effect	recency effect	recency effect	recency_effect
http://data.loterre.fr/ark:/67375/p66-l4b4v85x-z.1	law of recency	law of recency	recency effect	recency_effect
http://data.loterre.fr/ark:/67375/p66-l4b4v85x-z.2	principle of recency	principle of recency	recency effect	recency_effect
http://data.loterre.fr/ark:/67375/p66-l4jlqv86-6.0	memory specificity training	memory specificity training	memory specificity training	memory_specificity_training
http://data.loterre.fr/ark:/67375/p66-l5wlgk5f-d.0	autobiographical implicit association test	autobiographical implicit association test	autobiographical implicit association test	autobiographical_implicit_association_test
http://data.loterre.fr/ark:/67375/p66-l5wlgk5f-d.1	aiat	aiat	autobiographical implicit association test	autobiographical_implicit_association_test
http://data.loterre.fr/ark:/67375/p66-l5wlgk5f-d.2	autobiographical iat	autobiographical iat	autobiographical implicit association test	autobiographical_implicit_association_test
http://data.loterre.fr/ark:/67375/p66-l65nnth4-2.0	prior knowledge	prior knowledge	prior knowledge	prior_knowledge
http://data.loterre.fr/ark:/67375/p66-l68x900f-h.0	walking corsi test	walking corsi test	walking corsi test	walking_corsi_test
http://data.loterre.fr/ark:/67375/p66-l68x900f-h.1	walct	walct	walking corsi test	walking_corsi_test
http://data.loterre.fr/ark:/67375/p66-l6sl8bx6-8.0	global recognition task	global recognition task	global recognition task	global_recognition_task
http://data.loterre.fr/ark:/67375/p66-l6zg9vwm-t.0	reconstructive memory	reconstructive memory	reconstructive memory	reconstructive_memory
http://data.loterre.fr/ark:/67375/p66-l6zg9vwm-t.1	memory reconstruction	memory reconstruction	reconstructive memory	reconstructive_memory
http://data.loterre.fr/ark:/67375/p66-l7tx8929-9.0	agnosia	agnosia	agnosia	agnosia
http://data.loterre.fr/ark:/67375/p66-l868rb6z-r.0	sentence verification task	sentence verification task	sentence verification task	sentence_verification_task
http://data.loterre.fr/ark:/67375/p66-l868rb6z-r.1	category verification task	category verification task	sentence verification task	sentence_verification_task
http://data.loterre.fr/ark:/67375/p66-l8bj4tpf-9.0	a-b, c-b learning task	a-b, c-b learning task	a-b, c-b learning task	a_b_c_b_learning_task
http://data.loterre.fr/ark:/67375/p66-l8bj4tpf-9.1	a-b, c-b paradigm	a-b, c-b paradigm	a-b, c-b learning task	a_b_c_b_learning_task
http://data.loterre.fr/ark:/67375/p66-l8mr7zlc-6.0	zroc curve	zroc curve	zroc curve	zroc_curve
http://data.loterre.fr/ark:/67375/p66-l8mr7zlc-6.1	z-roc	z-roc	zroc curve	zroc_curve
http://data.loterre.fr/ark:/67375/p66-l8mr7zlc-6.2	zroc function	zroc function	zroc curve	zroc_curve
http://data.loterre.fr/ark:/67375/p66-l907hgv5-t.0	retrieval mode	retrieval mode	retrieval mode	retrieval_mode
http://data.loterre.fr/ark:/67375/p66-l9tb8rh1-q.0	cambridge face memory test	cambridge face memory test	cambridge face memory test	cambridge_face_memory_test
http://data.loterre.fr/ark:/67375/p66-l9tb8rh1-q.1	cfmt	cfmt	cambridge face memory test	cambridge_face_memory_test
http://data.loterre.fr/ark:/67375/p66-lcbxnxb9-q.0	prospective memory questionnaire	prospective memory questionnaire	prospective memory questionnaire	prospective_memory_questionnaire
http://data.loterre.fr/ark:/67375/p66-lcbxnxb9-q.1	pmq	pmq	prospective memory questionnaire	prospective_memory_questionnaire
http://data.loterre.fr/ark:/67375/p66-lcxjwwjx-c.0	california verbal learning test ​	california verbal learning test ​	california verbal learning test ​	california_verbal_learning_test_​
http://data.loterre.fr/ark:/67375/p66-lcxjwwjx-c.1	cvlt	cvlt	california verbal learning test ​	california_verbal_learning_test_​
http://data.loterre.fr/ark:/67375/p66-lcxjwwjx-c.2	cvlt-ii	cvlt-ii	california verbal learning test ​	california_verbal_learning_test_​
http://data.loterre.fr/ark:/67375/p66-ldwrvl6t-5.0	item memory	item memory	item memory	item_memory
http://data.loterre.fr/ark:/67375/p66-lgsx4mdr-2.0	cognitive interview for person description	cognitive interview for person description	cognitive interview for person description	cognitive_interview_for_person_description
http://data.loterre.fr/ark:/67375/p66-lhgvcpds-p.0	k.f. case	k.f. case	k.f. case	k.f._case
http://data.loterre.fr/ark:/67375/p66-lhgvcpds-p.1	k.f. patient	k.f. patient	k.f. case	k.f._case
http://data.loterre.fr/ark:/67375/p66-lhl158kj-6.0	provoked confabulation	provoked confabulation	provoked confabulation	provoked_confabulation
http://data.loterre.fr/ark:/67375/p66-lhl158kj-6.1	momentary confabulation	momentary confabulation	provoked confabulation	provoked_confabulation
http://data.loterre.fr/ark:/67375/p66-ljn4259t-9.0	diary method	diary method	diary method	diary_method
http://data.loterre.fr/ark:/67375/p66-ljn4259t-9.1	diary recording method	diary recording method	diary method	diary_method
http://data.loterre.fr/ark:/67375/p66-ll0xw12x-5.0	historically defined autobiographical period	historically defined autobiographical period	historically defined autobiographical period	historically_defined_autobiographical_period
http://data.loterre.fr/ark:/67375/p66-ll7cpq9g-p.0	c calibration index	c calibration index	c calibration index	c_calibration_index
http://data.loterre.fr/ark:/67375/p66-ll7cpq9g-p.1	c calibration measure	c calibration measure	c calibration index	c_calibration_index
http://data.loterre.fr/ark:/67375/p66-ll7cpq9g-p.2	c index	c index	c calibration index	c_calibration_index
http://data.loterre.fr/ark:/67375/p66-ll7cpq9g-p.3	c measure	c measure	c calibration index	c_calibration_index
http://data.loterre.fr/ark:/67375/p66-ll7g7416-5.0	elimination lineup	elimination lineup	elimination lineup	elimination_lineup
http://data.loterre.fr/ark:/67375/p66-ll7g7416-5.1	elimination police lineup	elimination police lineup	elimination lineup	elimination_lineup
http://data.loterre.fr/ark:/67375/p66-lmlwlpf8-m.0	attention-to-memory hypothesis	attention-to-memory hypothesis	attention-to-memory hypothesis	attention_to_memory_hypothesis
http://data.loterre.fr/ark:/67375/p66-lmlwlpf8-m.1	atom	atom	attention-to-memory hypothesis	attention_to_memory_hypothesis
http://data.loterre.fr/ark:/67375/p66-lmlwlpf8-m.2	attention-to-memory model	attention-to-memory model	attention-to-memory hypothesis	attention_to_memory_hypothesis
http://data.loterre.fr/ark:/67375/p66-lmlwlpf8-m.3	dual attentional processes hypothesis	dual attentional processes hypothesis	attention-to-memory hypothesis	attention_to_memory_hypothesis
http://data.loterre.fr/ark:/67375/p66-ln80mf6k-f.0	irrelevant speech effect	irrelevant speech effect	irrelevant speech effect	irrelevant_speech_effect
http://data.loterre.fr/ark:/67375/p66-ln80mf6k-f.1	unattended speech effect	unattended speech effect	irrelevant speech effect	irrelevant_speech_effect
http://data.loterre.fr/ark:/67375/p66-lp6dtw0m-t.0	hera model	hera model	hera model	hera_model
http://data.loterre.fr/ark:/67375/p66-lpl0z33b-l.0	paired-associates learning task	paired-associates learning task	paired-associates learning task	paired_associates_learning_task
http://data.loterre.fr/ark:/67375/p66-lpl0z33b-l.1	paired-associates learning method	paired-associates learning method	paired-associates learning task	paired_associates_learning_task
http://data.loterre.fr/ark:/67375/p66-lpl0z33b-l.2	paired-associates learning paradigm	paired-associates learning paradigm	paired-associates learning task	paired_associates_learning_task
http://data.loterre.fr/ark:/67375/p66-lpl0z33b-l.3	paired-associates learning procedure	paired-associates learning procedure	paired-associates learning task	paired_associates_learning_task
http://data.loterre.fr/ark:/67375/p66-lpnvdgsn-6.0	cognitive interview for suspects	cognitive interview for suspects	cognitive interview for suspects	cognitive_interview_for_suspects
http://data.loterre.fr/ark:/67375/p66-lpnvdgsn-6.1	cis	cis	cognitive interview for suspects	cognitive_interview_for_suspects
http://data.loterre.fr/ark:/67375/p66-lr0pv6cq-w.0	transfer-appropriate processing principle	transfer-appropriate processing principle	transfer-appropriate processing principle	transfer_appropriate_processing_principle
http://data.loterre.fr/ark:/67375/p66-lrgsc9rj-0.0	antisaccade task	antisaccade task	antisaccade task	antisaccade_task
http://data.loterre.fr/ark:/67375/p66-lthbcqg7-g.0	memory conformity	memory conformity	memory conformity	memory_conformity
http://data.loterre.fr/ark:/67375/p66-lthbcqg7-g.1	co-witness suggestibility effect	co-witness suggestibility effect	memory conformity	memory_conformity
http://data.loterre.fr/ark:/67375/p66-lthbcqg7-g.2	social contagion of memory	social contagion of memory	memory conformity	memory_conformity
http://data.loterre.fr/ark:/67375/p66-lvv2l84n-2.0	spin the pots task	spin the pots task	spin the pots task	spin_the_pots_task
http://data.loterre.fr/ark:/67375/p66-lw5dvqp2-n.0	incidental forgetting	incidental forgetting	incidental forgetting	incidental_forgetting
http://data.loterre.fr/ark:/67375/p66-lwgnzjq8-r.0	retrieval	retrieval	retrieval	retrieval
http://data.loterre.fr/ark:/67375/p66-lwgnzjq8-r.1	memory retrieval	memory retrieval	retrieval	retrieval
http://data.loterre.fr/ark:/67375/p66-lwgnzjq8-r.2	memory search	memory search	retrieval	retrieval
http://data.loterre.fr/ark:/67375/p66-lwgnzjq8-r.3	remembering	remembering	retrieval	retrieval
http://data.loterre.fr/ark:/67375/p66-lwgnzjq8-r.4	retrieval process	retrieval process	retrieval	retrieval
http://data.loterre.fr/ark:/67375/p66-lwgnzjq8-r.5	search process	search process	retrieval	retrieval
http://data.loterre.fr/ark:/67375/p66-lwgnzjq8-r.6	trace retrieval	trace retrieval	retrieval	retrieval
http://data.loterre.fr/ark:/67375/p66-lwgnzjq8-r.7	trace utilization	trace utilization	retrieval	retrieval
http://data.loterre.fr/ark:/67375/p66-lx7qzr1v-p.0	school-aged child	school-aged child	school-aged child	school_aged_child
http://data.loterre.fr/ark:/67375/p66-lx8tq4ml-9.0	spreading activation	spreading activation	spreading activation	spreading_activation
http://data.loterre.fr/ark:/67375/p66-lxq70lhh-p.0	compensation related utilization of neural circuits hypothesis	compensation related utilization of neural circuits hypothesis	compensation related utilization of neural circuits hypothesis	compensation_related_utilization_of_neural_circuits_hypothesis
http://data.loterre.fr/ark:/67375/p66-lxq70lhh-p.1	crunch	crunch	compensation related utilization of neural circuits hypothesis	compensation_related_utilization_of_neural_circuits_hypothesis
http://data.loterre.fr/ark:/67375/p66-m1p7ctw3-n.0	changing distractor effect	changing distractor effect	changing distractor effect	changing_distractor_effect
http://data.loterre.fr/ark:/67375/p66-m2thq0f7-t.0	sam model	sam model	sam model	sam_model
http://data.loterre.fr/ark:/67375/p66-m2thq0f7-t.1	search for associative memory model	search for associative memory model	sam model	sam_model
http://data.loterre.fr/ark:/67375/p66-m3tffg9l-x.0	retrospective memory	retrospective memory	retrospective memory	retrospective_memory
http://data.loterre.fr/ark:/67375/p66-m564th98-h.0	self-defining memory	self-defining memory	self-defining memory	self_defining_memory
http://data.loterre.fr/ark:/67375/p66-m5lzjtd5-f.0	fuzzy trace theory	fuzzy trace theory	fuzzy trace theory	fuzzy_trace_theory
http://data.loterre.fr/ark:/67375/p66-m5lzjtd5-f.1	ftt	ftt	fuzzy trace theory	fuzzy_trace_theory
http://data.loterre.fr/ark:/67375/p66-m5s8cx1r-7.0	processing fluency	processing fluency	processing fluency	processing_fluency
http://data.loterre.fr/ark:/67375/p66-m5s8cx1r-7.1	cognitive fluency	cognitive fluency	processing fluency	processing_fluency
http://data.loterre.fr/ark:/67375/p66-m5wgn83x-m.0	adolescent	adolescent	adolescent	adolescent
http://data.loterre.fr/ark:/67375/p66-m6lftbfv-p.0	clustering	clustering	clustering	clustering
http://data.loterre.fr/ark:/67375/p66-m6p9bp15-r.0	cryptomnesia	cryptomnesia	cryptomnesia	cryptomnesia
http://data.loterre.fr/ark:/67375/p66-m6p9bp15-r.1	cryptomnesic experience	cryptomnesic experience	cryptomnesia	cryptomnesia
http://data.loterre.fr/ark:/67375/p66-m6p9bp15-r.2	inadvertent plagiarism	inadvertent plagiarism	cryptomnesia	cryptomnesia
http://data.loterre.fr/ark:/67375/p66-m6p9bp15-r.3	unconscious plagiarism	unconscious plagiarism	cryptomnesia	cryptomnesia
http://data.loterre.fr/ark:/67375/p66-m75l9p53-n.0	word embedding	word embedding	word embedding	word_embedding
http://data.loterre.fr/ark:/67375/p66-m92vbqjp-9.0	prospective memory decision control model	prospective memory decision control model	prospective memory decision control model	prospective_memory_decision_control_model
http://data.loterre.fr/ark:/67375/p66-m92vbqjp-9.1	pmdc model	pmdc model	prospective memory decision control model	prospective_memory_decision_control_model
http://data.loterre.fr/ark:/67375/p66-m93qnccp-5.0	scaffolding theory of cognition and aging	scaffolding theory of cognition and aging	scaffolding theory of cognition and aging	scaffolding_theory_of_cognition_and_aging
http://data.loterre.fr/ark:/67375/p66-m93qnccp-5.1	stac	stac	scaffolding theory of cognition and aging	scaffolding_theory_of_cognition_and_aging
http://data.loterre.fr/ark:/67375/p66-m93qnccp-5.2	scaffolding theory of cognitive aging	scaffolding theory of cognitive aging	scaffolding theory of cognition and aging	scaffolding_theory_of_cognition_and_aging
http://data.loterre.fr/ark:/67375/p66-m9g39nzf-r.0	acid bath theory	acid bath theory	acid bath theory	acid_bath_theory
http://data.loterre.fr/ark:/67375/p66-m9g39nzf-r.1	acid bath model	acid bath model	acid bath theory	acid_bath_theory
http://data.loterre.fr/ark:/67375/p66-m9g39nzf-r.2	acid bath principle	acid bath principle	acid bath theory	acid_bath_theory
http://data.loterre.fr/ark:/67375/p66-mb5wt537-4.0	law of use	law of use	law of use	law_of_use
http://data.loterre.fr/ark:/67375/p66-mb5wt537-4.1	law of frequency	law of frequency	law of use	law_of_use
http://data.loterre.fr/ark:/67375/p66-mb5wt537-4.2	law of practice	law of practice	law of use	law_of_use
http://data.loterre.fr/ark:/67375/p66-mb5wt537-4.3	law of repetition	law of repetition	law of use	law_of_use
http://data.loterre.fr/ark:/67375/p66-mbtnzlrq-4.0	naming task	naming task	naming task	naming_task
http://data.loterre.fr/ark:/67375/p66-mbtnzlrq-4.1	naming	naming	naming task	naming_task
http://data.loterre.fr/ark:/67375/p66-mcg7szn3-z.0	severely deficient autobiographical memory	severely deficient autobiographical memory	severely deficient autobiographical memory	severely_deficient_autobiographical_memory
http://data.loterre.fr/ark:/67375/p66-mdf6k96r-p.0	a-b, a-br learning task	a-b, a-br learning task	a-b, a-br learning task	a_b_a_br_learning_task
http://data.loterre.fr/ark:/67375/p66-mdgkb6wv-6.0	grober and buschke test	grober and buschke test	grober and buschke test	grober_and_buschke_test
http://data.loterre.fr/ark:/67375/p66-mfxnrql6-0.0	semantically anomalous confabulation	semantically anomalous confabulation	semantically anomalous confabulation	semantically_anomalous_confabulation
http://data.loterre.fr/ark:/67375/p66-mglqctrn-t.0	fluency heuristic	fluency heuristic	fluency heuristic	fluency_heuristic
http://data.loterre.fr/ark:/67375/p66-mjrrb9g2-b.0	autobiographical think/no-think task	autobiographical think/no-think task	autobiographical think/no-think task	autobiographical_think_no_think_task
http://data.loterre.fr/ark:/67375/p66-mjrrb9g2-b.1	atnt	atnt	autobiographical think/no-think task	autobiographical_think_no_think_task
http://data.loterre.fr/ark:/67375/p66-mjrrb9g2-b.2	autobiographical tnt	autobiographical tnt	autobiographical think/no-think task	autobiographical_think_no_think_task
http://data.loterre.fr/ark:/67375/p66-mllz9qdp-s.0	hotspot	hotspot	hotspot	hotspot
http://data.loterre.fr/ark:/67375/p66-mm5s66wc-1.0	h.m. case	h.m. case	h.m. case	h.m._case
http://data.loterre.fr/ark:/67375/p66-mm5s66wc-1.1	h.m. patient	h.m. patient	h.m. case	h.m._case
http://data.loterre.fr/ark:/67375/p66-mmtpc6l7-9.0	subjective memory complaints scale	subjective memory complaints scale	subjective memory complaints scale	subjective_memory_complaints_scale
http://data.loterre.fr/ark:/67375/p66-mmtpc6l7-9.1	smcs	smcs	subjective memory complaints scale	subjective_memory_complaints_scale
http://data.loterre.fr/ark:/67375/p66-mn46jrbn-3.0	mori technique	mori technique	mori technique	mori_technique
http://data.loterre.fr/ark:/67375/p66-mn46jrbn-3.1	mori procedure	mori procedure	mori technique	mori_technique
http://data.loterre.fr/ark:/67375/p66-mn68hxx6-v.0	confabulation screen	confabulation screen	confabulation screen	confabulation_screen
http://data.loterre.fr/ark:/67375/p66-mr1bssvh-g.0	semantic space	semantic space	semantic space	semantic_space
http://data.loterre.fr/ark:/67375/p66-mrmwpgs8-p.0	retrieval-induced forgetting	retrieval-induced forgetting	retrieval-induced forgetting	retrieval_induced_forgetting
http://data.loterre.fr/ark:/67375/p66-mrmwpgs8-p.1	rif	rif	retrieval-induced forgetting	retrieval_induced_forgetting
http://data.loterre.fr/ark:/67375/p66-mrnf4mmc-q.0	parahippocampal cortex	parahippocampal cortex	parahippocampal cortex	parahippocampal_cortex
http://data.loterre.fr/ark:/67375/p66-mrrhp6b3-9.0	confabulation by content	confabulation by content	confabulation by content	confabulation_by_content
http://data.loterre.fr/ark:/67375/p66-mx6xzc84-s.0	phonological priming effect	phonological priming effect	phonological priming effect	phonological_priming_effect
http://data.loterre.fr/ark:/67375/p66-mx6xzc84-s.1	phonological priming	phonological priming	phonological priming effect	phonological_priming_effect
http://data.loterre.fr/ark:/67375/p66-mz8gchhh-k.0	self-defining future projection	self-defining future projection	self-defining future projection	self_defining_future_projection
http://data.loterre.fr/ark:/67375/p66-mz8gchhh-k.1	sdfp	sdfp	self-defining future projection	self_defining_future_projection
http://data.loterre.fr/ark:/67375/p66-mz8gchhh-k.2	self-defining projection	self-defining projection	self-defining future projection	self_defining_future_projection
http://data.loterre.fr/ark:/67375/p66-mzm1q2xj-g.0	collective memory	collective memory	collective memory	collective_memory
http://data.loterre.fr/ark:/67375/p66-mzm1q2xj-g.1	social memory	social memory	collective memory	collective_memory
http://data.loterre.fr/ark:/67375/p66-n06l3pvn-r.0	self-reference recollection effect	self-reference recollection effect	self-reference recollection effect	self_reference_recollection_effect
http://data.loterre.fr/ark:/67375/p66-n0rv20v3-m.0	multiple trace theory	multiple trace theory	multiple trace theory	multiple_trace_theory
http://data.loterre.fr/ark:/67375/p66-n0rv20v3-m.1	mtt	mtt	multiple trace theory	multiple_trace_theory
http://data.loterre.fr/ark:/67375/p66-n1mnzq8x-v.0	benton facial recognition test	benton facial recognition test	benton facial recognition test	benton_facial_recognition_test
http://data.loterre.fr/ark:/67375/p66-n1mnzq8x-v.1	bfrt-c	bfrt-c	benton facial recognition test	benton_facial_recognition_test
http://data.loterre.fr/ark:/67375/p66-n1mnzq8x-v.2	bfrt-r	bfrt-r	benton facial recognition test	benton_facial_recognition_test
http://data.loterre.fr/ark:/67375/p66-n2c1mm61-n.0	involuntary memory	involuntary memory	involuntary memory	involuntary_memory
http://data.loterre.fr/ark:/67375/p66-n2c1mm61-n.1	iam	iam	involuntary memory	involuntary_memory
http://data.loterre.fr/ark:/67375/p66-n2c1mm61-n.2	involuntary autobiographical memory	involuntary autobiographical memory	involuntary memory	involuntary_memory
http://data.loterre.fr/ark:/67375/p66-n2c1mm61-n.3	involuntary aware memory	involuntary aware memory	involuntary memory	involuntary_memory
http://data.loterre.fr/ark:/67375/p66-n2c1mm61-n.4	involuntary conscious memory	involuntary conscious memory	involuntary memory	involuntary_memory
http://data.loterre.fr/ark:/67375/p66-n2c1mm61-n.5	involuntary explicit memory	involuntary explicit memory	involuntary memory	involuntary_memory
http://data.loterre.fr/ark:/67375/p66-n2c1mm61-n.6	spontaneous memory	spontaneous memory	involuntary memory	involuntary_memory
http://data.loterre.fr/ark:/67375/p66-n2c1mm61-n.7	unintentional memory	unintentional memory	involuntary memory	involuntary_memory
http://data.loterre.fr/ark:/67375/p66-n3j8xzpx-c.0	cognitive rehabilitation	cognitive rehabilitation	cognitive rehabilitation	cognitive_rehabilitation
http://data.loterre.fr/ark:/67375/p66-n3j8xzpx-c.1	cognitive remediation	cognitive remediation	cognitive rehabilitation	cognitive_rehabilitation
http://data.loterre.fr/ark:/67375/p66-n79gt7sp-n.0	listening span task	listening span task	listening span task	listening_span_task
http://data.loterre.fr/ark:/67375/p66-n7k2dx1d-4.0	thought substitution method	thought substitution method	thought substitution method	thought_substitution_method
http://data.loterre.fr/ark:/67375/p66-n7mp9bvp-0.0	memory-editing process	memory-editing process	memory-editing process	memory_editing_process
http://data.loterre.fr/ark:/67375/p66-n7mp9bvp-0.1	editing process	editing process	memory-editing process	memory_editing_process
http://data.loterre.fr/ark:/67375/p66-n7mp9bvp-0.2	memory-editing mechanism	memory-editing mechanism	memory-editing process	memory_editing_process
http://data.loterre.fr/ark:/67375/p66-n7mp9bvp-0.3	memory-editing operation	memory-editing operation	memory-editing process	memory_editing_process
http://data.loterre.fr/ark:/67375/p66-n7pjsr9p-n.0	bic model	bic model	bic model	bic_model
http://data.loterre.fr/ark:/67375/p66-n7pjsr9p-n.1	binding items and contexts model	binding items and contexts model	bic model	bic_model
http://data.loterre.fr/ark:/67375/p66-n97qxr82-k.0	retrieval fluency	retrieval fluency	retrieval fluency	retrieval_fluency
http://data.loterre.fr/ark:/67375/p66-n9pqgmct-n.0	episodic foresight	episodic foresight	episodic future thought	episodic_future_thought
http://data.loterre.fr/ark:/67375/p66-n9pqgmct-n.1	episodic future thinking	episodic future thinking	episodic future thought	episodic_future_thought
http://data.loterre.fr/ark:/67375/p66-n9pqgmct-n.2	episodic future-oriented thought	episodic future-oriented thought	episodic future thought	episodic_future_thought
http://data.loterre.fr/ark:/67375/p66-n9pqgmct-n.3	episodic prospection	episodic prospection	episodic future thought	episodic_future_thought
http://data.loterre.fr/ark:/67375/p66-n9pqgmct-n.4	episodic simulation	episodic simulation	episodic future thought	episodic_future_thought
http://data.loterre.fr/ark:/67375/p66-nc6hx90k-0.0	orthographic distinctiveness effect ​	orthographic distinctiveness effect ​	orthographic distinctiveness effect ​	orthographic_distinctiveness_effect_​
http://data.loterre.fr/ark:/67375/p66-nd7cqtxd-1.0	semantic dementia	semantic dementia	semantic dementia	semantic_dementia
http://data.loterre.fr/ark:/67375/p66-nd9pb3b3-k.0	mobile conjugate reinforcement technique	mobile conjugate reinforcement technique	mobile conjugate reinforcement technique	mobile_conjugate_reinforcement_technique
http://data.loterre.fr/ark:/67375/p66-ndt0lnv4-3.0	brief assessment of prospective memory	brief assessment of prospective memory	brief assessment of prospective memory	brief_assessment_of_prospective_memory
http://data.loterre.fr/ark:/67375/p66-ndt0lnv4-3.1	bapm	bapm	brief assessment of prospective memory	brief_assessment_of_prospective_memory
http://data.loterre.fr/ark:/67375/p66-nhpn37jt-q.0	responsible remembering	responsible remembering	responsible remembering	responsible_remembering
http://data.loterre.fr/ark:/67375/p66-nj67zw7n-g.0	functional independence	functional independence	functional independence	functional_independence
http://data.loterre.fr/ark:/67375/p66-nj67zw7n-g.1	functional dissociation	functional dissociation	functional independence	functional_independence
http://data.loterre.fr/ark:/67375/p66-njpzfzkw-t.0	working memory consolidation	working memory consolidation	working memory consolidation	working_memory_consolidation
http://data.loterre.fr/ark:/67375/p66-nk01knv9-7.0	pmcq	pmcq	prospective memory concerns questionnaire	prospective_memory_concerns_questionnaire
http://data.loterre.fr/ark:/67375/p66-nk1dh490-w.0	judgment of retention	judgment of retention	judgment of retention	judgment_of_retention
http://data.loterre.fr/ark:/67375/p66-nk1dh490-w.1	jor	jor	judgment of retention	judgment_of_retention
http://data.loterre.fr/ark:/67375/p66-nltp77r8-7.0	envelope task	envelope task	envelope task	envelope_task
http://data.loterre.fr/ark:/67375/p66-nltphdcz-c.0	one-shot learning	one-shot learning	one-shot learning	one_shot_learning
http://data.loterre.fr/ark:/67375/p66-nltphdcz-c.1	one-shot acquisition	one-shot acquisition	one-shot learning	one_shot_learning
http://data.loterre.fr/ark:/67375/p66-nm6fcv93-6.0	directed forgetting	directed forgetting	directed forgetting	directed_forgetting
http://data.loterre.fr/ark:/67375/p66-nmnn52b4-7.0	self-ordered pointing test	self-ordered pointing test	self-ordered pointing test	self_ordered_pointing_test
http://data.loterre.fr/ark:/67375/p66-nmnn52b4-7.1	self-ordered pointing task	self-ordered pointing task	self-ordered pointing test	self_ordered_pointing_test
http://data.loterre.fr/ark:/67375/p66-nnpwfmg5-8.0	conceptual span task	conceptual span task	conceptual span task	conceptual_span_task
http://data.loterre.fr/ark:/67375/p66-nnspl0cd-z.0	counting span task	counting span task	counting span task	counting_span_task
http://data.loterre.fr/ark:/67375/p66-npvk2ssg-d.0	geneva space cruiser	geneva space cruiser	geneva space cruiser	geneva_space_cruiser
http://data.loterre.fr/ark:/67375/p66-nt3hsp6r-c.0	serial reaction time task	serial reaction time task	serial reaction time task	serial_reaction_time_task
http://data.loterre.fr/ark:/67375/p66-nt3hsp6r-c.1	srt	srt	serial reaction time task	serial_reaction_time_task
http://data.loterre.fr/ark:/67375/p66-nt3hsp6r-c.2	srtt	srtt	serial reaction time task	serial_reaction_time_task
http://data.loterre.fr/ark:/67375/p66-nvh8dmwp-n.0	total-time hypothesis	total-time hypothesis	total-time hypothesis	total_time_hypothesis
http://data.loterre.fr/ark:/67375/p66-nvh8dmwp-n.1	total-time law	total-time law	total-time hypothesis	total_time_hypothesis
http://data.loterre.fr/ark:/67375/p66-nvp61686-4.0	visible persistance	visible persistance	visible persistance	visible_persistance
http://data.loterre.fr/ark:/67375/p66-nwxppsf8-j.0	test-potentiated new learning	test-potentiated new learning	test-potentiated new learning	test_potentiated_new_learning
http://data.loterre.fr/ark:/67375/p66-nwxppsf8-j.1	forward effect of testing	forward effect of testing	test-potentiated new learning	test_potentiated_new_learning
http://data.loterre.fr/ark:/67375/p66-nwxppsf8-j.2	forward testing effect ​	forward testing effect ​	test-potentiated new learning	test_potentiated_new_learning
http://data.loterre.fr/ark:/67375/p66-nwxppsf8-j.3	interim test effect ​	interim test effect ​	test-potentiated new learning	test_potentiated_new_learning
http://data.loterre.fr/ark:/67375/p66-nx19ztrc-z.0	perceptual representation system	perceptual representation system	perceptual representation system	perceptual_representation_system
http://data.loterre.fr/ark:/67375/p66-nzhw7bgr-8.0	external strategy	external strategy	external strategy	external_strategy
http://data.loterre.fr/ark:/67375/p66-nzhw7bgr-8.1	external aid	external aid	external strategy	external_strategy
http://data.loterre.fr/ark:/67375/p66-p2bc4pjr-1.0	two-alternatives forced choice procedure	two-alternatives forced choice procedure	two-alternatives forced choice procedure	two_alternatives_forced_choice_procedure
http://data.loterre.fr/ark:/67375/p66-p2bc4pjr-1.1	2afc paradigm	2afc paradigm	two-alternatives forced choice procedure	two_alternatives_forced_choice_procedure
http://data.loterre.fr/ark:/67375/p66-p2bc4pjr-1.2	two-alternatives forced choice paradigm	two-alternatives forced choice paradigm	two-alternatives forced choice procedure	two_alternatives_forced_choice_procedure
http://data.loterre.fr/ark:/67375/p66-p2bc4pjr-1.3	two-alternatives forced choice task	two-alternatives forced choice task	two-alternatives forced choice procedure	two_alternatives_forced_choice_procedure
http://data.loterre.fr/ark:/67375/p66-p38874pt-9.0	environmental reduplicative paramnesia	environmental reduplicative paramnesia	environmental reduplicative paramnesia	environmental_reduplicative_paramnesia
http://data.loterre.fr/ark:/67375/p66-p38874pt-9.1	reduplicative paramnesia	reduplicative paramnesia	environmental reduplicative paramnesia	environmental_reduplicative_paramnesia
http://data.loterre.fr/ark:/67375/p66-p38874pt-9.2	reduplicative paramnesia for places	reduplicative paramnesia for places	environmental reduplicative paramnesia	environmental_reduplicative_paramnesia
http://data.loterre.fr/ark:/67375/p66-p3b4c1wj-1.0	reinforced self-affirmation procedure	reinforced self-affirmation procedure	reinforced self-affirmation procedure	reinforced_self_affirmation_procedure
http://data.loterre.fr/ark:/67375/p66-p3b4c1wj-1.1	rsa	rsa	reinforced self-affirmation procedure	reinforced_self_affirmation_procedure
http://data.loterre.fr/ark:/67375/p66-p3zd9rms-b.0	race model	race model	race model	race_model
http://data.loterre.fr/ark:/67375/p66-p4nbk6bm-q.0	instruction	instruction	instruction	instruction
http://data.loterre.fr/ark:/67375/p66-p4p8t47t-d.0	social working memory	social working memory	social working memory	social_working_memory
http://data.loterre.fr/ark:/67375/p66-p5h185nf-4.0	parietal memory network	parietal memory network	parietal memory network	parietal_memory_network
http://data.loterre.fr/ark:/67375/p66-p7fzpnzp-6.0	anterograde memory loss	anterograde memory loss	anterograde amnesia	anterograde_amnesia
http://data.loterre.fr/ark:/67375/p66-p8cjtkr1-n.0	orienting task	orienting task	orienting task	orienting_task
http://data.loterre.fr/ark:/67375/p66-pb0pjvkn-b.0	p.v. case	p.v. case	p.v. case	p.v._case
http://data.loterre.fr/ark:/67375/p66-pb0pjvkn-b.1	p.v. patient	p.v. patient	p.v. case	p.v._case
http://data.loterre.fr/ark:/67375/p66-pbdk5069-g.0	primary distinctiveness effect	primary distinctiveness effect	primary distinctiveness effect	primary_distinctiveness_effect
http://data.loterre.fr/ark:/67375/p66-pbdk5069-g.1	intralist distinctiveness effect	intralist distinctiveness effect	primary distinctiveness effect	primary_distinctiveness_effect
http://data.loterre.fr/ark:/67375/p66-pbl8wpzj-z.0	memory fabrication	memory fabrication	memory fabrication	memory_fabrication
http://data.loterre.fr/ark:/67375/p66-pd4x3gw4-9.0	prosopagnosia	prosopagnosia	prosopagnosia	prosopagnosia
http://data.loterre.fr/ark:/67375/p66-pd4x3gw4-9.1	agnosia for face	agnosia for face	prosopagnosia	prosopagnosia
http://data.loterre.fr/ark:/67375/p66-pd4x3gw4-9.2	face blindness	face blindness	prosopagnosia	prosopagnosia
http://data.loterre.fr/ark:/67375/p66-pd4x3gw4-9.3	facial recognition agnosia	facial recognition agnosia	prosopagnosia	prosopagnosia
http://data.loterre.fr/ark:/67375/p66-phzj1k5p-2.0	ogive learning curve	ogive learning curve	ogive learning curve	ogive_learning_curve
http://data.loterre.fr/ark:/67375/p66-phzj1k5p-2.1	s shape learning curve	s shape learning curve	ogive learning curve	ogive_learning_curve
http://data.loterre.fr/ark:/67375/p66-phzj1k5p-2.2	sigmoid learning curve	sigmoid learning curve	ogive learning curve	ogive_learning_curve
http://data.loterre.fr/ark:/67375/p66-pktvx4jz-q.0	exemplar theories	exemplar theories	exemplar theories	exemplar_theories
http://data.loterre.fr/ark:/67375/p66-pnmp129v-b.0	confidence judgment	confidence judgment	confidence judgment	confidence_judgment
http://data.loterre.fr/ark:/67375/p66-pnmp129v-b.1	confidence	confidence	confidence judgment	confidence_judgment
http://data.loterre.fr/ark:/67375/p66-pnmp129v-b.2	confidence rating	confidence rating	confidence judgment	confidence_judgment
http://data.loterre.fr/ark:/67375/p66-pnzwzrvk-k.0	negative acceleration learning curve	negative acceleration learning curve	negative acceleration learning curve	negative_acceleration_learning_curve
http://data.loterre.fr/ark:/67375/p66-pnzwzrvk-k.1	negative acceleration	negative acceleration	negative acceleration learning curve	negative_acceleration_learning_curve
http://data.loterre.fr/ark:/67375/p66-pnzwzrvk-k.2	negative learning curve	negative learning curve	negative acceleration learning curve	negative_acceleration_learning_curve
http://data.loterre.fr/ark:/67375/p66-pp0wxp20-1.0	strength-based mirror effect	strength-based mirror effect	strength-based mirror effect	strength_based_mirror_effect
http://data.loterre.fr/ark:/67375/p66-pphcf74q-f.0	reminiscence functions scale	reminiscence functions scale	reminiscence functions scale	reminiscence_functions_scale
http://data.loterre.fr/ark:/67375/p66-pqdc3fhl-7.0	confabulation	confabulation	confabulation	confabulation
http://data.loterre.fr/ark:/67375/p66-pqdc3fhl-7.1	pseudoreminiscence	pseudoreminiscence	confabulation	confabulation
http://data.loterre.fr/ark:/67375/p66-pqtl8ccl-z.0	prediction of learning	prediction of learning	prediction of learning	prediction_of_learning
http://data.loterre.fr/ark:/67375/p66-pw070f00-1.0	principle of correspondence	principle of correspondence	principle of correspondence	principle_of_correspondence
http://data.loterre.fr/ark:/67375/p66-pw60kcql-2.0	interview	interview	interview	interview
http://data.loterre.fr/ark:/67375/p66-pwg42clb-t.0	skill acquisition	skill acquisition	skill acquisition	skill_acquisition
http://data.loterre.fr/ark:/67375/p66-pwg42clb-t.1	procedural learning	procedural learning	skill acquisition	skill_acquisition
http://data.loterre.fr/ark:/67375/p66-pwg42clb-t.2	skill learning	skill learning	skill acquisition	skill_acquisition
http://data.loterre.fr/ark:/67375/p66-pwmzckk6-2.0	recovered memory	recovered memory	recovered memory	recovered_memory
http://data.loterre.fr/ark:/67375/p66-pww1bm9b-k.0	operation span task	operation span task	operation span task	operation_span_task
http://data.loterre.fr/ark:/67375/p66-pww1bm9b-k.1	ospan task	ospan task	operation span task	operation_span_task
http://data.loterre.fr/ark:/67375/p66-pwxrhnsk-0.0	chunk	chunk	chunk	chunk
http://data.loterre.fr/ark:/67375/p66-pxq4lxxg-5.0	rey-osterrieth complex figure test	rey-osterrieth complex figure test	rey-osterrieth complex figure test	rey_osterrieth_complex_figure_test
http://data.loterre.fr/ark:/67375/p66-pxq4lxxg-5.1	rocf	rocf	rey-osterrieth complex figure test	rey_osterrieth_complex_figure_test
http://data.loterre.fr/ark:/67375/p66-pzfn3rvk-9.0	temporal tagging	temporal tagging	temporal tagging	temporal_tagging
http://data.loterre.fr/ark:/67375/p66-pzjx59jc-8.0	discrepancy-attribution hypothesis	discrepancy-attribution hypothesis	discrepancy-attribution hypothesis	discrepancy_attribution_hypothesis
http://data.loterre.fr/ark:/67375/p66-pzjx59jc-8.1	discrepancy-attribution account	discrepancy-attribution account	discrepancy-attribution hypothesis	discrepancy_attribution_hypothesis
http://data.loterre.fr/ark:/67375/p66-q0z67m3n-f.0	nijmegen-venray confabulation list	nijmegen-venray confabulation list	nijmegen-venray confabulation list	nijmegen_venray_confabulation_list
http://data.loterre.fr/ark:/67375/p66-q0z67m3n-f.1	nvcl-20	nvcl-20	nijmegen-venray confabulation list	nijmegen_venray_confabulation_list
http://data.loterre.fr/ark:/67375/p66-q3x6q0jr-2.0	person description interview	person description interview	person description interview	person_description_interview
http://data.loterre.fr/ark:/67375/p66-q516ssqg-m.0	attention to delayed intention model	attention to delayed intention model	attention to delayed intention model	attention_to_delayed_intention_model
http://data.loterre.fr/ark:/67375/p66-q516ssqg-m.1	atodi model	atodi model	attention to delayed intention model	attention_to_delayed_intention_model
http://data.loterre.fr/ark:/67375/p66-q5qrff65-t.0	prompt card task	prompt card task	prompt card task	prompt_card_task
http://data.loterre.fr/ark:/67375/p66-q70p849z-z.0	keyword method	keyword method	keyword method	keyword_method
http://data.loterre.fr/ark:/67375/p66-q70p849z-z.1	keyword mnemonics	keyword mnemonics	keyword method	keyword_method
http://data.loterre.fr/ark:/67375/p66-q70p849z-z.2	keyword technique	keyword technique	keyword method	keyword_method
http://data.loterre.fr/ark:/67375/p66-q7dktcc5-x.0	feeling of knowing judgment	feeling of knowing judgment	feeling of knowing judgment	feeling_of_knowing_judgment
http://data.loterre.fr/ark:/67375/p66-q7dktcc5-x.1	fok	fok	feeling of knowing judgment	feeling_of_knowing_judgment
http://data.loterre.fr/ark:/67375/p66-q87xhw03-d.0	low elaborative reminiscing style	low elaborative reminiscing style	low elaborative reminiscing style	low_elaborative_reminiscing_style
http://data.loterre.fr/ark:/67375/p66-q8k81kph-h.0	reflexive-associative theory of prospective memory	reflexive-associative theory of prospective memory	reflexive-associative theory of prospective memory	reflexive_associative_theory_of_prospective_memory
http://data.loterre.fr/ark:/67375/p66-q9kkbjmg-b.0	suffix effect	suffix effect	suffix effect	suffix_effect
http://data.loterre.fr/ark:/67375/p66-qck29lrz-m.0	rule-out procedure	rule-out procedure	rule-out procedure	rule_out_procedure
http://data.loterre.fr/ark:/67375/p66-qf5wf7mj-z.0	missing item task	missing item task	missing item task	missing_item_task
http://data.loterre.fr/ark:/67375/p66-qfhqc1sb-b.0	associative unlearning	associative unlearning	associative unlearning	associative_unlearning
http://data.loterre.fr/ark:/67375/p66-qfq4zt9n-l.0	multinomial model of prospective memory	multinomial model of prospective memory	multinomial model of prospective memory	multinomial_model_of_prospective_memory
http://data.loterre.fr/ark:/67375/p66-qfq4zt9n-l.1	multinomial processing tree model	multinomial processing tree model	multinomial model of prospective memory	multinomial_model_of_prospective_memory
http://data.loterre.fr/ark:/67375/p66-qfxvvg35-1.0	information removal	information removal	information removal	information_removal
http://data.loterre.fr/ark:/67375/p66-qg77sb43-1.0	rehearsal	rehearsal	rehearsal	rehearsal
http://data.loterre.fr/ark:/67375/p66-qg77sb43-1.1	subvocal rehearsal	subvocal rehearsal	rehearsal	rehearsal
http://data.loterre.fr/ark:/67375/p66-qg77sb43-1.2	subvocal repetition	subvocal repetition	rehearsal	rehearsal
http://data.loterre.fr/ark:/67375/p66-qj9xcwft-c.0	generate-recognize theory	generate-recognize theory	generate-recognize theory	generate_recognize_theory
http://data.loterre.fr/ark:/67375/p66-qj9xcwft-c.1	dual-process theory	dual-process theory	generate-recognize theory	generate_recognize_theory
http://data.loterre.fr/ark:/67375/p66-qk9npgkq-k.0	thinking about life experiences questionnaire	thinking about life experiences questionnaire	thinking about life experiences questionnaire	thinking_about_life_experiences_questionnaire
http://data.loterre.fr/ark:/67375/p66-qk9npgkq-k.1	tale	tale	thinking about life experiences questionnaire	thinking_about_life_experiences_questionnaire
http://data.loterre.fr/ark:/67375/p66-qknbfkqq-r.0	nonfocal prospective memory task	nonfocal prospective memory task	nonfocal prospective memory task	nonfocal_prospective_memory_task
http://data.loterre.fr/ark:/67375/p66-ql3s1bkp-5.0	sob-cs model	sob-cs model	sob-cs model	sob_cs_model
http://data.loterre.fr/ark:/67375/p66-ql3s1bkp-5.1	serial order in a box – complex span	serial order in a box – complex span	sob-cs model	sob_cs_model
http://data.loterre.fr/ark:/67375/p66-qlt39wtp-5.0	letter number sequencing test	letter number sequencing test	letter number sequencing test	letter_number_sequencing_test
http://data.loterre.fr/ark:/67375/p66-qm4x4vdr-x.0	own-species bias	own-species bias	own-species bias	own_species_bias
http://data.loterre.fr/ark:/67375/p66-qm4x4vdr-x.1	other-species effect	other-species effect	own-species bias	own_species_bias
http://data.loterre.fr/ark:/67375/p66-qm848b20-4.0	modality tagging	modality tagging	modality tagging	modality_tagging
http://data.loterre.fr/ark:/67375/p66-qqfsgvt3-v.0	destination memory	destination memory	destination memory	destination_memory
http://data.loterre.fr/ark:/67375/p66-qqg0vlt7-7.0	small-world network	small-world network	small-world network	small_world_network
http://data.loterre.fr/ark:/67375/p66-qqzk44mq-4.0	forgot-it-all-along effect	forgot-it-all-along effect	forgot-it-all-along effect	forgot_it_all_along_effect
http://data.loterre.fr/ark:/67375/p66-qqzk44mq-4.1	fia effect	fia effect	forgot-it-all-along effect	forgot_it_all_along_effect
http://data.loterre.fr/ark:/67375/p66-qqzk44mq-4.2	forget-it-all-along bias	forget-it-all-along bias	forgot-it-all-along effect	forgot_it_all_along_effect
http://data.loterre.fr/ark:/67375/p66-qqzk44mq-4.3	forget-it-all-along effect	forget-it-all-along effect	forgot-it-all-along effect	forgot_it_all_along_effect
http://data.loterre.fr/ark:/67375/p66-qqzk44mq-4.4	forgot-it-all-along bias	forgot-it-all-along bias	forgot-it-all-along effect	forgot_it_all_along_effect
http://data.loterre.fr/ark:/67375/p66-qr0gdsgn-j.0	running span task	running span task	running span task	running_span_task
http://data.loterre.fr/ark:/67375/p66-qtj3j9j5-x.0	temporal isolation effect	temporal isolation effect	temporal isolation effect	temporal_isolation_effect
http://data.loterre.fr/ark:/67375/p66-qtt8k8qb-6.0	categorization working memory span task	categorization working memory span task	categorization working memory span task	categorization_working_memory_span_task
http://data.loterre.fr/ark:/67375/p66-qtt8k8qb-6.1	cwms	cwms	categorization working memory span task	categorization_working_memory_span_task
http://data.loterre.fr/ark:/67375/p66-qx0bn9cx-3.0	categorization-individuation model	categorization-individuation model	categorization-individuation model	categorization_individuation_model
http://data.loterre.fr/ark:/67375/p66-qx0bn9cx-3.1	cim	cim	categorization-individuation model	categorization_individuation_model
http://data.loterre.fr/ark:/67375/p66-qxl9l0f4-p.0	motivated forgetting	motivated forgetting	motivated forgetting	motivated_forgetting
http://data.loterre.fr/ark:/67375/p66-qxl9l0f4-p.1	intentional forgetting	intentional forgetting	motivated forgetting	motivated_forgetting
http://data.loterre.fr/ark:/67375/p66-qxl9l0f4-p.2	voluntary forgetting	voluntary forgetting	motivated forgetting	motivated_forgetting
http://data.loterre.fr/ark:/67375/p66-qz66rwmb-d.0	judgment of recency	judgment of recency	judgment of recency	judgment_of_recency
http://data.loterre.fr/ark:/67375/p66-qz8mdk53-c.0	alternating serial reaction time task	alternating serial reaction time task	alternating serial reaction time task	alternating_serial_reaction_time_task
http://data.loterre.fr/ark:/67375/p66-qz8mdk53-c.1	asrt	asrt	alternating serial reaction time task	alternating_serial_reaction_time_task
http://data.loterre.fr/ark:/67375/p66-qz8mdk53-c.2	temps de réaction en série alterné	temps de réaction en série alterné	alternating serial reaction time task	alternating_serial_reaction_time_task
http://data.loterre.fr/ark:/67375/p66-qzmcktt5-1.0	police lineup	police lineup	police lineup	police_lineup
http://data.loterre.fr/ark:/67375/p66-qzmcktt5-1.1	identification parade	identification parade	police lineup	police_lineup
http://data.loterre.fr/ark:/67375/p66-qzmcktt5-1.2	lineup	lineup	police lineup	police_lineup
http://data.loterre.fr/ark:/67375/p66-r0hms2vd-g.0	cognitive slowing hypothesis	cognitive slowing hypothesis	cognitive slowing hypothesis	cognitive_slowing_hypothesis
http://data.loterre.fr/ark:/67375/p66-r0kcmf21-f.0	verbal span task	verbal span task	verbal span task	verbal_span_task
http://data.loterre.fr/ark:/67375/p66-r0kcmf21-f.1	digit span task	digit span task	verbal span task	verbal_span_task
http://data.loterre.fr/ark:/67375/p66-r0kcmf21-f.2	verbal span test	verbal span test	verbal span task	verbal_span_task
http://data.loterre.fr/ark:/67375/p66-r0kcmf21-f.3	word span task	word span task	verbal span task	verbal_span_task
http://data.loterre.fr/ark:/67375/p66-r0p65xb5-r.0	hebb effect	hebb effect	hebb effect	hebb_effect
http://data.loterre.fr/ark:/67375/p66-r0p65xb5-r.1	hebb repetition effect	hebb repetition effect	hebb effect	hebb_effect
http://data.loterre.fr/ark:/67375/p66-r0v3s7s8-w.0	dual coding theory	dual coding theory	dual coding theory	dual_coding_theory
http://data.loterre.fr/ark:/67375/p66-r0v3s7s8-w.1	dual-code hypothesis	dual-code hypothesis	dual coding theory	dual_coding_theory
http://data.loterre.fr/ark:/67375/p66-r12n42bb-r.0	life script	life script	life script	life_script
http://data.loterre.fr/ark:/67375/p66-r12n42bb-r.1	cultural life script	cultural life script	life script	life_script
http://data.loterre.fr/ark:/67375/p66-r19q943t-b.0	survey of autobiographical memory	survey of autobiographical memory	survey of autobiographical memory	survey_of_autobiographical_memory
http://data.loterre.fr/ark:/67375/p66-r2xksznz-5.0	sensitivity to first-order relations	sensitivity to first-order relations	first-order relational processing	first_order_relational_processing
http://data.loterre.fr/ark:/67375/p66-r3nh2b35-b.0	conjoint recall paradigm	conjoint recall paradigm	conjoint recall paradigm	conjoint_recall_paradigm
http://data.loterre.fr/ark:/67375/p66-r42bdsxq-r.0	trace decay hypothesis	trace decay hypothesis	trace decay hypothesis	trace_decay_hypothesis
http://data.loterre.fr/ark:/67375/p66-r42bdsxq-r.1	decay hypothesis	decay hypothesis	trace decay hypothesis	trace_decay_hypothesis
http://data.loterre.fr/ark:/67375/p66-r42bdsxq-r.2	decay theory	decay theory	trace decay hypothesis	trace_decay_hypothesis
http://data.loterre.fr/ark:/67375/p66-r42bdsxq-r.3	spontaneous forgetting	spontaneous forgetting	trace decay hypothesis	trace_decay_hypothesis
http://data.loterre.fr/ark:/67375/p66-r492c0gf-r.0	recognition span task	recognition span task	recognition span task	recognition_span_task
http://data.loterre.fr/ark:/67375/p66-r4b06w09-t.0	item-method directed forgetting paradigm	item-method directed forgetting paradigm	item-method directed forgetting paradigm	item_method_directed_forgetting_paradigm
http://data.loterre.fr/ark:/67375/p66-r4b06w09-t.1	item-method directed forgetting procedure	item-method directed forgetting procedure	item-method directed forgetting paradigm	item_method_directed_forgetting_paradigm
http://data.loterre.fr/ark:/67375/p66-r67fw6zg-s.0	memory complaint intensity scale	memory complaint intensity scale	memory complaint intensity scale	memory_complaint_intensity_scale
http://data.loterre.fr/ark:/67375/p66-r6qxkn8c-q.0	repetition decrement effect	repetition decrement effect	repetition decrement effect	repetition_decrement_effect
http://data.loterre.fr/ark:/67375/p66-r6t91fcl-0.0	ribot's law	ribot's law	ribot's law	ribots_law
http://data.loterre.fr/ark:/67375/p66-r6t91fcl-0.1	ribot's gradient	ribot's gradient	ribot's law	ribots_law
http://data.loterre.fr/ark:/67375/p66-r7tmhl5b-6.0	frequency of forgetting-10 scale	frequency of forgetting-10 scale	frequency of forgetting-10 scale	frequency_of_forgetting_10_scale
http://data.loterre.fr/ark:/67375/p66-r7tmhl5b-6.1	forgetting-10 scale	forgetting-10 scale	frequency of forgetting-10 scale	frequency_of_forgetting_10_scale
http://data.loterre.fr/ark:/67375/p66-r97597vb-c.0	echoic memory	echoic memory	echoic memory	echoic_memory
http://data.loterre.fr/ark:/67375/p66-r97597vb-c.1	auditory sensory memory	auditory sensory memory	echoic memory	echoic_memory
http://data.loterre.fr/ark:/67375/p66-r97597vb-c.2	precategorical acoustic store	precategorical acoustic store	echoic memory	echoic_memory
http://data.loterre.fr/ark:/67375/p66-r9c47fsl-5.0	declarative memory	declarative memory	declarative memory	declarative_memory
http://data.loterre.fr/ark:/67375/p66-r9sd7p3m-h.0	involuntary memories program	involuntary memories program	involuntary memories program	involuntary_memories_program
http://data.loterre.fr/ark:/67375/p66-r9sd7p3m-h.1	imp	imp	involuntary memories program	involuntary_memories_program
http://data.loterre.fr/ark:/67375/p66-r9sd7p3m-h.2	viligance task	viligance task	involuntary memories program	involuntary_memories_program
http://data.loterre.fr/ark:/67375/p66-r9tv9kx5-3.0	retrieving effectively from memory model	retrieving effectively from memory model	retrieving effectively from memory model	retrieving_effectively_from_memory_model
http://data.loterre.fr/ark:/67375/p66-r9tv9kx5-3.1	rem model	rem model	retrieving effectively from memory model	retrieving_effectively_from_memory_model
http://data.loterre.fr/ark:/67375/p66-rb2nmvr4-3.0	spacing effect	spacing effect	spacing effect	spacing_effect
http://data.loterre.fr/ark:/67375/p66-rbb4pcws-c.0	ecological assessment	ecological assessment	ecological assessment	ecological_assessment
http://data.loterre.fr/ark:/67375/p66-rbb4pcws-c.1	ecological task	ecological task	ecological assessment	ecological_assessment
http://data.loterre.fr/ark:/67375/p66-rbb4pcws-c.2	ecological test	ecological test	ecological assessment	ecological_assessment
http://data.loterre.fr/ark:/67375/p66-rbb4pcws-c.3	everyday memory task	everyday memory task	ecological assessment	ecological_assessment
http://data.loterre.fr/ark:/67375/p66-rbqkf23q-1.0	unconscious priming effect	unconscious priming effect	unconscious priming effect	unconscious_priming_effect
http://data.loterre.fr/ark:/67375/p66-rbqkf23q-1.1	subliminal priming	subliminal priming	unconscious priming effect	unconscious_priming_effect
http://data.loterre.fr/ark:/67375/p66-rbqkf23q-1.2	unconscious priming	unconscious priming	unconscious priming effect	unconscious_priming_effect
http://data.loterre.fr/ark:/67375/p66-rcpprh1j-q.0	semantic short-term memory	semantic short-term memory	semantic short-term memory	semantic_short_term_memory
http://data.loterre.fr/ark:/67375/p66-rcpprh1j-q.1	semantic working memory	semantic working memory	semantic short-term memory	semantic_short_term_memory
http://data.loterre.fr/ark:/67375/p66-rdlrcd1x-c.0	core recollection network	core recollection network	core recollection network	core_recollection_network
http://data.loterre.fr/ark:/67375/p66-rdlrcd1x-c.1	general recollection network	general recollection network	core recollection network	core_recollection_network
http://data.loterre.fr/ark:/67375/p66-rfgpw997-3.0	equal-variance signal detection theory	equal-variance signal detection theory	equal-variance signal detection theory	equal_variance_signal_detection_theory
http://data.loterre.fr/ark:/67375/p66-rfgpw997-3.1	evsd	evsd	equal-variance signal detection theory	equal_variance_signal_detection_theory
http://data.loterre.fr/ark:/67375/p66-rfgpw997-3.2	evsdt	evsdt	equal-variance signal detection theory	equal_variance_signal_detection_theory
http://data.loterre.fr/ark:/67375/p66-rfgpw997-3.3	equal-variance signal detection model	equal-variance signal detection model	equal-variance signal detection theory	equal_variance_signal_detection_theory
http://data.loterre.fr/ark:/67375/p66-rfxt7dnq-v.0	mirror learning	mirror learning	mirror learning	mirror_learning
http://data.loterre.fr/ark:/67375/p66-rg5h7lcr-n.0	event-cueing paradigm	event-cueing paradigm	event-cueing paradigm	event_cueing_paradigm
http://data.loterre.fr/ark:/67375/p66-rg5h7lcr-n.1	event-cueing method	event-cueing method	event-cueing paradigm	event_cueing_paradigm
http://data.loterre.fr/ark:/67375/p66-rg5h7lcr-n.2	event-cueing procedure	event-cueing procedure	event-cueing paradigm	event_cueing_paradigm
http://data.loterre.fr/ark:/67375/p66-rg5h7lcr-n.3	event-cueing task	event-cueing task	event-cueing paradigm	event_cueing_paradigm
http://data.loterre.fr/ark:/67375/p66-rg5h7lcr-n.4	event-cueing technique	event-cueing technique	event-cueing paradigm	event_cueing_paradigm
http://data.loterre.fr/ark:/67375/p66-rhbpf3ss-b.0	dual task paradigm	dual task paradigm	dual task paradigm	dual_task_paradigm
http://data.loterre.fr/ark:/67375/p66-rhbpf3ss-b.1	concurrent task	concurrent task	dual task paradigm	dual_task_paradigm
http://data.loterre.fr/ark:/67375/p66-rhbpf3ss-b.2	dual task method	dual task method	dual task paradigm	dual_task_paradigm
http://data.loterre.fr/ark:/67375/p66-rhdbpz6b-n.0	perceptual identification task	perceptual identification task	perceptual identification task	perceptual_identification_task
http://data.loterre.fr/ark:/67375/p66-rj2v9nkg-p.0	retrieval accuracy from fragmented traces model	retrieval accuracy from fragmented traces model	retrieval accuracy from fragmented traces model	retrieval_accuracy_from_fragmented_traces_model
http://data.loterre.fr/ark:/67375/p66-rj2v9nkg-p.1	raft model	raft model	retrieval accuracy from fragmented traces model	retrieval_accuracy_from_fragmented_traces_model
http://data.loterre.fr/ark:/67375/p66-rjd88gww-q.0	conjunctive memory	conjunctive memory	conjunctive memory	conjunctive_memory
http://data.loterre.fr/ark:/67375/p66-rjd88gww-q.1	conjunctive binding	conjunctive binding	conjunctive memory	conjunctive_memory
http://data.loterre.fr/ark:/67375/p66-rm1l7mv6-5.0	negative recency effect	negative recency effect	negative recency effect	negative_recency_effect
http://data.loterre.fr/ark:/67375/p66-rn0gl886-1.0	negative subsequent memory effect	negative subsequent memory effect	negative subsequent memory effect	negative_subsequent_memory_effect
http://data.loterre.fr/ark:/67375/p66-rn0gl886-1.1	nsm	nsm	negative subsequent memory effect	negative_subsequent_memory_effect
http://data.loterre.fr/ark:/67375/p66-rn0gl886-1.2	reversed subsequent memory effect	reversed subsequent memory effect	negative subsequent memory effect	negative_subsequent_memory_effect
http://data.loterre.fr/ark:/67375/p66-rn0gl886-1.3	subsequent forgetting effect	subsequent forgetting effect	negative subsequent memory effect	negative_subsequent_memory_effect
http://data.loterre.fr/ark:/67375/p66-rnc1clpt-b.0	transposition in the past	transposition in the past	transposition in the past	transposition_in_the_past
http://data.loterre.fr/ark:/67375/p66-rpcxjpr3-1.0	focal prospective memory task	focal prospective memory task	focal prospective memory task	focal_prospective_memory_task
http://data.loterre.fr/ark:/67375/p66-rqpl09wz-k.0	specificity principle	specificity principle	specificity principle	specificity_principle
http://data.loterre.fr/ark:/67375/p66-rrk3r52w-w.0	distractor task	distractor task	distractor task	distractor_task
http://data.loterre.fr/ark:/67375/p66-rvcckrql-f.0	phonological loop	phonological loop	phonological loop	phonological_loop
http://data.loterre.fr/ark:/67375/p66-rx649wcg-z.0	postmemory	postmemory	postmemory	postmemory
http://data.loterre.fr/ark:/67375/p66-rxqc1kxl-6.0	high elaborative reminiscing style	high elaborative reminiscing style	high elaborative reminiscing style	high_elaborative_reminiscing_style
http://data.loterre.fr/ark:/67375/p66-rxqc1kxl-6.1	highly elaborative reminiscing style	highly elaborative reminiscing style	high elaborative reminiscing style	high_elaborative_reminiscing_style
http://data.loterre.fr/ark:/67375/p66-rz2frn8x-s.0	selective directed forgetting paradigm	selective directed forgetting paradigm	selective directed forgetting paradigm	selective_directed_forgetting_paradigm
http://data.loterre.fr/ark:/67375/p66-rz2frn8x-s.1	selective directed forgetting procedure	selective directed forgetting procedure	selective directed forgetting paradigm	selective_directed_forgetting_paradigm
http://data.loterre.fr/ark:/67375/p66-rz9dqjmh-h.0	source monitoring	source monitoring	source monitoring	source_monitoring
http://data.loterre.fr/ark:/67375/p66-rzlstnk1-3.0	causal theory of memory	causal theory of memory	causal theory of memory	causal_theory_of_memory
http://data.loterre.fr/ark:/67375/p66-rzlstnk1-3.1	causalism	causalism	causal theory of memory	causal_theory_of_memory
http://data.loterre.fr/ark:/67375/p66-rzq6fw2v-n.0	serial search theory	serial search theory	serial search theory	serial_search_theory
http://data.loterre.fr/ark:/67375/p66-rzq9pf13-7.0	korsakoff syndrome	korsakoff syndrome	korsakoff syndrome	korsakoff_syndrome
http://data.loterre.fr/ark:/67375/p66-rzq9pf13-7.1	wernicke-korsakoff syndrome	wernicke-korsakoff syndrome	korsakoff syndrome	korsakoff_syndrome
http://data.loterre.fr/ark:/67375/p66-rzw0j5rs-t.0	preschool-aged child	preschool-aged child	preschool-aged child	preschool_aged_child
http://data.loterre.fr/ark:/67375/p66-rzw0j5rs-t.1	preschooler	preschooler	preschool-aged child	preschool_aged_child
http://data.loterre.fr/ark:/67375/p66-s1gscptd-j.0	inhibitory control	inhibitory control	inhibitory control	inhibitory_control
http://data.loterre.fr/ark:/67375/p66-s1gscptd-j.1	response inhibition	response inhibition	inhibitory control	inhibitory_control
http://data.loterre.fr/ark:/67375/p66-s1p5hn7d-z.0	late frontal effect	late frontal effect	late frontal effect	late_frontal_effect
http://data.loterre.fr/ark:/67375/p66-s1p5hn7d-z.1	lfe	lfe	late frontal effect	late_frontal_effect
http://data.loterre.fr/ark:/67375/p66-s1p5hn7d-z.2	late frontal positivity effect	late frontal positivity effect	late frontal effect	late_frontal_effect
http://data.loterre.fr/ark:/67375/p66-s1pfkx4t-q.0	postponement error	postponement error	postponement error	postponement_error
http://data.loterre.fr/ark:/67375/p66-s2w7117k-3.0	functional near-infrared spectroscopy	functional near-infrared spectroscopy	functional near-infrared spectroscopy	functional_near_infrared_spectroscopy
http://data.loterre.fr/ark:/67375/p66-s2w7117k-3.1	fnirs	fnirs	functional near-infrared spectroscopy	functional_near_infrared_spectroscopy
http://data.loterre.fr/ark:/67375/p66-s2w7117k-3.2	functional near-infrared imaging	functional near-infrared imaging	functional near-infrared spectroscopy	functional_near_infrared_spectroscopy
http://data.loterre.fr/ark:/67375/p66-s31whw5g-h.0	lpc wave	lpc wave	lpc wave	lpc_wave
http://data.loterre.fr/ark:/67375/p66-s31whw5g-h.1	late positive component	late positive component	lpc wave	lpc_wave
http://data.loterre.fr/ark:/67375/p66-s38mfw7p-4.0	semantic priming effect	semantic priming effect	semantic priming effect	semantic_priming_effect
http://data.loterre.fr/ark:/67375/p66-s38mfw7p-4.1	conceptual priming	conceptual priming	semantic priming effect	semantic_priming_effect
http://data.loterre.fr/ark:/67375/p66-s38mfw7p-4.2	semantic priming	semantic priming	semantic priming effect	semantic_priming_effect
http://data.loterre.fr/ark:/67375/p66-s4b771l2-3.0	symmetry span task	symmetry span task	symmetry span task	symmetry_span_task
http://data.loterre.fr/ark:/67375/p66-s59twnv6-j.0	feature comparison model	feature comparison model	feature comparison model	feature_comparison_model
http://data.loterre.fr/ark:/67375/p66-s7k3lmkq-0.0	autobiographical knowledge base	autobiographical knowledge base	autobiographical knowledge base	autobiographical_knowledge_base
http://data.loterre.fr/ark:/67375/p66-sc6qfxmk-s.0	association-monitoring theory	association-monitoring theory	association-monitoring theory	association_monitoring_theory
http://data.loterre.fr/ark:/67375/p66-sc6qfxmk-s.1	amf	amf	association-monitoring theory	association_monitoring_theory
http://data.loterre.fr/ark:/67375/p66-sc6qfxmk-s.2	activation-monitoring account	activation-monitoring account	association-monitoring theory	association_monitoring_theory
http://data.loterre.fr/ark:/67375/p66-sc6qfxmk-s.3	activation/monitoring framework	activation/monitoring framework	association-monitoring theory	association_monitoring_theory
http://data.loterre.fr/ark:/67375/p66-sd0wf5ss-c.0	cognitive difficulties scale	cognitive difficulties scale	cognitive difficulties scale	cognitive_difficulties_scale
http://data.loterre.fr/ark:/67375/p66-sd0wf5ss-c.1	cds	cds	cognitive difficulties scale	cognitive_difficulties_scale
http://data.loterre.fr/ark:/67375/p66-sfbfs598-m.0	patient	patient	patient	patient
http://data.loterre.fr/ark:/67375/p66-sfbfs598-m.1	case study	case study	patient	patient
http://data.loterre.fr/ark:/67375/p66-sfbfs598-m.2	clinical case	clinical case	patient	patient
http://data.loterre.fr/ark:/67375/p66-sgbp127s-4.0	spaced retrieval	spaced retrieval	spaced retrieval	spaced_retrieval
http://data.loterre.fr/ark:/67375/p66-sgbp127s-4.1	spaced-retrieval intervention	spaced-retrieval intervention	spaced retrieval	spaced_retrieval
http://data.loterre.fr/ark:/67375/p66-sgll8zd9-8.0	continuous recognition task	continuous recognition task	continuous recognition task	continuous_recognition_task
http://data.loterre.fr/ark:/67375/p66-shssts9p-2.0	everyday memory questionnaire	everyday memory questionnaire	everyday memory questionnaire	everyday_memory_questionnaire
http://data.loterre.fr/ark:/67375/p66-shssts9p-2.1	emq	emq	everyday memory questionnaire	everyday_memory_questionnaire
http://data.loterre.fr/ark:/67375/p66-sk3sskxh-c.0	inference-based false memory	inference-based false memory	inference-based false memory	inference_based_false_memory
http://data.loterre.fr/ark:/67375/p66-sk3sskxh-c.1	inferential false memory	inferential false memory	inference-based false memory	inference_based_false_memory
http://data.loterre.fr/ark:/67375/p66-skjt4lc3-h.0	hal model	hal model	hal model	hal_model
http://data.loterre.fr/ark:/67375/p66-skjt4lc3-h.1	hyperspace analog to language model	hyperspace analog to language model	hal model	hal_model
http://data.loterre.fr/ark:/67375/p66-slpwkcwm-3.0	associative chaining theory	associative chaining theory	associative chaining theory	associative_chaining_theory
http://data.loterre.fr/ark:/67375/p66-slpwkcwm-3.1	associative chaining	associative chaining	associative chaining theory	associative_chaining_theory
http://data.loterre.fr/ark:/67375/p66-sp8f3gpr-2.0	sequential police lineup	sequential police lineup	sequential police lineup	sequential_police_lineup
http://data.loterre.fr/ark:/67375/p66-sp8f3gpr-2.1	sequential line-up	sequential line-up	sequential police lineup	sequential_police_lineup
http://data.loterre.fr/ark:/67375/p66-sp8f3gpr-2.2	sequential lineup	sequential lineup	sequential police lineup	sequential_police_lineup
http://data.loterre.fr/ark:/67375/p66-spm91zx4-v.0	simultaneous police lineup	simultaneous police lineup	simultaneous police lineup	simultaneous_police_lineup
http://data.loterre.fr/ark:/67375/p66-spm91zx4-v.1	simultaneous line-up	simultaneous line-up	simultaneous police lineup	simultaneous_police_lineup
http://data.loterre.fr/ark:/67375/p66-spm91zx4-v.2	simultaneous lineup	simultaneous lineup	simultaneous police lineup	simultaneous_police_lineup
http://data.loterre.fr/ark:/67375/p66-sptgvt9f-g.0	category repetition paradigm ​	category repetition paradigm ​	category repetition paradigm ​	category_repetition_paradigm_​
http://data.loterre.fr/ark:/67375/p66-sptgvt9f-g.1	category repetition procedure	category repetition procedure	category repetition paradigm ​	category_repetition_paradigm_​
http://data.loterre.fr/ark:/67375/p66-sqqdt489-9.0	continuous-distractor paradigm	continuous-distractor paradigm	continuous-distractor paradigm	continuous_distractor_paradigm
http://data.loterre.fr/ark:/67375/p66-sqqdt489-9.1	continual distraction paradigm	continual distraction paradigm	continuous-distractor paradigm	continuous_distractor_paradigm
http://data.loterre.fr/ark:/67375/p66-sqqdt489-9.2	continual-distractor free recall task	continual-distractor free recall task	continuous-distractor paradigm	continuous_distractor_paradigm
http://data.loterre.fr/ark:/67375/p66-sqqdt489-9.3	continuous-distractor free recall task	continuous-distractor free recall task	continuous-distractor paradigm	continuous_distractor_paradigm
http://data.loterre.fr/ark:/67375/p66-sqqdt489-9.4	through-list distractor procedure	through-list distractor procedure	continuous-distractor paradigm	continuous_distractor_paradigm
http://data.loterre.fr/ark:/67375/p66-srtkfckw-m.0	autobiographically significant concept	autobiographically significant concept	autobiographically significant concept	autobiographically_significant_concept
http://data.loterre.fr/ark:/67375/p66-srtrmrb7-v.0	accelerated long-term forgetting	accelerated long-term forgetting	accelerated long-term forgetting	accelerated_long_term_forgetting
http://data.loterre.fr/ark:/67375/p66-srtrmrb7-v.1	alf	alf	accelerated long-term forgetting	accelerated_long_term_forgetting
http://data.loterre.fr/ark:/67375/p66-srtrmrb7-v.2	lta	lta	accelerated long-term forgetting	accelerated_long_term_forgetting
http://data.loterre.fr/ark:/67375/p66-stxkznj5-f.0	numerical judgment of recency	numerical judgment of recency	numerical judgment of recency	numerical_judgment_of_recency
http://data.loterre.fr/ark:/67375/p66-sv6zp8qq-3.0	choice reaction time task	choice reaction time task	choice reaction time task	choice_reaction_time_task
http://data.loterre.fr/ark:/67375/p66-sv6zp8qq-3.1	complex reaction time	complex reaction time	choice reaction time task	choice_reaction_time_task
http://data.loterre.fr/ark:/67375/p66-sv6zp8qq-3.2	compound reaction time	compound reaction time	choice reaction time task	choice_reaction_time_task
http://data.loterre.fr/ark:/67375/p66-sw4m15vj-1.0	schematic representation	schematic representation	schema	schema
http://data.loterre.fr/ark:/67375/p66-sx69k96z-7.0	distributional model	distributional model	distributional model	distributional_model
http://data.loterre.fr/ark:/67375/p66-sx69k96z-7.1	corpus-based model	corpus-based model	distributional model	distributional_model
http://data.loterre.fr/ark:/67375/p66-sx69k96z-7.2	distributional semantic model	distributional semantic model	distributional model	distributional_model
http://data.loterre.fr/ark:/67375/p66-sx69k96z-7.3	semantic-space model	semantic-space model	distributional model	distributional_model
http://data.loterre.fr/ark:/67375/p66-sx69k96z-7.4	vector-space model	vector-space model	distributional model	distributional_model
http://data.loterre.fr/ark:/67375/p66-sx69k96z-7.5	word co-occurrence model	word co-occurrence model	distributional model	distributional_model
http://data.loterre.fr/ark:/67375/p66-sz7zwlt1-h.0	retrieval effort hypothesis	retrieval effort hypothesis	retrieval effort hypothesis	retrieval_effort_hypothesis
http://data.loterre.fr/ark:/67375/p66-szqn1qh4-q.0	forced recall task	forced recall task	forced recall task	forced_recall_task
http://data.loterre.fr/ark:/67375/p66-t0kq9rm8-4.0	alzheimer's disease	alzheimer's disease	alzheimer's disease	alzheimers_disease
http://data.loterre.fr/ark:/67375/p66-t0kq9rm8-4.1	alzheimer's dementia	alzheimer's dementia	alzheimer's disease	alzheimers_disease
http://data.loterre.fr/ark:/67375/p66-t0kq9rm8-4.2	dementia of the alzheimer type	dementia of the alzheimer type	alzheimer's disease	alzheimers_disease
http://data.loterre.fr/ark:/67375/p66-t150jwq4-n.0	simple span task	simple span task	simple span task	simple_span_task
http://data.loterre.fr/ark:/67375/p66-t150jwq4-n.1	simple span	simple span	simple span task	simple_span_task
http://data.loterre.fr/ark:/67375/p66-t4634s4r-m.0	unequal-variance signal detection theory	unequal-variance signal detection theory	unequal-variance signal detection theory	unequal_variance_signal_detection_theory
http://data.loterre.fr/ark:/67375/p66-t4634s4r-m.1	uvsd	uvsd	unequal-variance signal detection theory	unequal_variance_signal_detection_theory
http://data.loterre.fr/ark:/67375/p66-t4634s4r-m.2	uvsdt	uvsdt	unequal-variance signal detection theory	unequal_variance_signal_detection_theory
http://data.loterre.fr/ark:/67375/p66-t4h4nvvk-8.0	schematic narrative template	schematic narrative template	schematic narrative template	schematic_narrative_template
http://data.loterre.fr/ark:/67375/p66-t5jd2xjt-p.0	semantic differential	semantic differential	semantic differential	semantic_differential
http://data.loterre.fr/ark:/67375/p66-t5s0j7m3-v.0	false memory implantation paradigm	false memory implantation paradigm	false memory implantation paradigm	false_memory_implantation_paradigm
http://data.loterre.fr/ark:/67375/p66-t5s0j7m3-v.1	false memory implantation method	false memory implantation method	false memory implantation paradigm	false_memory_implantation_paradigm
http://data.loterre.fr/ark:/67375/p66-t5s0j7m3-v.2	false memory implantation technique	false memory implantation technique	false memory implantation paradigm	false_memory_implantation_paradigm
http://data.loterre.fr/ark:/67375/p66-t5s0j7m3-v.3	familial-informant false narrative paradigm	familial-informant false narrative paradigm	false memory implantation paradigm	false_memory_implantation_paradigm
http://data.loterre.fr/ark:/67375/p66-t5s0j7m3-v.4	familial-informant false narrative procedure	familial-informant false narrative procedure	false memory implantation paradigm	false_memory_implantation_paradigm
http://data.loterre.fr/ark:/67375/p66-t6g0nb10-6.0	mood-dependent memory	mood-dependent memory	mood-dependent memory	mood_dependent_memory
http://data.loterre.fr/ark:/67375/p66-t8c6zfjt-3.0	recall-to-reject process	recall-to-reject process	recall-to-reject process	recall_to_reject_process
http://data.loterre.fr/ark:/67375/p66-t8c6zfjt-3.1	recollection rejection	recollection rejection	recall-to-reject process	recall_to_reject_process
http://data.loterre.fr/ark:/67375/p66-t8d54btv-n.0	response competition	response competition	response competition	response_competition
http://data.loterre.fr/ark:/67375/p66-t8d54btv-n.1	retrieval competition	retrieval competition	response competition	response_competition
http://data.loterre.fr/ark:/67375/p66-t8d54btv-n.2	trace competition	trace competition	response competition	response_competition
http://data.loterre.fr/ark:/67375/p66-t94sx2xd-t.0	cognitive failures questionnaire daily	cognitive failures questionnaire daily	cognitive failures questionnaire daily	cognitive_failures_questionnaire_daily
http://data.loterre.fr/ark:/67375/p66-tbp8q9bf-x.0	involuntary memory diary method ​	involuntary memory diary method ​	involuntary memory diary method ​	involuntary_memory_diary_method_​
http://data.loterre.fr/ark:/67375/p66-tbvs19pz-w.0	transsaccadic memory	transsaccadic memory	transsaccadic memory	transsaccadic_memory
http://data.loterre.fr/ark:/67375/p66-tddm8gs6-p.0	primacy model	primacy model	primacy model	primacy_model
http://data.loterre.fr/ark:/67375/p66-tff25xbs-f.0	working memory training	working memory training	working memory training	working_memory_training
http://data.loterre.fr/ark:/67375/p66-tff25xbs-f.1	working memory training program	working memory training program	working memory training	working_memory_training
http://data.loterre.fr/ark:/67375/p66-tfr5frbs-5.0	habit confabulation	habit confabulation	habit confabulation	habit_confabulation
http://data.loterre.fr/ark:/67375/p66-tfs9wjw4-c.0	conceptual short-term memory	conceptual short-term memory	conceptual short-term memory	conceptual_short_term_memory
http://data.loterre.fr/ark:/67375/p66-tfs9wjw4-c.1	short-term semantic memory	short-term semantic memory	conceptual short-term memory	conceptual_short_term_memory
http://data.loterre.fr/ark:/67375/p66-tfs9wjw4-c.2	very short-term conceptual memory	very short-term conceptual memory	conceptual short-term memory	conceptual_short_term_memory
http://data.loterre.fr/ark:/67375/p66-tftthb8v-t.0	implicit memory	implicit memory	implicit memory	implicit_memory
http://data.loterre.fr/ark:/67375/p66-tgcrz1nd-t.0	sensory recruitment	sensory recruitment	sensory recruitment	sensory_recruitment
http://data.loterre.fr/ark:/67375/p66-tgcrz1nd-t.1	sensorimotor recruitment	sensorimotor recruitment	sensory recruitment	sensory_recruitment
http://data.loterre.fr/ark:/67375/p66-tgd5cp20-4.0	subjective organization	subjective organization	subjective organization	subjective_organization
http://data.loterre.fr/ark:/67375/p66-tjcgvv56-5.0	mental simulation	mental simulation	mental simulation	mental_simulation
http://data.loterre.fr/ark:/67375/p66-tjcgvv56-5.1	motor simulation	motor simulation	mental simulation	mental_simulation
http://data.loterre.fr/ark:/67375/p66-tjcgvv56-5.2	sensori-motor simulation	sensori-motor simulation	mental simulation	mental_simulation
http://data.loterre.fr/ark:/67375/p66-tjqg1cw9-1.0	developmental dysmnesia	developmental dysmnesia	developmental dysmnesia	developmental_dysmnesia
http://data.loterre.fr/ark:/67375/p66-tjr8fdcw-l.0	strategy	strategy	strategy	strategy
http://data.loterre.fr/ark:/67375/p66-tjr8fdcw-l.1	memory aid	memory aid	strategy	strategy
http://data.loterre.fr/ark:/67375/p66-tjr8fdcw-l.2	memory device	memory device	strategy	strategy
http://data.loterre.fr/ark:/67375/p66-tjr8fdcw-l.3	mnemonic device	mnemonic device	strategy	strategy
http://data.loterre.fr/ark:/67375/p66-tk6nw0s2-v.0	person	person	person	person
http://data.loterre.fr/ark:/67375/p66-tk6nw0s2-v.1	individual	individual	person	person
http://data.loterre.fr/ark:/67375/p66-tkrt989c-q.0	contralateral delay activity	contralateral delay activity	contralateral delay activity	contralateral_delay_activity
http://data.loterre.fr/ark:/67375/p66-tkrt989c-q.1	cda	cda	contralateral delay activity	contralateral_delay_activity
http://data.loterre.fr/ark:/67375/p66-tkrt989c-q.2	cnsw	cnsw	contralateral delay activity	contralateral_delay_activity
http://data.loterre.fr/ark:/67375/p66-tkrt989c-q.3	contralateral negative slow wave	contralateral negative slow wave	contralateral delay activity	contralateral_delay_activity
http://data.loterre.fr/ark:/67375/p66-tkrt989c-q.4	contralateral search activity	contralateral search activity	contralateral delay activity	contralateral_delay_activity
http://data.loterre.fr/ark:/67375/p66-tkrt989c-q.5	sustained posterior contralateral negativity	sustained posterior contralateral negativity	contralateral delay activity	contralateral_delay_activity
http://data.loterre.fr/ark:/67375/p66-tkscsmhr-8.0	drm paradigm	drm paradigm	drm paradigm	drm_paradigm
http://data.loterre.fr/ark:/67375/p66-tkscsmhr-8.1	drm experiment	drm experiment	drm paradigm	drm_paradigm
http://data.loterre.fr/ark:/67375/p66-tkscsmhr-8.2	drm false memory paradigm	drm false memory paradigm	drm paradigm	drm_paradigm
http://data.loterre.fr/ark:/67375/p66-tkscsmhr-8.3	drm procedure	drm procedure	drm paradigm	drm_paradigm
http://data.loterre.fr/ark:/67375/p66-tkscsmhr-8.4	drm study	drm study	drm paradigm	drm_paradigm
http://data.loterre.fr/ark:/67375/p66-tkscsmhr-8.5	drm task	drm task	drm paradigm	drm_paradigm
http://data.loterre.fr/ark:/67375/p66-tkscsmhr-8.6	drm test	drm test	drm paradigm	drm_paradigm
http://data.loterre.fr/ark:/67375/p66-tkscsmhr-8.7	deese paradigm	deese paradigm	drm paradigm	drm_paradigm
http://data.loterre.fr/ark:/67375/p66-tkscsmhr-8.8	deese-roediger-mcdermott false memory paradigm	deese-roediger-mcdermott false memory paradigm	drm paradigm	drm_paradigm
http://data.loterre.fr/ark:/67375/p66-tkscsmhr-8.9	deese-roediger-mcdermott paradigm	deese-roediger-mcdermott paradigm	drm paradigm	drm_paradigm
http://data.loterre.fr/ark:/67375/p66-tkzb8hg9-6.0	encoding specificity principle	encoding specificity principle	encoding specificity principle	encoding_specificity_principle
http://data.loterre.fr/ark:/67375/p66-tl6309sb-3.0	forward serial position curve	forward serial position curve	forward serial position curve	forward_serial_position_curve
http://data.loterre.fr/ark:/67375/p66-tl97kw16-x.0	reading-digit span task	reading-digit span task	reading-digit span task	reading_digit_span_task
http://data.loterre.fr/ark:/67375/p66-tmql9ccl-r.0	nonword repetition task	nonword repetition task	nonword repetition task	nonword_repetition_task
http://data.loterre.fr/ark:/67375/p66-tn6tblnc-z.0	secondary distinctiveness effect	secondary distinctiveness effect	secondary distinctiveness effect	secondary_distinctiveness_effect
http://data.loterre.fr/ark:/67375/p66-tn6tblnc-z.1	extralist distinctiveness effect	extralist distinctiveness effect	secondary distinctiveness effect	secondary_distinctiveness_effect
http://data.loterre.fr/ark:/67375/p66-tp6j5445-v.0	encyclopedic memory	encyclopedic memory	encyclopedic memory	encyclopedic_memory
http://data.loterre.fr/ark:/67375/p66-tp6j5445-v.1	school knowledge	school knowledge	encyclopedic memory	encyclopedic_memory
http://data.loterre.fr/ark:/67375/p66-tpdktcb1-n.0	positive acceleration learning curve	positive acceleration learning curve	positive acceleration learning curve	positive_acceleration_learning_curve
http://data.loterre.fr/ark:/67375/p66-tpdktcb1-n.1	positive acceleration	positive acceleration	positive acceleration learning curve	positive_acceleration_learning_curve
http://data.loterre.fr/ark:/67375/p66-tpdktcb1-n.2	positive acceleration curve	positive acceleration curve	positive acceleration learning curve	positive_acceleration_learning_curve
http://data.loterre.fr/ark:/67375/p66-tpl541cx-l.0	interresponse time	interresponse time	interresponse time	interresponse_time
http://data.loterre.fr/ark:/67375/p66-tpn2mf9t-1.0	sensory/functional theory	sensory/functional theory	sensory/functional theory	sensory_functional_theory
http://data.loterre.fr/ark:/67375/p66-tsks85b6-l.0	self-limiting process	self-limiting process	self-limiting process	self_limiting_process
http://data.loterre.fr/ark:/67375/p66-tt05r285-l.0	partial report task	partial report task	partial report task	partial_report_task
http://data.loterre.fr/ark:/67375/p66-tt05r285-l.1	sperling's paradigm	sperling's paradigm	partial report task	partial_report_task
http://data.loterre.fr/ark:/67375/p66-tt05r285-l.2	partial report procedure	partial report procedure	partial report task	partial_report_task
http://data.loterre.fr/ark:/67375/p66-ttfrg06n-x.0	posterior parietal cortex	posterior parietal cortex	posterior parietal cortex	posterior_parietal_cortex
http://data.loterre.fr/ark:/67375/p66-tw7v3rp3-l.0	nichd protocol	nichd protocol	nichd protocol	nichd_protocol
http://data.loterre.fr/ark:/67375/p66-tw7v3rp3-l.1	nichd interview protocol	nichd interview protocol	nichd protocol	nichd_protocol
http://data.loterre.fr/ark:/67375/p66-tw7v3rp3-l.2	national institute of child health and human development protocol	national institute of child health and human development protocol	nichd protocol	nichd_protocol
http://data.loterre.fr/ark:/67375/p66-tw7v3rp3-l.3	revised nichd investigative interview protocol	revised nichd investigative interview protocol	nichd protocol	nichd_protocol
http://data.loterre.fr/ark:/67375/p66-tw7v3rp3-l.4	protocol of the national institute of child health and human development protocol	protocol of the national institute of child health and human development protocol	nichd protocol	nichd_protocol
http://data.loterre.fr/ark:/67375/p66-tx0cf8lb-s.0	episodic flanker task	episodic flanker task	episodic flanker task	episodic_flanker_task
http://data.loterre.fr/ark:/67375/p66-tx0cf8lb-s.1	episodic flanker paradigm	episodic flanker paradigm	episodic flanker task	episodic_flanker_task
http://data.loterre.fr/ark:/67375/p66-txg25c5j-t.0	topographical memory loss	topographical memory loss	topographical memory loss	topographical_memory_loss
http://data.loterre.fr/ark:/67375/p66-v0ktm4mw-h.0	distinctiveness heuristic	distinctiveness heuristic	distinctiveness heuristic	distinctiveness_heuristic
http://data.loterre.fr/ark:/67375/p66-v0q687c9-k.0	telephone test	telephone test	telephone test	telephone_test
http://data.loterre.fr/ark:/67375/p66-v1086tzp-c.0	selective attention	selective attention	selective attention	selective_attention
http://data.loterre.fr/ark:/67375/p66-v1jchdkr-0.0	massed learning	massed learning	massed learning	massed_learning
http://data.loterre.fr/ark:/67375/p66-v1jchdkr-0.1	blocked learning	blocked learning	massed learning	massed_learning
http://data.loterre.fr/ark:/67375/p66-v1jchdkr-0.2	massed restudy	massed restudy	massed learning	massed_learning
http://data.loterre.fr/ark:/67375/p66-v1mfzx68-j.0	facial composite	facial composite	facial composite	facial_composite
http://data.loterre.fr/ark:/67375/p66-v1mfzx68-j.1	composite face	composite face	facial composite	facial_composite
http://data.loterre.fr/ark:/67375/p66-v1mfzx68-j.2	composite image of a face	composite image of a face	facial composite	facial_composite
http://data.loterre.fr/ark:/67375/p66-v1mfzx68-j.3	face composite	face composite	facial composite	facial_composite
http://data.loterre.fr/ark:/67375/p66-v1rf14z0-p.0	kinematic false memory	kinematic false memory	kinematic false memory	kinematic_false_memory
http://data.loterre.fr/ark:/67375/p66-v31cxm91-g.0	k.c. case	k.c. case	k.c. case	k.c._case
http://data.loterre.fr/ark:/67375/p66-v31cxm91-g.1	n.n. case	n.n. case	k.c. case	k.c._case
http://data.loterre.fr/ark:/67375/p66-v48bc5f8-8.0	voluntary memory	voluntary memory	voluntary memory	voluntary_memory
http://data.loterre.fr/ark:/67375/p66-v48bc5f8-8.1	voluntary retrieval	voluntary retrieval	voluntary memory	voluntary_memory
http://data.loterre.fr/ark:/67375/p66-v4hcxxd4-7.0	directed free recall task	directed free recall task	directed free recall task	directed_free_recall_task
http://data.loterre.fr/ark:/67375/p66-v516ktqs-g.0	conjoint recognition paradigm	conjoint recognition paradigm	conjoint recognition paradigm	conjoint_recognition_paradigm
http://data.loterre.fr/ark:/67375/p66-v516ktqs-g.1	conjoint recognition task	conjoint recognition task	conjoint recognition paradigm	conjoint_recognition_paradigm
http://data.loterre.fr/ark:/67375/p66-v57znwg5-3.0	confabulation by production mode	confabulation by production mode	confabulation by production mode	confabulation_by_production_mode
http://data.loterre.fr/ark:/67375/p66-v5sj3tzs-d.0	linear ballistic accumulator model	linear ballistic accumulator model	linear ballistic accumulator model	linear_ballistic_accumulator_model
http://data.loterre.fr/ark:/67375/p66-v5sj3tzs-d.1	lba	lba	linear ballistic accumulator model	linear_ballistic_accumulator_model
http://data.loterre.fr/ark:/67375/p66-v69k7f95-m.0	auditory imagery	auditory imagery	auditory imagery	auditory_imagery
http://data.loterre.fr/ark:/67375/p66-v69k7f95-m.1	auditory image	auditory image	auditory imagery	auditory_imagery
http://data.loterre.fr/ark:/67375/p66-v8b5xmww-1.0	long-term recency effect	long-term recency effect	long-term recency effect	long_term_recency_effect
http://data.loterre.fr/ark:/67375/p66-v8s67rrq-l.0	affective working memory	affective working memory	affective working memory	affective_working_memory
http://data.loterre.fr/ark:/67375/p66-vf25x7tg-7.0	person by aptitude	person by aptitude	person by aptitude	person_by_aptitude
http://data.loterre.fr/ark:/67375/p66-vf25x7tg-7.1	individual by aptitude	individual by aptitude	person by aptitude	person_by_aptitude
http://data.loterre.fr/ark:/67375/p66-vfwgdtgw-r.0	alcohol myopia hypothesis	alcohol myopia hypothesis	alcohol myopia hypothesis	alcohol_myopia_hypothesis
http://data.loterre.fr/ark:/67375/p66-vfwgdtgw-r.1	alcohol myopia theory	alcohol myopia theory	alcohol myopia hypothesis	alcohol_myopia_hypothesis
http://data.loterre.fr/ark:/67375/p66-vgwh73dk-l.0	mini mental state examination	mini mental state examination	mini mental state examination	mini_mental_state_examination
http://data.loterre.fr/ark:/67375/p66-vgwh73dk-l.1	folstein test	folstein test	mini mental state examination	mini_mental_state_examination
http://data.loterre.fr/ark:/67375/p66-vgwh73dk-l.2	mms	mms	mini mental state examination	mini_mental_state_examination
http://data.loterre.fr/ark:/67375/p66-vgwh73dk-l.3	mini-mental state	mini-mental state	mini mental state examination	mini_mental_state_examination
http://data.loterre.fr/ark:/67375/p66-vgwh73dk-l.4	mini-mental status exam	mini-mental status exam	mini mental state examination	mini_mental_state_examination
http://data.loterre.fr/ark:/67375/p66-vhj1rz45-h.0	gating process	gating process	gating process	gating_process
http://data.loterre.fr/ark:/67375/p66-vhj1rz45-h.1	gating	gating	gating process	gating_process
http://data.loterre.fr/ark:/67375/p66-vhj1rz45-h.2	gating mechanism	gating mechanism	gating process	gating_process
http://data.loterre.fr/ark:/67375/p66-vhj1rz45-h.3	working memory gating	working memory gating	gating process	gating_process
http://data.loterre.fr/ark:/67375/p66-vhlxzt76-g.0	highly superior autobiographical memory	highly superior autobiographical memory	highly superior autobiographical memory	highly_superior_autobiographical_memory
http://data.loterre.fr/ark:/67375/p66-vhlxzt76-g.1	hsam	hsam	highly superior autobiographical memory	highly_superior_autobiographical_memory
http://data.loterre.fr/ark:/67375/p66-vhlxzt76-g.2	hyperthymesia	hyperthymesia	highly superior autobiographical memory	highly_superior_autobiographical_memory
http://data.loterre.fr/ark:/67375/p66-vhlxzt76-g.3	hyperthymestic syndrome	hyperthymestic syndrome	highly superior autobiographical memory	highly_superior_autobiographical_memory
http://data.loterre.fr/ark:/67375/p66-vl9p8sb1-h.0	tga	tga	transient global amnesia	transient_global_amnesia
http://data.loterre.fr/ark:/67375/p66-vlj0cqh4-g.0	predictive brain	predictive brain	predictive brain	predictive_brain
http://data.loterre.fr/ark:/67375/p66-vlj0cqh4-g.1	active inference	active inference	predictive brain	predictive_brain
http://data.loterre.fr/ark:/67375/p66-vlj0cqh4-g.2	bayesian brain	bayesian brain	predictive brain	predictive_brain
http://data.loterre.fr/ark:/67375/p66-vlj0cqh4-g.3	bayesian brain theory	bayesian brain theory	predictive brain	predictive_brain
http://data.loterre.fr/ark:/67375/p66-vlj0cqh4-g.4	predictive coding theory	predictive coding theory	predictive brain	predictive_brain
http://data.loterre.fr/ark:/67375/p66-vlj0cqh4-g.5	predictive mind	predictive mind	predictive brain	predictive_brain
http://data.loterre.fr/ark:/67375/p66-vlj0cqh4-g.6	predictive processing framework	predictive processing framework	predictive brain	predictive_brain
http://data.loterre.fr/ark:/67375/p66-vlj0cqh4-g.7	prospective brain	prospective brain	predictive brain	predictive_brain
http://data.loterre.fr/ark:/67375/p66-vlj0cqh4-g.8	prospective thought	prospective thought	predictive brain	predictive_brain
http://data.loterre.fr/ark:/67375/p66-vmh6cdvc-n.0	false feedback paradigm	false feedback paradigm	false feedback paradigm	false_feedback_paradigm
http://data.loterre.fr/ark:/67375/p66-vmh6cdvc-n.1	false feedback method	false feedback method	false feedback paradigm	false_feedback_paradigm
http://data.loterre.fr/ark:/67375/p66-vp5f7khk-3.0	dynamic field theory	dynamic field theory	dynamic field theory	dynamic_field_theory
http://data.loterre.fr/ark:/67375/p66-vp9mvphc-n.0	working self	working self	working self	working_self
http://data.loterre.fr/ark:/67375/p66-vpx9wq0r-9.0	time-based resource sharing model	time-based resource sharing model	time-based resource sharing model	time_based_resource_sharing_model
http://data.loterre.fr/ark:/67375/p66-vpx9wq0r-9.1	tbrs model	tbrs model	time-based resource sharing model	time_based_resource_sharing_model
http://data.loterre.fr/ark:/67375/p66-vs0q3f43-7.0	organization	organization	organization	organization
http://data.loterre.fr/ark:/67375/p66-vs0q3f43-7.1	organizational strategy	organizational strategy	organization	organization
http://data.loterre.fr/ark:/67375/p66-vs42q5p6-9.0	identify-to-reject process	identify-to-reject process	identify-to-reject process	identify_to_reject_process
http://data.loterre.fr/ark:/67375/p66-vs42q5p6-9.1	identify-to-reject strategy	identify-to-reject strategy	identify-to-reject process	identify_to_reject_process
http://data.loterre.fr/ark:/67375/p66-vszt26md-v.0	amnestic syndrome	amnestic syndrome	amnestic syndrome	amnestic_syndrome
http://data.loterre.fr/ark:/67375/p66-vtgzmv26-7.0	tracelink model	tracelink model	tracelink model	tracelink_model
http://data.loterre.fr/ark:/67375/p66-vvp5v8hg-j.0	composite holographic associative recall model	composite holographic associative recall model	composite holographic associative recall model	composite_holographic_associative_recall_model
http://data.loterre.fr/ark:/67375/p66-vvp5v8hg-j.1	charm model	charm model	composite holographic associative recall model	composite_holographic_associative_recall_model
http://data.loterre.fr/ark:/67375/p66-vwg96tp1-f.0	nonbelieved memory	nonbelieved memory	nonbelieved memory	nonbelieved_memory
http://data.loterre.fr/ark:/67375/p66-vwx3sx1x-5.0	subjective study method of memory	subjective study method of memory	subjective study method of memory	subjective_study_method_of_memory
http://data.loterre.fr/ark:/67375/p66-vx42zrsp-1.0	inhibition-induced forgetting	inhibition-induced forgetting	inhibition-induced forgetting	inhibition_induced_forgetting
http://data.loterre.fr/ark:/67375/p66-vzmfwzrf-k.0	memory stroop paradigm	memory stroop paradigm	memory stroop paradigm	memory_stroop_paradigm
http://data.loterre.fr/ark:/67375/p66-w0mrjfxz-d.0	over/under confidence index	over/under confidence index	over/under confidence index	over_under_confidence_index
http://data.loterre.fr/ark:/67375/p66-w0mrjfxz-d.1	o/u index	o/u index	over/under confidence index	over_under_confidence_index
http://data.loterre.fr/ark:/67375/p66-w0mrjfxz-d.2	o/u measure	o/u measure	over/under confidence index	over_under_confidence_index
http://data.loterre.fr/ark:/67375/p66-w0mrjfxz-d.3	overconfidence/underconfidence index	overconfidence/underconfidence index	over/under confidence index	over_under_confidence_index
http://data.loterre.fr/ark:/67375/p66-w0tlf8t9-s.0	procedural working memory	procedural working memory	procedural working memory	procedural_working_memory
http://data.loterre.fr/ark:/67375/p66-w0xk4fx2-9.0	long-term working memory	long-term working memory	long-term working memory	long_term_working_memory
http://data.loterre.fr/ark:/67375/p66-w14c8g63-5.0	simple reaction time task	simple reaction time task	simple reaction time task	simple_reaction_time_task
http://data.loterre.fr/ark:/67375/p66-w1lp7kg3-6.0	memory complaint	memory complaint	memory complaint	memory_complaint
http://data.loterre.fr/ark:/67375/p66-w1lp7kg3-6.1	subjective memory complaint	subjective memory complaint	memory complaint	memory_complaint
http://data.loterre.fr/ark:/67375/p66-w1lp7kg3-6.2	subjective memory decline	subjective memory decline	memory complaint	memory_complaint
http://data.loterre.fr/ark:/67375/p66-w1lp7kg3-6.3	subjective memory impairment	subjective memory impairment	memory complaint	memory_complaint
http://data.loterre.fr/ark:/67375/p66-w1lp7kg3-6.4	subjective memory loss	subjective memory loss	memory complaint	memory_complaint
http://data.loterre.fr/ark:/67375/p66-w2hp08xp-2.0	phonemic verbal fluency test	phonemic verbal fluency test	phonemic verbal fluency test	phonemic_verbal_fluency_test
http://data.loterre.fr/ark:/67375/p66-w2hp08xp-2.1	phonemic fluency	phonemic fluency	phonemic verbal fluency test	phonemic_verbal_fluency_test
http://data.loterre.fr/ark:/67375/p66-w2hp08xp-2.2	phonemic fluency task	phonemic fluency task	phonemic verbal fluency test	phonemic_verbal_fluency_test
http://data.loterre.fr/ark:/67375/p66-w2hp08xp-2.3	phonemic fluency test	phonemic fluency test	phonemic verbal fluency test	phonemic_verbal_fluency_test
http://data.loterre.fr/ark:/67375/p66-w2hp08xp-2.4	phonological verbal fluency task	phonological verbal fluency task	phonemic verbal fluency test	phonemic_verbal_fluency_test
http://data.loterre.fr/ark:/67375/p66-w2s3kl49-l.0	levels of processing theory	levels of processing theory	levels of processing theory	levels_of_processing_theory
http://data.loterre.fr/ark:/67375/p66-w2s3kl49-l.1	levels of processig hypothesis	levels of processig hypothesis	levels of processing theory	levels_of_processing_theory
http://data.loterre.fr/ark:/67375/p66-w2s3kl49-l.2	levels of processing model	levels of processing model	levels of processing theory	levels_of_processing_theory
http://data.loterre.fr/ark:/67375/p66-w33h358f-7.0	allocation of study time	allocation of study time	allocation of study time	allocation_of_study_time
http://data.loterre.fr/ark:/67375/p66-w50zklzt-z.0	memory self-efficacy questionnaire	memory self-efficacy questionnaire	memory self-efficacy questionnaire	memory_self_efficacy_questionnaire
http://data.loterre.fr/ark:/67375/p66-w50zklzt-z.1	mseq	mseq	memory self-efficacy questionnaire	memory_self_efficacy_questionnaire
http://data.loterre.fr/ark:/67375/p66-w58m2srn-d.0	reproductive inhibition	reproductive inhibition	reproductive inhibition	reproductive_inhibition
http://data.loterre.fr/ark:/67375/p66-w61jmphd-l.0	modified free recall procedure	modified free recall procedure	modified free recall procedure	modified_free_recall_procedure
http://data.loterre.fr/ark:/67375/p66-w6zdjnzd-f.0	backward serial position curve	backward serial position curve	backward serial position curve	backward_serial_position_curve
http://data.loterre.fr/ark:/67375/p66-w8n5kjdt-l.0	perceptual priming effect	perceptual priming effect	perceptual priming effect	perceptual_priming_effect
http://data.loterre.fr/ark:/67375/p66-w8n5kjdt-l.1	perceptual priming	perceptual priming	perceptual priming effect	perceptual_priming_effect
http://data.loterre.fr/ark:/67375/p66-w95z5s37-2.0	span task	span task	span task	span_task
http://data.loterre.fr/ark:/67375/p66-w95z5s37-2.1	memory span task	memory span task	span task	span_task
http://data.loterre.fr/ark:/67375/p66-w98hwg05-x.0	standard theory of consolidation	standard theory of consolidation	standard theory of consolidation	standard_theory_of_consolidation
http://data.loterre.fr/ark:/67375/p66-w98hwg05-x.1	standard model of consolidation	standard model of consolidation	standard theory of consolidation	standard_theory_of_consolidation
http://data.loterre.fr/ark:/67375/p66-w9nt4pk7-j.0	changing-state effect	changing-state effect	changing-state effect	changing_state_effect
http://data.loterre.fr/ark:/67375/p66-wchqsnql-0.0	encoding, storage, retrieval test	encoding, storage, retrieval test	encoding, storage, retrieval test	encoding_storage_retrieval_test
http://data.loterre.fr/ark:/67375/p66-wchqsnql-0.1	esr paradigm	esr paradigm	encoding, storage, retrieval test	encoding_storage_retrieval_test
http://data.loterre.fr/ark:/67375/p66-wchqsnql-0.2	esr task	esr task	encoding, storage, retrieval test	encoding_storage_retrieval_test
http://data.loterre.fr/ark:/67375/p66-wchqsnql-0.3	s-esr task	s-esr task	encoding, storage, retrieval test	encoding_storage_retrieval_test
http://data.loterre.fr/ark:/67375/p66-wchqsnql-0.4	short esr task	short esr task	encoding, storage, retrieval test	encoding_storage_retrieval_test
http://data.loterre.fr/ark:/67375/p66-wdjfqlqj-p.0	stirling face recognition scale	stirling face recognition scale	stirling face recognition scale	stirling_face_recognition_scale
http://data.loterre.fr/ark:/67375/p66-wdjfqlqj-p.1	sfrs	sfrs	stirling face recognition scale	stirling_face_recognition_scale
http://data.loterre.fr/ark:/67375/p66-wdnxpkv1-n.0	sensitivity of second-order relations	sensitivity of second-order relations	second-order relational processing	second_order_relational_processing
http://data.loterre.fr/ark:/67375/p66-wg17xbg4-v.0	mem-pro-clinic test	mem-pro-clinic test	mem-pro-clinic test	mem_pro_clinic_test
http://data.loterre.fr/ark:/67375/p66-wg1xtxwn-2.0	episodic trace	episodic trace	episodic trace	episodic_trace
http://data.loterre.fr/ark:/67375/p66-whjrj6f1-q.0	property generation task	property generation task	property generation task	property_generation_task
http://data.loterre.fr/ark:/67375/p66-whjrj6f1-q.1	feature listing task	feature listing task	property generation task	property_generation_task
http://data.loterre.fr/ark:/67375/p66-whjrj6f1-q.2	feature production task	feature production task	property generation task	property_generation_task
http://data.loterre.fr/ark:/67375/p66-whjrj6f1-q.3	property elicitation task	property elicitation task	property generation task	property_generation_task
http://data.loterre.fr/ark:/67375/p66-whjrj6f1-q.4	property listing task	property listing task	property generation task	property_generation_task
http://data.loterre.fr/ark:/67375/p66-wjjr1cx9-x.0	ownership effect	ownership effect	ownership effect	ownership_effect
http://data.loterre.fr/ark:/67375/p66-wjjr1cx9-x.1	ownership self-reference effect	ownership self-reference effect	ownership effect	ownership_effect
http://data.loterre.fr/ark:/67375/p66-wjjr1cx9-x.2	ownership-induced self-bias	ownership-induced self-bias	ownership effect	ownership_effect
http://data.loterre.fr/ark:/67375/p66-wjwg0jc6-w.0	interference resolution	interference resolution	interference resolution	interference_resolution
http://data.loterre.fr/ark:/67375/p66-wjwg0jc6-w.1	interference control	interference control	interference resolution	interference_resolution
http://data.loterre.fr/ark:/67375/p66-wk08nbw0-q.0	contextual availability hypothesis	contextual availability hypothesis	contextual availability hypothesis	contextual_availability_hypothesis
http://data.loterre.fr/ark:/67375/p66-wk08nbw0-q.1	contextual availability model	contextual availability model	contextual availability hypothesis	contextual_availability_hypothesis
http://data.loterre.fr/ark:/67375/p66-wk08nbw0-q.2	contextual availability theory	contextual availability theory	contextual availability hypothesis	contextual_availability_hypothesis
http://data.loterre.fr/ark:/67375/p66-wkqq2kz6-8.0	focus of attention	focus of attention	focus of attention	focus_of_attention
http://data.loterre.fr/ark:/67375/p66-wkqq2kz6-8.1	attentional focus	attentional focus	focus of attention	focus_of_attention
http://data.loterre.fr/ark:/67375/p66-wm9bnkj9-8.0	procedural metamemory	procedural metamemory	procedural metamemory	procedural_metamemory
http://data.loterre.fr/ark:/67375/p66-wm9bnkj9-8.1	metamemory experience	metamemory experience	procedural metamemory	procedural_metamemory
http://data.loterre.fr/ark:/67375/p66-wnfw5fqb-c.0	selective interference paradigm	selective interference paradigm	selective interference paradigm	selective_interference_paradigm
http://data.loterre.fr/ark:/67375/p66-wpbzbd02-r.0	internal strategy	internal strategy	internal strategy	internal_strategy
http://data.loterre.fr/ark:/67375/p66-wpbzbd02-r.1	internal aid	internal aid	internal strategy	internal_strategy
http://data.loterre.fr/ark:/67375/p66-wpdn8p51-4.0	memory span	memory span	memory span	memory_span
http://data.loterre.fr/ark:/67375/p66-wpdn8p51-4.1	span	span	memory span	memory_span
http://data.loterre.fr/ark:/67375/p66-wqkz3mht-d.0	memory sensitivity	memory sensitivity	memory sensitivity	memory_sensitivity
http://data.loterre.fr/ark:/67375/p66-wqkz3mht-d.1	discriminability	discriminability	memory sensitivity	memory_sensitivity
http://data.loterre.fr/ark:/67375/p66-wqkz3mht-d.2	memory discriminability	memory discriminability	memory sensitivity	memory_sensitivity
http://data.loterre.fr/ark:/67375/p66-wqkz3mht-d.3	sensitivity	sensitivity	memory sensitivity	memory_sensitivity
http://data.loterre.fr/ark:/67375/p66-wrbxk1f6-t.0	mental lexicon	mental lexicon	mental lexicon	mental_lexicon
http://data.loterre.fr/ark:/67375/p66-wsxq2ms5-9.0	suppression-induced forgetting	suppression-induced forgetting	suppression-induced forgetting	suppression_induced_forgetting
http://data.loterre.fr/ark:/67375/p66-wsxq2ms5-9.1	memory suppression	memory suppression	suppression-induced forgetting	suppression_induced_forgetting
http://data.loterre.fr/ark:/67375/p66-wsxq2ms5-9.2	suppression effect	suppression effect	suppression-induced forgetting	suppression_induced_forgetting
http://data.loterre.fr/ark:/67375/p66-wvm3wl9j-d.0	repetition priming effect	repetition priming effect	repetition priming effect	repetition_priming_effect
http://data.loterre.fr/ark:/67375/p66-wvm3wl9j-d.1	direct priming	direct priming	repetition priming effect	repetition_priming_effect
http://data.loterre.fr/ark:/67375/p66-wvm3wl9j-d.2	identity priming	identity priming	repetition priming effect	repetition_priming_effect
http://data.loterre.fr/ark:/67375/p66-wvm3wl9j-d.3	repetition priming	repetition priming	repetition priming effect	repetition_priming_effect
http://data.loterre.fr/ark:/67375/p66-wvmspsb6-z.0	gestural loop	gestural loop	gestural loop	gestural_loop
http://data.loterre.fr/ark:/67375/p66-wwk7w52c-7.0	autobiographical fact	autobiographical fact	personal semantics	personal_semantics
http://data.loterre.fr/ark:/67375/p66-wwk7w52c-7.1	non-episodic autobiographical memory	non-episodic autobiographical memory	personal semantics	personal_semantics
http://data.loterre.fr/ark:/67375/p66-wwk7w52c-7.2	personal semantic memory	personal semantic memory	personal semantics	personal_semantics
http://data.loterre.fr/ark:/67375/p66-wwk7w52c-7.3	semantic self-knowledge	semantic self-knowledge	personal semantics	personal_semantics
http://data.loterre.fr/ark:/67375/p66-wwpbjrc2-h.0	category probe task	category probe task	category probe task	category_probe_task
http://data.loterre.fr/ark:/67375/p66-wzlk4r47-z.0	task switching	task switching	task switching	task_switching
http://data.loterre.fr/ark:/67375/p66-x04j1443-5.0	preadolescent	preadolescent	preadolescent	preadolescent
http://data.loterre.fr/ark:/67375/p66-x04j1443-5.1	early adolescent	early adolescent	preadolescent	preadolescent
http://data.loterre.fr/ark:/67375/p66-x2m6d2rk-2.0	transition theory	transition theory	transition theory	transition_theory
http://data.loterre.fr/ark:/67375/p66-x311vjz9-2.0	prosopamnesia	prosopamnesia	prosopamnesia	prosopamnesia
http://data.loterre.fr/ark:/67375/p66-x3fs8r50-q.0	principle of desirable difficulties	principle of desirable difficulties	principle of desirable difficulties	principle_of_desirable_difficulties
http://data.loterre.fr/ark:/67375/p66-x3p46gk5-v.0	elaborative rehearsal	elaborative rehearsal	elaborative rehearsal	elaborative_rehearsal
http://data.loterre.fr/ark:/67375/p66-x44fvtw0-z.0	autobiographical memory interview	autobiographical memory interview	autobiographical memory interview	autobiographical_memory_interview
http://data.loterre.fr/ark:/67375/p66-x44fvtw0-z.1	ami	ami	autobiographical memory interview	autobiographical_memory_interview
http://data.loterre.fr/ark:/67375/p66-x46hl565-j.0	pasa model	pasa model	pasa model	pasa_model
http://data.loterre.fr/ark:/67375/p66-x46hl565-j.1	pasa	pasa	pasa model	pasa_model
http://data.loterre.fr/ark:/67375/p66-x46hl565-j.2	posterior-anterior shift in aging	posterior-anterior shift in aging	pasa model	pasa_model
http://data.loterre.fr/ark:/67375/p66-x526mh0p-1.0	interference model	interference model	interference model	interference_model
http://data.loterre.fr/ark:/67375/p66-x58ffn7r-q.0	test for odor memory	test for odor memory	test for odor memory	test_for_odor_memory
http://data.loterre.fr/ark:/67375/p66-x58ffn7r-q.1	sniffin’ tom	sniffin’ tom	test for odor memory	test_for_odor_memory
http://data.loterre.fr/ark:/67375/p66-x58ffn7r-q.2	tom	tom	test for odor memory	test_for_odor_memory
http://data.loterre.fr/ark:/67375/p66-x5f78tcx-v.0	discrepancy detection principle	discrepancy detection principle	discrepancy detection principle	discrepancy_detection_principle
http://data.loterre.fr/ark:/67375/p66-x5hpjvmq-q.0	psychogenic fugue	psychogenic fugue	functional amnesia	functional_amnesia
http://data.loterre.fr/ark:/67375/p66-x5tcfs4p-q.0	implicit working memory	implicit working memory	implicit working memory	implicit_working_memory
http://data.loterre.fr/ark:/67375/p66-x7bb814x-n.0	property verification task	property verification task	property verification task	property_verification_task
http://data.loterre.fr/ark:/67375/p66-x7bb814x-n.1	feature verification task	feature verification task	property verification task	property_verification_task
http://data.loterre.fr/ark:/67375/p66-x7x182kl-t.0	ecological test of prospective memory	ecological test of prospective memory	ecological test of prospective memory	ecological_test_of_prospective_memory
http://data.loterre.fr/ark:/67375/p66-x7x182kl-t.1	temp	temp	ecological test of prospective memory	ecological_test_of_prospective_memory
http://data.loterre.fr/ark:/67375/p66-x8jwbgh7-h.0	episodic specificity induction	episodic specificity induction	episodic specificity induction	episodic_specificity_induction
http://data.loterre.fr/ark:/67375/p66-x93zhfv9-8.0	divided attention	divided attention	divided attention	divided_attention
http://data.loterre.fr/ark:/67375/p66-xbn2cjlv-1.0	environmental support hypothesis	environmental support hypothesis	environmental support hypothesis	environmental_support_hypothesis
http://data.loterre.fr/ark:/67375/p66-xbr7ghkd-b.0	reality monitoring	reality monitoring	reality monitoring	reality_monitoring
http://data.loterre.fr/ark:/67375/p66-xc3l37bb-8.0	auditory deviant effect ​	auditory deviant effect ​	auditory deviant effect ​	auditory_deviant_effect_​
http://data.loterre.fr/ark:/67375/p66-xfk08d50-d.0	recall task	recall task	recall task	recall_task
http://data.loterre.fr/ark:/67375/p66-xfk08d50-d.1	recall measure	recall measure	recall task	recall_task
http://data.loterre.fr/ark:/67375/p66-xfk08d50-d.2	recall method	recall method	recall task	recall_task
http://data.loterre.fr/ark:/67375/p66-xfk08d50-d.3	recall paradigm	recall paradigm	recall task	recall_task
http://data.loterre.fr/ark:/67375/p66-xfk08d50-d.4	recall test	recall test	recall task	recall_task
http://data.loterre.fr/ark:/67375/p66-xg1wk6cs-k.0	provoked confabulation test	provoked confabulation test	provoked confabulation test	provoked_confabulation_test
http://data.loterre.fr/ark:/67375/p66-xg1wk6cs-k.1	pct	pct	provoked confabulation test	provoked_confabulation_test
http://data.loterre.fr/ark:/67375/p66-xgbbzdmp-g.0	stroop test	stroop test	stroop test	stroop_test
http://data.loterre.fr/ark:/67375/p66-xgbbzdmp-g.1	stroop color–word interference test	stroop color–word interference test	stroop test	stroop_test
http://data.loterre.fr/ark:/67375/p66-xgbbzdmp-g.2	stroop paradigm	stroop paradigm	stroop test	stroop_test
http://data.loterre.fr/ark:/67375/p66-xgbbzdmp-g.3	stroop task	stroop task	stroop test	stroop_test
http://data.loterre.fr/ark:/67375/p66-xgbbzdmp-g.4	color-word stroop paradigm	color-word stroop paradigm	stroop test	stroop_test
http://data.loterre.fr/ark:/67375/p66-xgbbzdmp-g.5	color-word stroop task	color-word stroop task	stroop test	stroop_test
http://data.loterre.fr/ark:/67375/p66-xh9k3r7f-9.0	spaced learning	spaced learning	distributed learning	distributed_learning
http://data.loterre.fr/ark:/67375/p66-xh9k3r7f-9.1	spaced restudy	spaced restudy	distributed learning	distributed_learning
http://data.loterre.fr/ark:/67375/p66-xj333kqf-6.0	fn400 wave	fn400 wave	fn400 wave	fn400_wave
http://data.loterre.fr/ark:/67375/p66-xjscvlbw-b.0	working memory updating	working memory updating	working memory updating	working_memory_updating
http://data.loterre.fr/ark:/67375/p66-xjscvlbw-b.1	updating	updating	working memory updating	working_memory_updating
http://data.loterre.fr/ark:/67375/p66-xjscvlbw-b.2	updating process	updating process	working memory updating	working_memory_updating
http://data.loterre.fr/ark:/67375/p66-xlcknzk8-q.0	uncinate fasciculus	uncinate fasciculus	uncinate fasciculus	uncinate_fasciculus
http://data.loterre.fr/ark:/67375/p66-xlcknzk8-q.1	cerebral uncinate fasciculus	cerebral uncinate fasciculus	uncinate fasciculus	uncinate_fasciculus
http://data.loterre.fr/ark:/67375/p66-xm2qb5ll-0.0	achieving best evidence interview	achieving best evidence interview	achieving best evidence interview	achieving_best_evidence_interview
http://data.loterre.fr/ark:/67375/p66-xm2qb5ll-0.1	abe interview	abe interview	achieving best evidence interview	achieving_best_evidence_interview
http://data.loterre.fr/ark:/67375/p66-xm2qb5ll-0.2	abe investigative interview protocol	abe investigative interview protocol	achieving best evidence interview	achieving_best_evidence_interview
http://data.loterre.fr/ark:/67375/p66-xm2qb5ll-0.3	abe model	abe model	achieving best evidence interview	achieving_best_evidence_interview
http://data.loterre.fr/ark:/67375/p66-xm2qb5ll-0.4	abe protocol	abe protocol	achieving best evidence interview	achieving_best_evidence_interview
http://data.loterre.fr/ark:/67375/p66-xn3h4cmq-q.0	rivermead behavioural memory test	rivermead behavioural memory test	rivermead behavioural memory test	rivermead_behavioural_memory_test
http://data.loterre.fr/ark:/67375/p66-xn3h4cmq-q.1	rbmt	rbmt	rivermead behavioural memory test	rivermead_behavioural_memory_test
http://data.loterre.fr/ark:/67375/p66-xn89cl8d-r.0	intrusion recency effect	intrusion recency effect	intrusion recency effect	intrusion_recency_effect
http://data.loterre.fr/ark:/67375/p66-xnlqcllb-9.0	serial recognition task	serial recognition task	serial recognition task	serial_recognition_task
http://data.loterre.fr/ark:/67375/p66-xnlqcllb-9.1	immediate serial recognition task	immediate serial recognition task	serial recognition task	serial_recognition_task
http://data.loterre.fr/ark:/67375/p66-xnlqcllb-9.2	matching span task	matching span task	serial recognition task	serial_recognition_task
http://data.loterre.fr/ark:/67375/p66-xnlqcllb-9.3	serial recognition paradigm	serial recognition paradigm	serial recognition task	serial_recognition_task
http://data.loterre.fr/ark:/67375/p66-xnpmcks4-s.0	declarative metamemory	declarative metamemory	declarative metamemory	declarative_metamemory
http://data.loterre.fr/ark:/67375/p66-xnpmcks4-s.1	metamemory knowledge	metamemory knowledge	declarative metamemory	declarative_metamemory
http://data.loterre.fr/ark:/67375/p66-xrswljrq-w.0	serial order reconstruction task	serial order reconstruction task	serial order reconstruction task	serial_order_reconstruction_task
http://data.loterre.fr/ark:/67375/p66-xrswljrq-w.1	serial reconstruction task	serial reconstruction task	serial order reconstruction task	serial_order_reconstruction_task
http://data.loterre.fr/ark:/67375/p66-xs14899p-0.0	forward associative strength	forward associative strength	forward associative strength	forward_associative_strength
http://data.loterre.fr/ark:/67375/p66-xs14899p-0.1	force associative vers l’avant	force associative vers l’avant	forward associative strength	forward_associative_strength
http://data.loterre.fr/ark:/67375/p66-xstmkdms-m.0	brown-peterson task	brown-peterson task	brown-peterson task	brown_peterson_task
http://data.loterre.fr/ark:/67375/p66-xstmkdms-m.1	brown-peterson paradigm	brown-peterson paradigm	brown-peterson task	brown_peterson_task
http://data.loterre.fr/ark:/67375/p66-xvds7mk9-d.0	holistic cognitive interview	holistic cognitive interview	holistic cognitive interview	holistic_cognitive_interview
http://data.loterre.fr/ark:/67375/p66-xvds7mk9-d.1	h-ci	h-ci	holistic cognitive interview	holistic_cognitive_interview
http://data.loterre.fr/ark:/67375/p66-xvds7mk9-d.2	holistic-ci	holistic-ci	holistic cognitive interview	holistic_cognitive_interview
http://data.loterre.fr/ark:/67375/p66-xvpbqzqv-m.0	non-declarative memory	non-declarative memory	non-declarative memory	non_declarative_memory
http://data.loterre.fr/ark:/67375/p66-xxg0mxw3-2.0	ecphory	ecphory	ecphory	ecphory
http://data.loterre.fr/ark:/67375/p66-xxg0mxw3-2.1	ecphoric process	ecphoric process	ecphory	ecphory
http://data.loterre.fr/ark:/67375/p66-xxg0mxw3-2.2	synergistic ecphory	synergistic ecphory	ecphory	ecphory
http://data.loterre.fr/ark:/67375/p66-xz7wqqv5-m.0	fluid reasoning	fluid reasoning	fluid intelligence	fluid_intelligence
http://data.loterre.fr/ark:/67375/p66-xzz3lsq2-m.0	memory flexibility intervention	memory flexibility intervention	memory flexibility intervention	memory_flexibility_intervention
http://data.loterre.fr/ark:/67375/p66-xzz3lsq2-m.1	autobiographical memory flexibility intervention	autobiographical memory flexibility intervention	memory flexibility intervention	memory_flexibility_intervention
http://data.loterre.fr/ark:/67375/p66-xzz3lsq2-m.2	memflex	memflex	memory flexibility intervention	memory_flexibility_intervention
http://data.loterre.fr/ark:/67375/p66-z3zvmz87-7.0	mental context reinstatement	mental context reinstatement	mental context reinstatement	mental_context_reinstatement
http://data.loterre.fr/ark:/67375/p66-z3zvmz87-7.1	episodic context reinstatement	episodic context reinstatement	mental context reinstatement	mental_context_reinstatement
http://data.loterre.fr/ark:/67375/p66-z3zvmz87-7.2	mental reinstatement of context	mental reinstatement of context	mental context reinstatement	mental_context_reinstatement
http://data.loterre.fr/ark:/67375/p66-z4br02k0-n.0	virtual week task	virtual week task	virtual week task	virtual_week_task
http://data.loterre.fr/ark:/67375/p66-z4tlqptn-5.0	free recall task	free recall task	free recall task	free_recall_task
http://data.loterre.fr/ark:/67375/p66-z4tlqptn-5.1	free recall paradigm	free recall paradigm	free recall task	free_recall_task
http://data.loterre.fr/ark:/67375/p66-z4tlqptn-5.2	free recall test	free recall test	free recall task	free_recall_task
http://data.loterre.fr/ark:/67375/p66-z65r7gwm-8.0	verbal memory	verbal memory	verbal memory	verbal_memory
http://data.loterre.fr/ark:/67375/p66-z65r7gwm-8.1	verbal storage	verbal storage	verbal memory	verbal_memory
http://data.loterre.fr/ark:/67375/p66-z7hhm9dk-7.0	default mode network	default mode network	default mode network	default_mode_network
http://data.loterre.fr/ark:/67375/p66-z7hhm9dk-7.1	dmn	dmn	default mode network	default_mode_network
http://data.loterre.fr/ark:/67375/p66-z7hhm9dk-7.2	default network	default network	default mode network	default_mode_network
http://data.loterre.fr/ark:/67375/p66-z913kc35-4.0	super-recognizer	super-recognizer	super-recognizer	super_recognizer
http://data.loterre.fr/ark:/67375/p66-z913kc35-4.1	super-recognition	super-recognition	super-recognizer	super_recognizer
http://data.loterre.fr/ark:/67375/p66-zbgvfdm8-m.0	interleaving learning	interleaving learning	interleaving learning	interleaving_learning
http://data.loterre.fr/ark:/67375/p66-zbvpw5z1-k.0	unitization	unitization	unitization	unitization
http://data.loterre.fr/ark:/67375/p66-zc2p7zsv-6.0	n-back task	n-back task	n-back task	n_back_task
http://data.loterre.fr/ark:/67375/p66-zc2p7zsv-6.1	n-back lag task	n-back lag task	n-back task	n_back_task
http://data.loterre.fr/ark:/67375/p66-zc448sl7-t.0	amnestic disorder	amnestic disorder	amnesia	amnesia
http://data.loterre.fr/ark:/67375/p66-zc79bx9c-w.0	train task	train task	train task	train_task
http://data.loterre.fr/ark:/67375/p66-zcz74kmg-r.0	phonological store	phonological store	phonological store	phonological_store
http://data.loterre.fr/ark:/67375/p66-zcz74kmg-r.1	phonological memory	phonological memory	phonological store	phonological_store
http://data.loterre.fr/ark:/67375/p66-zcz74kmg-r.2	phonological short-term memory	phonological short-term memory	phonological store	phonological_store
http://data.loterre.fr/ark:/67375/p66-zf8fx1ks-l.0	language-dependent memory	language-dependent memory	language-dependent memory	language_dependent_memory
http://data.loterre.fr/ark:/67375/p66-zfb3gq1d-d.0	episodic priming effect	episodic priming effect	episodic priming effect	episodic_priming_effect
http://data.loterre.fr/ark:/67375/p66-zfb3gq1d-d.1	episodic priming	episodic priming	episodic priming effect	episodic_priming_effect
http://data.loterre.fr/ark:/67375/p66-zgvgsv5h-q.0	semantic feature	semantic feature	semantic feature	semantic_feature
http://data.loterre.fr/ark:/67375/p66-zgvgsv5h-q.1	attribute	attribute	semantic feature	semantic_feature
http://data.loterre.fr/ark:/67375/p66-zgvgsv5h-q.2	semantic property	semantic property	semantic feature	semantic_feature
http://data.loterre.fr/ark:/67375/p66-zgvgsv5h-q.3	seme	seme	semantic feature	semantic_feature
http://data.loterre.fr/ark:/67375/p66-zhlr1xnr-d.0	cambridge prospective memory test	cambridge prospective memory test	cambridge prospective memory test	cambridge_prospective_memory_test
http://data.loterre.fr/ark:/67375/p66-zhlr1xnr-d.1	camprompt	camprompt	cambridge prospective memory test	cambridge_prospective_memory_test
http://data.loterre.fr/ark:/67375/p66-zj70x7nz-6.0	induced false memory	induced false memory	induced false memory	induced_false_memory
http://data.loterre.fr/ark:/67375/p66-zj70x7nz-6.1	suggestion-induced false memory	suggestion-induced false memory	induced false memory	induced_false_memory
http://data.loterre.fr/ark:/67375/p66-zj83t30m-2.0	relocation bump	relocation bump	relocation bump	relocation_bump
http://data.loterre.fr/ark:/67375/p66-zkf4vvx2-j.0	relational memory	relational memory	relational memory	relational_memory
http://data.loterre.fr/ark:/67375/p66-zkf4vvx2-j.1	relational binding	relational binding	relational memory	relational_memory
http://data.loterre.fr/ark:/67375/p66-zl1qxvj6-d.0	categorical frequency estimation	categorical frequency estimation	categorical frequency estimation	categorical_frequency_estimation
http://data.loterre.fr/ark:/67375/p66-zlbsflss-4.0	developmental prosopagnosia	developmental prosopagnosia	developmental prosopagnosia	developmental_prosopagnosia
http://data.loterre.fr/ark:/67375/p66-zlbsflss-4.1	congenital prosopagnosia	congenital prosopagnosia	developmental prosopagnosia	developmental_prosopagnosia
http://data.loterre.fr/ark:/67375/p66-zlbsflss-4.2	hereditary prosopagnosia	hereditary prosopagnosia	developmental prosopagnosia	developmental_prosopagnosia
http://data.loterre.fr/ark:/67375/p66-zlbsflss-4.3	prosopdysgnosia	prosopdysgnosia	developmental prosopagnosia	developmental_prosopagnosia
http://data.loterre.fr/ark:/67375/p66-zm0njdtk-b.0	mnemonic discrimination of object-in-context task	mnemonic discrimination of object-in-context task	mnemonic discrimination of object-in-context task	mnemonic_discrimination_of_object_in_context_task
http://data.loterre.fr/ark:/67375/p66-zm0njdtk-b.1	mdoc task	mdoc task	mnemonic discrimination of object-in-context task	mnemonic_discrimination_of_object_in_context_task
http://data.loterre.fr/ark:/67375/p66-zm6l4spx-2.0	socially shared retrieval-induced forgetting	socially shared retrieval-induced forgetting	socially shared retrieval-induced forgetting	socially_shared_retrieval_induced_forgetting
http://data.loterre.fr/ark:/67375/p66-zm6l4spx-2.1	ss-rif	ss-rif	socially shared retrieval-induced forgetting	socially_shared_retrieval_induced_forgetting
http://data.loterre.fr/ark:/67375/p66-zmbr951k-k.0	episodic counterfactual thought	episodic counterfactual thought	episodic counterfactual thought	episodic_counterfactual_thought
http://data.loterre.fr/ark:/67375/p66-zmbr951k-k.1	episodic counterfactual thinking	episodic counterfactual thinking	episodic counterfactual thought	episodic_counterfactual_thought
http://data.loterre.fr/ark:/67375/p66-zmj1jcbt-t.0	visual cache	visual cache	visual cache	visual_cache
http://data.loterre.fr/ark:/67375/p66-zmp9t6qv-z.0	memory-driven attentional capture	memory-driven attentional capture	memory-driven attentional capture	memory_driven_attentional_capture
http://data.loterre.fr/ark:/67375/p66-zmp9t6qv-z.1	memory-driven capture	memory-driven capture	memory-driven attentional capture	memory_driven_attentional_capture
http://data.loterre.fr/ark:/67375/p66-zmtkxbrp-m.0	lexical decision task	lexical decision task	lexical decision task	lexical_decision_task
http://data.loterre.fr/ark:/67375/p66-zmtkxbrp-m.1	lexical decision	lexical decision	lexical decision task	lexical_decision_task
http://data.loterre.fr/ark:/67375/p66-zmxb5xvb-j.0	relative distinctiveness principle	relative distinctiveness principle	relative distinctiveness principle	relative_distinctiveness_principle
http://data.loterre.fr/ark:/67375/p66-zntmjlw0-w.0	middle-aged adult	middle-aged adult	middle-aged adult	middle_aged_adult
http://data.loterre.fr/ark:/67375/p66-zp3fv1lp-q.0	repetitive transcranial magnetic stimulation	repetitive transcranial magnetic stimulation	repetitive transcranial magnetic stimulation	repetitive_transcranial_magnetic_stimulation
http://data.loterre.fr/ark:/67375/p66-zp3fv1lp-q.1	rtms	rtms	repetitive transcranial magnetic stimulation	repetitive_transcranial_magnetic_stimulation
http://data.loterre.fr/ark:/67375/p66-zptxbqn8-g.0	peace interview model	peace interview model	peace interview model	peace_interview_model
http://data.loterre.fr/ark:/67375/p66-zptxbqn8-g.1	peace interview technique	peace interview technique	peace interview model	peace_interview_model
http://data.loterre.fr/ark:/67375/p66-zptxbqn8-g.2	peace interviewing model	peace interviewing model	peace interview model	peace_interview_model
http://data.loterre.fr/ark:/67375/p66-zptxbqn8-g.3	peace method of interrogation	peace method of interrogation	peace interview model	peace_interview_model
http://data.loterre.fr/ark:/67375/p66-zptxbqn8-g.4	peace method of investigative interviewing	peace method of investigative interviewing	peace interview model	peace_interview_model
http://data.loterre.fr/ark:/67375/p66-zptxbqn8-g.5	peace model	peace model	peace interview model	peace_interview_model
http://data.loterre.fr/ark:/67375/p66-zpvbgpm8-d.0	memory self-efficacy	memory self-efficacy	memory self-efficacy	memory_self_efficacy
http://data.loterre.fr/ark:/67375/p66-zrm8pcjf-c.0	associative priming effect	associative priming effect	associative priming effect	associative_priming_effect
http://data.loterre.fr/ark:/67375/p66-zrm8pcjf-c.1	associative priming	associative priming	associative priming effect	associative_priming_effect
http://data.loterre.fr/ark:/67375/p66-zv2mrlj6-6.0	memory distrust scale	memory distrust scale	memory distrust scale	memory_distrust_scale
http://data.loterre.fr/ark:/67375/p66-zv2mrlj6-6.1	mds	mds	memory distrust scale	memory_distrust_scale
http://data.loterre.fr/ark:/67375/p66-zv31mrjw-t.0	encoding variability principle	encoding variability principle	encoding variability principle	encoding_variability_principle
http://data.loterre.fr/ark:/67375/p66-zwwlgxzg-9.0	backward priming effect	backward priming effect	backward priming effect	backward_priming_effect
http://data.loterre.fr/ark:/67375/p66-zzqh7lv3-q.0	multidimensional face space model	multidimensional face space model	multidimensional face space model	multidimensional_face_space_model
http://data.loterre.fr/ark:/67375/p66-zzqh7lv3-q.1	face space model	face space model	multidimensional face space model	multidimensional_face_space_model
http://data.loterre.fr/ark:/67375/p66-z32bvg4n-3.0	probabilistic topic model	probabilistic topic model	probabilistic topic model	probabilistic_topic_model
http://data.loterre.fr/ark:/67375/p66-z32bvg4n-3.1	topic model	topic model	probabilistic topic model	probabilistic_topic_model
http://data.loterre.fr/ark:/67375/p66-z32bvg4n-3.2	topic modeling	topic modeling	probabilistic topic model	probabilistic_topic_model
http://data.loterre.fr/ark:/67375/p66-h12cs2kh-l.0	confabulation battery	confabulation battery	confabulation battery	confabulation_battery
http://data.loterre.fr/ark:/67375/p66-gqsvplvr-3.0	reminiscence	reminiscence	reminiscence	reminiscence
http://data.loterre.fr/ark:/67375/p66-h1vzw50h-j.0	alethism	alethism	alethism	alethism
http://data.loterre.fr/ark:/67375/p66-bwl12r73-f.0	discontinuism	discontinuism	discontinuism	discontinuism
http://data.loterre.fr/ark:/67375/p66-c56wwgff-p.0	continuism	continuism	continuism	continuism
http://data.loterre.fr/ark:/67375/p66-nhlgbr5b-f.0	imagine/no-imagine paradigm	imagine/no-imagine paradigm	imagine/no-imagine paradigm	imagine_no_imagine_paradigm
http://data.loterre.fr/ark:/67375/p66-cs89rkvv-6.0	retroactive memory enhancement	retroactive memory enhancement	retroactive memory enhancement	retroactive_memory_enhancement
http://data.loterre.fr/ark:/67375/p66-cs89rkvv-6.1	rme	rme	retroactive memory enhancement	retroactive_memory_enhancement
http://data.loterre.fr/ark:/67375/p66-gjgl6xqh-2.0	trier social stress test	trier social stress test	trier social stress test	trier_social_stress_test
http://data.loterre.fr/ark:/67375/p66-gjgl6xqh-2.1	tsst	tsst	trier social stress test	trier_social_stress_test
http://data.loterre.fr/ark:/67375/p66-wkbrhz4h-b.0	pptt	pptt	pyramids and palm trees test	pyramids_and_palm_trees_test
http://data.loterre.fr/ark:/67375/p66-prpfzl66-h.0	semantic and episodic memory test	semantic and episodic memory test	semantic and episodic memory test	semantic_and_episodic_memory_test
http://data.loterre.fr/ark:/67375/p66-sskgpvqq-n.0	predictive interactive multiple memory systems model	predictive interactive multiple memory systems model	predictive interactive multiple memory systems model	predictive_interactive_multiple_memory_systems_model
http://data.loterre.fr/ark:/67375/p66-sskgpvqq-n.1	pimms	pimms	predictive interactive multiple memory systems model	predictive_interactive_multiple_memory_systems_model
http://data.loterre.fr/ark:/67375/p66-kdns4r5w-6.0	evolutionary accretion model	evolutionary accretion model	evolutionary accretion model	evolutionary_accretion_model
http://data.loterre.fr/ark:/67375/p66-hwq92s0r-z.0	sentence completion for events from the past test	sentence completion for events from the past test	sentence completion for events from the past test	sentence_completion_for_events_from_the_past_test
http://data.loterre.fr/ark:/67375/p66-hwq92s0r-z.1	scept	scept	sentence completion for events from the past test	sentence_completion_for_events_from_the_past_test
http://data.loterre.fr/ark:/67375/p66-hkzmd8q2-b.0	sentence completion for events in the future test	sentence completion for events in the future test	sentence completion for events in the future test	sentence_completion_for_events_in_the_future_test
http://data.loterre.fr/ark:/67375/p66-hkzmd8q2-b.1	sceft	sceft	sentence completion for events in the future test	sentence_completion_for_events_in_the_future_test
http://data.loterre.fr/ark:/67375/p66-tj10j5c6-t.0	person by status	person by status	person by status	person_by_status
http://data.loterre.fr/ark:/67375/p66-k45cxpbr-4.0	retractor	retractor	retractor	retractor
http://data.loterre.fr/ark:/67375/p66-jft8w2pw-z.0	personal future task	personal future task	personal future task	personal_future_task
http://data.loterre.fr/ark:/67375/p66-z2b9k0gh-d.0	greco's semantic knowledge assessment battery	greco's semantic knowledge assessment battery	greco's semantic knowledge assessment battery	grecos_semantic_knowledge_assessment_battery
http://data.loterre.fr/ark:/67375/p66-z2b9k0gh-d.1	becs-greco	becs-greco	greco's semantic knowledge assessment battery	grecos_semantic_knowledge_assessment_battery
http://data.loterre.fr/ark:/67375/p66-dg7g2frd-d.0	contact theory	contact theory	contact theory	contact_theory
http://data.loterre.fr/ark:/67375/p66-dg7g2frd-d.1	contact hypothesis	contact hypothesis	contact theory	contact_theory
http://data.loterre.fr/ark:/67375/p66-dg7g2frd-d.2	cross-race contact theory	cross-race contact theory	contact theory	contact_theory
http://data.loterre.fr/ark:/67375/p66-qg59rn25-0.0	feature-selection model	feature-selection model	feature-selection model	feature_selection_model
http://data.loterre.fr/ark:/67375/p66-kprdcllz-7.0	perceptual-social linkage hypothesis	perceptual-social linkage hypothesis	perceptual-social linkage hypothesis	perceptual_social_linkage_hypothesis
http://data.loterre.fr/ark:/67375/p66-w0whbk05-0.0	20-item prosopagnosia index	20-item prosopagnosia index	20-item prosopagnosia index	20_item_prosopagnosia_index
http://data.loterre.fr/ark:/67375/p66-w0whbk05-0.1	pi-20	pi-20	20-item prosopagnosia index	20_item_prosopagnosia_index
http://data.loterre.fr/ark:/67375/p66-h7xv2j7t-2.0	celeb battery	celeb battery	celeb battery	celeb_battery
http://data.loterre.fr/ark:/67375/p66-qzx0sk13-w.0	electronic material	electronic material	electronic material	electronic_material
http://data.loterre.fr/ark:/67375/p66-ssj0pz18-n.0	virtual reality material	virtual reality material	virtual reality material	virtual_reality_material
http://data.loterre.fr/ark:/67375/p66-ssj0pz18-n.1	vr	vr	virtual reality material	virtual_reality_material
http://data.loterre.fr/ark:/67375/p66-ssj0pz18-n.2	virtual environment material	virtual environment material	virtual reality material	virtual_reality_material
http://data.loterre.fr/ark:/67375/p66-ssj0pz18-n.3	virtual reality	virtual reality	virtual reality material	virtual_reality_material
http://data.loterre.fr/ark:/67375/p66-lp1npq14-z.0	sensecam	sensecam	sensecam	sensecam
http://data.loterre.fr/ark:/67375/p66-b3dggjpm-3.0	virtual reality walking corsi test	virtual reality walking corsi test	virtual reality walking corsi test	virtual_reality_walking_corsi_test
http://data.loterre.fr/ark:/67375/p66-b3dggjpm-3.1	vr-walct	vr-walct	virtual reality walking corsi test	virtual_reality_walking_corsi_test
http://data.loterre.fr/ark:/67375/p66-rw99c3c3-g.0	mentalizing	mentalizing	mentalizing	mentalizing
http://data.loterre.fr/ark:/67375/p66-l0cnjqmg-l.0	dynamic population coding	dynamic population coding	dynamic coding	dynamic_coding
http://data.loterre.fr/ark:/67375/p66-j1vkw8wg-l.0	tetrahedral model	tetrahedral model	tetrahedral model	tetrahedral_model
http://data.loterre.fr/ark:/67375/p66-kgxknw5j-q.0	hyperphantasia	hyperphantasia	hyperphantasia	hyperphantasia
http://data.loterre.fr/ark:/67375/p66-cd8f801t-x.0	cascading reminiscence bump	cascading reminiscence bump	cascading reminiscence bump	cascading_reminiscence_bump
http://data.loterre.fr/ark:/67375/p66-lwv79078-6.0	false memory generator	false memory generator	false memory generator	false_memory_generator
http://data.loterre.fr/ark:/67375/p66-lwv79078-6.1	fgm	fgm	false memory generator	false_memory_generator
http://data.loterre.fr/ark:/67375/p66-lzln7dmh-0.0	extended cognition hypothesis	extended cognition hypothesis	extended cognition hypothesis	extended_cognition_hypothesis
http://data.loterre.fr/ark:/67375/p66-lzln7dmh-0.1	extended cognition theory	extended cognition theory	extended cognition hypothesis	extended_cognition_hypothesis
http://data.loterre.fr/ark:/67375/p66-lzln7dmh-0.2	extended mind thesis	extended mind thesis	extended cognition hypothesis	extended_cognition_hypothesis
http://data.loterre.fr/ark:/67375/p66-lzln7dmh-0.3	hypothesis of extended cognition	hypothesis of extended cognition	extended cognition hypothesis	extended_cognition_hypothesis
http://data.loterre.fr/ark:/67375/p66-lzln7dmh-0.4	hypothesis of extended mind	hypothesis of extended mind	extended cognition hypothesis	extended_cognition_hypothesis
http://data.loterre.fr/ark:/67375/p66-zx2f9hs9-8.0	mandela effect	mandela effect	mandela effect	mandela_effect
http://data.loterre.fr/ark:/67375/p66-zx2f9hs9-8.1	visual mandela effect	visual mandela effect	mandela effect	mandela_effect
http://data.loterre.fr/ark:/67375/p66-h340vdrv-4.0	reminiscence therapy	reminiscence therapy	reminiscence therapy	reminiscence_therapy
http://data.loterre.fr/ark:/67375/p66-h340vdrv-4.1	reminiscence intervention	reminiscence intervention	reminiscence therapy	reminiscence_therapy
http://data.loterre.fr/ark:/67375/p66-h340vdrv-4.2	reminiscence work	reminiscence work	reminiscence therapy	reminiscence_therapy
http://data.loterre.fr/ark:/67375/p66-h340vdrv-4.3	reminiscence-based intervention	reminiscence-based intervention	reminiscence therapy	reminiscence_therapy
http://data.loterre.fr/ark:/67375/p66-cl2m18zq-p.0	post-encoding stress effect	post-encoding stress effect	post-encoding stress effect	post_encoding_stress_effect
http://data.loterre.fr/ark:/67375/p66-b1twzgxg-d.1	qualities	quality	quality	quality
http://data.loterre.fr/ark:/67375/p66-n6gdmc82-t.1	material entities	material entity	material entity	material_entity
http://data.loterre.fr/ark:/67375/p66-rv949j4g-9.1	processes	process	process	process
http://data.loterre.fr/ark:/67375/p66-w1gsdwf6-l.4	phenomena	phenomenon	phenomenon	phenomenon
http://data.loterre.fr/ark:/67375/p66-w1gsdwf6-l.5	empirical effects	empirical effect	phenomenon	phenomenon
http://data.loterre.fr/ark:/67375/p66-w1gsdwf6-l.6	empirical generalizations	empirical generalization	phenomenon	phenomenon
http://data.loterre.fr/ark:/67375/p66-w1gsdwf6-l.7	general empirical observations	general empirical observation	phenomenon	phenomenon
http://data.loterre.fr/ark:/67375/p66-w5k1htkd-q.2	information entities	information entity	information entity	information_entity
http://data.loterre.fr/ark:/67375/p66-w5k1htkd-q.3	information content entities	information content entity	information entity	information_entity
http://data.loterre.fr/ark:/67375/p66-wfxsb9h1-0.4	dispositions	disposition	disposition	disposition
http://data.loterre.fr/ark:/67375/p66-wfxsb9h1-0.5	capabilities	capability	disposition	disposition
http://data.loterre.fr/ark:/67375/p66-wfxsb9h1-0.6	functions	function	disposition	disposition
http://data.loterre.fr/ark:/67375/p66-wfxsb9h1-0.7	potentialities	potentiality	disposition	disposition
http://data.loterre.fr/ark:/67375/p66-sjggk67s-6.1	cognitive qualities	cognitive quality	cognitive quality	cognitive_quality
http://data.loterre.fr/ark:/67375/p66-dbq2d6hp-t.1	objects	object	object	object
http://data.loterre.fr/ark:/67375/p66-v4bbrg7z-g.2	biological material entities	biological material entity	biological material entity	biological_material_entity
http://data.loterre.fr/ark:/67375/p66-v4bbrg7z-g.3	biological entities	biological entity	biological material entity	biological_material_entity
http://data.loterre.fr/ark:/67375/p66-m9g3m45v-3.2	developmental processes	developmental process	developmental process	developmental_process
http://data.loterre.fr/ark:/67375/p66-m9g3m45v-3.3	developments	development	developmental process	developmental_process
http://data.loterre.fr/ark:/67375/p66-nbzlnbw5-l.1	planned processes	planned process	planned process	planned_process
http://data.loterre.fr/ark:/67375/p66-rz2x1nz0-k.1	neurophysiological processes	neurophysiological process	neurophysiological process	neurophysiological_process
http://data.loterre.fr/ark:/67375/p66-wj06b2zs-0.1	cognitive processes	cognitive process	cognitive process	cognitive_process
http://data.loterre.fr/ark:/67375/p66-wj06b2zs-0.2	cognitive processing	cognitive processing	cognitive process	cognitive_process
http://data.loterre.fr/ark:/67375/p66-wj06b2zs-0.3	information processing	information processing	cognitive process	cognitive_process
http://data.loterre.fr/ark:/67375/p66-zsmr5965-w.3	emotion processes	emotion process	emotion process	emotion_process
http://data.loterre.fr/ark:/67375/p66-zsmr5965-w.4	emotion processing	emotion processing	emotion process	emotion_process
http://data.loterre.fr/ark:/67375/p66-zsmr5965-w.5	emotional processes	emotional process	emotion process	emotion_process
http://data.loterre.fr/ark:/67375/p66-zsmr5965-w.6	emotional processing	emotional processing	emotion process	emotion_process
http://data.loterre.fr/ark:/67375/p66-zsmr5965-w.7	emotional states	emotional state	emotion process	emotion_process
http://data.loterre.fr/ark:/67375/p66-rqwf016q-4.3	memory phenomena	memory phenomenon	memory phenomenon	memory_phenomenon
http://data.loterre.fr/ark:/67375/p66-rqwf016q-4.4	memory effects	memory effect	memory phenomenon	memory_phenomenon
http://data.loterre.fr/ark:/67375/p66-rqwf016q-4.5	mnesic phenomena	mnesic phenomenon	memory phenomenon	memory_phenomenon
http://data.loterre.fr/ark:/67375/p66-wn2mnb4d-f.2	metamemory phenomena	metamemory phenomenon	metamemory phenomenon	metamemory_phenomenon
http://data.loterre.fr/ark:/67375/p66-wn2mnb4d-f.3	metamnesic phenomena	metamnesic phenomenon	metamemory phenomenon	metamemory_phenomenon
http://data.loterre.fr/ark:/67375/p66-wpqbvf2t-w.1	learning phenomena	learning phenomenon	learning phenomenon	learning_phenomenon
http://data.loterre.fr/ark:/67375/p66-wx8v5k34-1.2	attention phenomena	attention phenomenon	attention phenomenon	attention_phenomenon
http://data.loterre.fr/ark:/67375/p66-wx8v5k34-1.3	attentional phenomena	attentional phenomenon	attention phenomenon	attention_phenomenon
http://data.loterre.fr/ark:/67375/p66-bj11gksn-9.0	data	data	data	data
http://data.loterre.fr/ark:/67375/p66-h4ft93q9-1.1	formats	format	format	format
http://data.loterre.fr/ark:/67375/p66-j0bwmkt5-v.1	theoretical entities	theoretical entity	theoretical entity	theoretical_entity
http://data.loterre.fr/ark:/67375/p66-ncpxf8kn-9.1	mathematical functions	mathematical function	mathematical function	mathematical_function
http://data.loterre.fr/ark:/67375/p66-rm7wh4hs-j.1	algorithms	algorithm	algorithm	algorithm
http://data.loterre.fr/ark:/67375/p66-t1j15dpm-t.2	graphs	graph	graph	graph
http://data.loterre.fr/ark:/67375/p66-t1j15dpm-t.3	figures	figure	graph	graph
http://data.loterre.fr/ark:/67375/p66-w7jrb81f-0.2	softwares	software	software	software
http://data.loterre.fr/ark:/67375/p66-w7jrb81f-0.3	computer programs	computer program	software	software
http://data.loterre.fr/ark:/67375/p66-xm9k9xl8-s.2	measures	measure	measure	measure
http://data.loterre.fr/ark:/67375/p66-xm9k9xl8-s.3	measurements	measurement	measure	measure
http://data.loterre.fr/ark:/67375/p66-zdxxppfz-r.3	cues	cue	cue	cue
http://data.loterre.fr/ark:/67375/p66-zdxxppfz-r.4	contextual reminders	contextual reminder	cue	cue
http://data.loterre.fr/ark:/67375/p66-zdxxppfz-r.5	memory cues	memory cue	cue	cue
http://data.loterre.fr/ark:/67375/p66-b2kf0pfr-8.4	cognitive disorders	cognitive disorder	cognitive disorder	cognitive_disorder
http://data.loterre.fr/ark:/67375/p66-b2kf0pfr-8.5	cognitive dysfunctions	cognitive dysfunction	cognitive disorder	cognitive_disorder
http://data.loterre.fr/ark:/67375/p66-b2kf0pfr-8.6	cognitive dysfunctionings	cognitive dysfunctioning	cognitive disorder	cognitive_disorder
http://data.loterre.fr/ark:/67375/p66-b2kf0pfr-8.7	cognitive impairments	cognitive impairment	cognitive disorder	cognitive_disorder
http://data.loterre.fr/ark:/67375/p66-gkhvf60l-q.4	cognitions	cognition	cognition	cognition
http://data.loterre.fr/ark:/67375/p66-gkhvf60l-q.5	cognitive abilities	cognitive ability	cognition	cognition
http://data.loterre.fr/ark:/67375/p66-gkhvf60l-q.6	cognitive capabilities	cognitive capability	cognition	cognition
http://data.loterre.fr/ark:/67375/p66-gkhvf60l-q.7	cognitive dispositions	cognitive disposition	cognition	cognition
http://data.loterre.fr/ark:/67375/p66-msjwrprn-5.1	affordances	affordance	affordance	affordance
http://data.loterre.fr/ark:/67375/p66-b5nb9g8j-f.1	study methods	study method	study method	study_method
http://data.loterre.fr/ark:/67375/p66-bm3dgwc3-l.2	scientific laws	scientific law	scientific law	scientific_law
http://data.loterre.fr/ark:/67375/p66-bm3dgwc3-l.3	laws of nature	law of nature	scientific law	scientific_law
http://data.loterre.fr/ark:/67375/p66-bzbrk6x8-1.1	study methods of memory	study method of memory	study method of memory	study_method_of_memory
http://data.loterre.fr/ark:/67375/p66-c5t6xktc-t.0	aging	aging	aging	aging
http://data.loterre.fr/ark:/67375/p66-c5t6xktc-t.1	ageing	ageing	aging	aging
http://data.loterre.fr/ark:/67375/p66-d5hx1zr6-w.1	child developments	child development	child development	child_development
http://data.loterre.fr/ark:/67375/p66-jt2ddssz-4.2	theories	theory	theory	theory
http://data.loterre.fr/ark:/67375/p66-jt2ddssz-4.3	theoretical frameworks	theoretical framework	theory	theory
http://data.loterre.fr/ark:/67375/p66-m27hbs7n-w.0	memory aging	memory aging	memory aging	memory_aging
http://data.loterre.fr/ark:/67375/p66-n7xgnqgg-j.1	principles	principle	principle	principle
http://data.loterre.fr/ark:/67375/p66-nvmc0fps-n.0	cognitive aging	cognitive aging	cognitive aging	cognitive_aging
http://data.loterre.fr/ark:/67375/p66-nvmc0fps-n.1	cognitive ageing	cognitive ageing	cognitive aging	cognitive_aging
http://data.loterre.fr/ark:/67375/p66-qn84v90n-v.4	non-computational models	non-computational model	non-computational model	non_computational_model
http://data.loterre.fr/ark:/67375/p66-qn84v90n-v.5	conceptual models	conceptual model	non-computational model	non_computational_model
http://data.loterre.fr/ark:/67375/p66-qn84v90n-v.6	graphical models	graphical model	non-computational model	non_computational_model
http://data.loterre.fr/ark:/67375/p66-qn84v90n-v.7	verbal models	verbal model	non-computational model	non_computational_model
http://data.loterre.fr/ark:/67375/p66-s3zkgv8v-h.1	infant developments	infant development	infant development	infant_development
http://data.loterre.fr/ark:/67375/p66-xjkphb5x-m.1	models	model	model	model
http://data.loterre.fr/ark:/67375/p66-c25bh10l-t.1	memory strengths	memory strength	memory strength	memory_strength
http://data.loterre.fr/ark:/67375/p66-hj05dkhc-2.3	memory organizations	memory organization	memory organization	memory_organization
http://data.loterre.fr/ark:/67375/p66-hj05dkhc-2.4	memory structurations	memory structuration	memory organization	memory_organization
http://data.loterre.fr/ark:/67375/p66-hj05dkhc-2.5	memory structures	memory structure	memory organization	memory_organization
http://data.loterre.fr/ark:/67375/p66-jjm51q6h-4.1	emotional arousals	emotional arousal	emotional arousal	emotional_arousal
http://data.loterre.fr/ark:/67375/p66-mf9pff2l-7.0	emotional valence	emotional valence	emotional valence	emotional_valence
http://data.loterre.fr/ark:/67375/p66-n32kdclv-n.1	mnemicities	mnemicity	mnemicity	mnemicity
http://data.loterre.fr/ark:/67375/p66-qzxrzm22-5.3	phenomenological characteristics of memory	phenomenological characteristic of memory	phenomenological characteristic of memory	phenomenological_characteristic_of_memory
http://data.loterre.fr/ark:/67375/p66-qzxrzm22-5.4	memory phenomenologies	memory phenomenology	phenomenological characteristic of memory	phenomenological_characteristic_of_memory
http://data.loterre.fr/ark:/67375/p66-qzxrzm22-5.5	phenomenal characteristics	phenomenal characteristic	phenomenological characteristic of memory	phenomenological_characteristic_of_memory
http://data.loterre.fr/ark:/67375/p66-sz2c9mgv-w.1	typicalities	typicality	typicality	typicality
http://data.loterre.fr/ark:/67375/p66-vnb6nl0w-4.1	cognitive economies	cognitive economy	cognitive economy	cognitive_economy
http://data.loterre.fr/ark:/67375/p66-w3jq1bql-q.1	basic levels	basic level	basic level	basic_level
http://data.loterre.fr/ark:/67375/p66-xnm1m2tz-f.1	episodicities	episodicity	episodicity	episodicity
http://data.loterre.fr/ark:/67375/p66-gqfqtfdx-6.1	stimuli	stimulus	stimulus	stimulus
http://data.loterre.fr/ark:/67375/p66-c4brzdkh-w.1	anatomical entities	anatomical entity	anatomical entity	anatomical_entity
http://data.loterre.fr/ark:/67375/p66-fqgw05dr-t.1	neurotrophins	neurotrophin	neurotrophin	neurotrophin
http://data.loterre.fr/ark:/67375/p66-lv1843bv-1.1	transcription factors	transcription factor	transcription factor	transcription_factor
http://data.loterre.fr/ark:/67375/p66-pgbj7bwl-1.1	organisms	organism	organism	organism
http://data.loterre.fr/ark:/67375/p66-qc6m3nl9-p.1	neurotransmitters	neurotransmitter	neurotransmitter	neurotransmitter
http://data.loterre.fr/ark:/67375/p66-xbnr5kzl-g.1	genes	gene	gene	gene
http://data.loterre.fr/ark:/67375/p66-z74l57kc-c.1	enzymes	enzyme	enzyme	enzyme
http://data.loterre.fr/ark:/67375/p66-gfbtwtd0-z.2	cognitive trainings	cognitive training	cognitive training	cognitive_training
http://data.loterre.fr/ark:/67375/p66-gfbtwtd0-z.3	cognitive interventions	cognitive intervention	cognitive training	cognitive_training
http://data.loterre.fr/ark:/67375/p66-gpw1t35t-9.3	treatments	treatment	treatment	treatment
http://data.loterre.fr/ark:/67375/p66-gpw1t35t-9.4	therapeutic interventions	therapeutic intervention	treatment	treatment
http://data.loterre.fr/ark:/67375/p66-gpw1t35t-9.5	therapies	therapy	treatment	treatment
http://data.loterre.fr/ark:/67375/p66-bmg593q3-p.0	conjunctive coding	conjunctive coding	conjunctive coding	conjunctive_coding
http://data.loterre.fr/ark:/67375/p66-clclwd1z-x.2	event-related potential	event-related potentials	event-related potentials	event_related_potentials
http://data.loterre.fr/ark:/67375/p66-clclwd1z-x.3	erps	erp	event-related potentials	event_related_potentials
http://data.loterre.fr/ark:/67375/p66-cskh7sgr-1.1	eye movements	eye movement	eye movement	eye_movement
http://data.loterre.fr/ark:/67375/p66-f2hg9rzp-d.5	theta rhythms	theta rhythm	theta rhythm	theta_rhythm
http://data.loterre.fr/ark:/67375/p66-f2hg9rzp-d.6	theta frequencies	theta frequency	theta rhythm	theta_rhythm
http://data.loterre.fr/ark:/67375/p66-f2hg9rzp-d.7	theta oscillations	theta oscillation	theta rhythm	theta_rhythm
http://data.loterre.fr/ark:/67375/p66-f2hg9rzp-d.8	theta powers	theta power	theta rhythm	theta_rhythm
http://data.loterre.fr/ark:/67375/p66-f2hg9rzp-d.9	theta waves	theta wave	theta rhythm	theta_rhythm
http://data.loterre.fr/ark:/67375/p66-g8m0rp77-f.1	long-term depressions	long-term depression	long-term depression	long_term_depression
http://data.loterre.fr/ark:/67375/p66-knlr6w4s-h.5	gamma rhythms	gamma rhythm	gamma rhythm	gamma_rhythm
http://data.loterre.fr/ark:/67375/p66-knlr6w4s-h.6	gamma activities	gamma activity	gamma rhythm	gamma_rhythm
http://data.loterre.fr/ark:/67375/p66-knlr6w4s-h.7	gamma frequencies	gamma frequency	gamma rhythm	gamma_rhythm
http://data.loterre.fr/ark:/67375/p66-knlr6w4s-h.8	gamma oscillations	gamma oscillation	gamma rhythm	gamma_rhythm
http://data.loterre.fr/ark:/67375/p66-knlr6w4s-h.9	gamma waves	gamma wave	gamma rhythm	gamma_rhythm
http://data.loterre.fr/ark:/67375/p66-m5zf8z68-8.2	replays	replay	replay	replay
http://data.loterre.fr/ark:/67375/p66-m5zf8z68-8.3	neuronal replays	neuronal replay	replay	replay
http://data.loterre.fr/ark:/67375/p66-ng7qtm2n-0.3	long-term potentiations	long-term potentiation	long-term potentiation	long_term_potentiation
http://data.loterre.fr/ark:/67375/p66-ng7qtm2n-0.4	ltps	ltp	long-term potentiation	long_term_potentiation
http://data.loterre.fr/ark:/67375/p66-ng7qtm2n-0.5	long-term synaptic potentiations	long-term synaptic potentiation	long-term potentiation	long_term_potentiation
http://data.loterre.fr/ark:/67375/p66-njbbzzkl-g.5	alpha rhythms	alpha rhythm	alpha rhythm	alpha_rhythm
http://data.loterre.fr/ark:/67375/p66-njbbzzkl-g.6	alpha frequencies	alpha frequency	alpha rhythm	alpha_rhythm
http://data.loterre.fr/ark:/67375/p66-njbbzzkl-g.7	alpha oscillations	alpha oscillation	alpha rhythm	alpha_rhythm
http://data.loterre.fr/ark:/67375/p66-njbbzzkl-g.8	alpha powers	alpha power	alpha rhythm	alpha_rhythm
http://data.loterre.fr/ark:/67375/p66-njbbzzkl-g.9	alpha waves	alpha wave	alpha rhythm	alpha_rhythm
http://data.loterre.fr/ark:/67375/p66-r1x014pq-c.1	sleep	sleep	sleep	sleep
http://data.loterre.fr/ark:/67375/p66-r1x014pq-c.2	rests	rest	sleep	sleep
http://data.loterre.fr/ark:/67375/p66-s1wg2q31-4.3	sharp wave ripples	sharp wave ripple	sharp wave ripple	sharp_wave_ripple
http://data.loterre.fr/ark:/67375/p66-s1wg2q31-4.4	spws-r	spw-r	sharp wave ripple	sharp_wave_ripple
http://data.loterre.fr/ark:/67375/p66-s1wg2q31-4.5	swrs	swr	sharp wave ripple	sharp_wave_ripple
http://data.loterre.fr/ark:/67375/p66-s8snq76j-4.4	beta rhythms	beta rhythm	beta rhythm	beta_rhythm
http://data.loterre.fr/ark:/67375/p66-s8snq76j-4.5	beta oscillations	beta oscillation	beta rhythm	beta_rhythm
http://data.loterre.fr/ark:/67375/p66-s8snq76j-4.6	beta powers	beta power	beta rhythm	beta_rhythm
http://data.loterre.fr/ark:/67375/p66-s8snq76j-4.7	beta waves	beta wave	beta rhythm	beta_rhythm
http://data.loterre.fr/ark:/67375/p66-d7hz1zfn-k.1	memory processes	memory process	memory process	memory_process
http://data.loterre.fr/ark:/67375/p66-ffdhw6fd-f.3	mental imageries	mental imagery	mental imagery	mental_imagery
http://data.loterre.fr/ark:/67375/p66-ffdhw6fd-f.4	imaginations	imagination	mental imagery	mental_imagery
http://data.loterre.fr/ark:/67375/p66-ffdhw6fd-f.5	mental images	mental image	mental imagery	mental_imagery
http://data.loterre.fr/ark:/67375/p66-gj6v9sl7-z.1	metamemory processes	metamemory process	metamemory process	metamemory_process
http://data.loterre.fr/ark:/67375/p66-t08v3ltm-3.1	learning processes	learning process	learning process	learning_process
http://data.loterre.fr/ark:/67375/p66-whjdvjpl-b.1	attentional processes	attentional process	attentional process	attentional_process
http://data.loterre.fr/ark:/67375/p66-whjdvjpl-b.2	attentional processing	attentional processing	attentional process	attentional_process
http://data.loterre.fr/ark:/67375/p66-wvbvblhw-2.1	perceptual processes	perceptual process	perceptual process	perceptual_process
http://data.loterre.fr/ark:/67375/p66-wvbvblhw-2.2	perceptual processing	perceptual processing	perceptual process	perceptual_process
http://data.loterre.fr/ark:/67375/p66-ztrsj6kf-f.1	executive function	executive functions	executive functions	executive_functions
http://data.loterre.fr/ark:/67375/p66-jjv6gswp-1.2	stresses	stress	stress	stress
http://data.loterre.fr/ark:/67375/p66-jjv6gswp-1.3	stressful events	stressful event	stress	stress
http://data.loterre.fr/ark:/67375/p66-c5zpf04j-r.1	emotional false memory paradigms	emotional false memory paradigm	emotional false memory paradigm	emotional_false_memory_paradigm
http://data.loterre.fr/ark:/67375/p66-j6p7bvwc-2.1	emotions	emotion	emotion	emotion
http://data.loterre.fr/ark:/67375/p66-nzg0q0jg-4.1	emotional memories	emotional memory	emotional memory	emotional_memory
http://data.loterre.fr/ark:/67375/p66-x4zvd1jp-3.1	emotional consolidations	emotional consolidation	emotional consolidation	emotional_consolidation
http://data.loterre.fr/ark:/67375/p66-b4zr1fpb-w.2	prototype effects	prototype effect	prototype effect	prototype_effect
http://data.loterre.fr/ark:/67375/p66-b4zr1fpb-w.3	prototype-enhancement effects	prototype-enhancement effect	prototype effect	prototype_effect
http://data.loterre.fr/ark:/67375/p66-bhv1krrr-0.1	false fame effects	false fame effect	false fame effect	false_fame_effect
http://data.loterre.fr/ark:/67375/p66-bmlvxx1z-3.1	tunnel memories	tunnel memory	tunnel memory	tunnel_memory
http://data.loterre.fr/ark:/67375/p66-bsclnfbp-9.2	fan effects	fan effect	fan effect	fan_effect
http://data.loterre.fr/ark:/67375/p66-bsclnfbp-9.3	facts numbers	facts number	fan effect	fan_effect
http://data.loterre.fr/ark:/67375/p66-bsgc0r9h-h.1	modality effects	modality effect	modality effect	modality_effect
http://data.loterre.fr/ark:/67375/p66-bt03zsl3-1.1	context-dependent recognitions	context-dependent recognition	context-dependent recognition	context_dependent_recognition
http://data.loterre.fr/ark:/67375/p66-bv4m6kgz-d.1	list-length effects	list-length effect	list-length effect	list_length_effect
http://data.loterre.fr/ark:/67375/p66-c75jd9k2-r.1	group-reference effects	group-reference effect	group-reference effect	group_reference_effect
http://data.loterre.fr/ark:/67375/p66-c75jd9k2-r.2	group-referencing	group-referencing	group-reference effect	group_reference_effect
http://data.loterre.fr/ark:/67375/p66-cc8530z8-z.0	fröhlich effect	fröhlich effect	fröhlich effect	fröhlich_effect
http://data.loterre.fr/ark:/67375/p66-cl66pl13-3.2	hindsight biases	hindsight bias	hindsight bias	hindsight_bias
http://data.loterre.fr/ark:/67375/p66-cl66pl13-3.3	creeping determinism	creeping determinism	hindsight bias	hindsight_bias
http://data.loterre.fr/ark:/67375/p66-cl66pl13-3.4	knew-it-all-along effects	knew-it-all-along effect	hindsight bias	hindsight_bias
http://data.loterre.fr/ark:/67375/p66-cq0lm3np-8.1	language familiarity effects	language familiarity effect	language familiarity effect	language_familiarity_effect
http://data.loterre.fr/ark:/67375/p66-cs5vg507-4.3	conjunction illusions	conjunction illusion	conjunction illusion	conjunction_illusion
http://data.loterre.fr/ark:/67375/p66-cs5vg507-4.4	impossible conjunctions	impossible conjunction	conjunction illusion	conjunction_illusion
http://data.loterre.fr/ark:/67375/p66-cs5vg507-4.5	memory conjunction illusions	memory conjunction illusion	conjunction illusion	conjunction_illusion
http://data.loterre.fr/ark:/67375/p66-d0gcb58l-l.1	intention superiority effects	intention superiority effect	intention superiority effect	intention_superiority_effect
http://data.loterre.fr/ark:/67375/p66-d1vkhdqg-3.3	subsequent memory effects	subsequent memory effect	subsequent memory effect	subsequent_memory_effect
http://data.loterre.fr/ark:/67375/p66-d1vkhdqg-3.4	dm effects	dm effect	subsequent memory effect	subsequent_memory_effect
http://data.loterre.fr/ark:/67375/p66-d1vkhdqg-3.5	differences due to memory	difference due to memory	subsequent memory effect	subsequent_memory_effect
http://data.loterre.fr/ark:/67375/p66-d516ftk4-t.1	cue depreciation effects	cue depreciation effect	cue depreciation effect	cue_depreciation_effect
http://data.loterre.fr/ark:/67375/p66-dbtdmrdp-b.1	revelation effects	revelation effect	revelation effect	revelation_effect
http://data.loterre.fr/ark:/67375/p66-dhflrltz-3.1	memory narrowing effects	memory narrowing effect	memory narrowing effect	memory_narrowing_effect
http://data.loterre.fr/ark:/67375/p66-dhflrltz-3.2	memory narrowing	memory narrowing	memory narrowing effect	memory_narrowing_effect
http://data.loterre.fr/ark:/67375/p66-drtm34vv-8.1	post-identification feedback effects	post-identification feedback effect	post-identification feedback effect	post_identification_feedback_effect
http://data.loterre.fr/ark:/67375/p66-ds4gq28n-j.1	memory-guided attentions	memory-guided attention	memory-guided attention	memory_guided_attention
http://data.loterre.fr/ark:/67375/p66-f183l26v-f.1	fabrication inflations	fabrication inflation	fabrication inflation	fabrication_inflation
http://data.loterre.fr/ark:/67375/p66-fkdsr7kn-h.1	sleeper effects	sleeper effect	sleeper effect	sleeper_effect
http://data.loterre.fr/ark:/67375/p66-fr9sfwq1-1.1	explanation inflations	explanation inflation	explanation inflation	explanation_inflation
http://data.loterre.fr/ark:/67375/p66-ftp0pm55-0.2	true-false effects	true-false effect	true-false effect	true_false_effect
http://data.loterre.fr/ark:/67375/p66-ftp0pm55-0.3	false-true effects	false-true effect	true-false effect	true_false_effect
http://data.loterre.fr/ark:/67375/p66-fwrdp93q-0.2	insight memory advantages	insight memory advantage	insight memory advantage	insight_memory_advantage
http://data.loterre.fr/ark:/67375/p66-fwrdp93q-0.3	mnemonic effects of insight	mnemonic effect of insight	insight memory advantage	insight_memory_advantage
http://data.loterre.fr/ark:/67375/p66-g1863dqm-7.2	attentional boost effects	attentional boost effect	attentional boost effect	attentional_boost_effect
http://data.loterre.fr/ark:/67375/p66-g1863dqm-7.3	abes	abe	attentional boost effect	attentional_boost_effect
http://data.loterre.fr/ark:/67375/p66-g252jhgq-5.1	irrelevant sound effects	irrelevant sound effect	irrelevant sound effect	irrelevant_sound_effect
http://data.loterre.fr/ark:/67375/p66-g2z956dt-6.1	attentional captures	attentional capture	attentional capture	attentional_capture
http://data.loterre.fr/ark:/67375/p66-ggx8ln2n-2.3	simultaneous learning effects	simultaneous learning effect	simultaneous learning effect	simultaneous_learning_effect
http://data.loterre.fr/ark:/67375/p66-ggx8ln2n-2.4	simultaneous acquisition effects	simultaneous acquisition effect	simultaneous learning effect	simultaneous_learning_effect
http://data.loterre.fr/ark:/67375/p66-ggx8ln2n-2.5	simultaneous acquisition retention phenomena	simultaneous acquisition retention phenomenon	simultaneous learning effect	simultaneous_learning_effect
http://data.loterre.fr/ark:/67375/p66-gr67bxw0-3.2	inversion effects	inversion effect	inversion effect	inversion_effect
http://data.loterre.fr/ark:/67375/p66-gr67bxw0-3.3	face inversion effects	face inversion effect	inversion effect	inversion_effect
http://data.loterre.fr/ark:/67375/p66-gs7vnjk2-8.4	memory reactivity effects	memory reactivity effect	memory reactivity effect	memory_reactivity_effect
http://data.loterre.fr/ark:/67375/p66-gs7vnjk2-8.5	jol reactivities	jol reactivity	memory reactivity effect	memory_reactivity_effect
http://data.loterre.fr/ark:/67375/p66-gs7vnjk2-8.6	reactive effects	reactive effect	memory reactivity effect	memory_reactivity_effect
http://data.loterre.fr/ark:/67375/p66-gs7vnjk2-8.7	reactivity effects	reactivity effect	memory reactivity effect	memory_reactivity_effect
http://data.loterre.fr/ark:/67375/p66-gv6shzpv-4.1	animacy effects	animacy effect	animacy effect	animacy_effect
http://data.loterre.fr/ark:/67375/p66-gvv59wlp-5.1	calendar effects	calendar effect	calendar effect	calendar_effect
http://data.loterre.fr/ark:/67375/p66-gx6v221p-z.1	choice blindness effects	choice blindness effect	choice blindness effect	choice_blindness_effect
http://data.loterre.fr/ark:/67375/p66-h01md19q-9.1	mediation deficiencies	mediation deficiency	mediation deficiency	mediation_deficiency
http://data.loterre.fr/ark:/67375/p66-h3gqkbx5-q.1	perceptual interference effects	perceptual interference effect	perceptual interference effect	perceptual_interference_effect
http://data.loterre.fr/ark:/67375/p66-hbr471v1-p.1	prefix effects	prefix effect	prefix effect	prefix_effect
http://data.loterre.fr/ark:/67375/p66-hhkqbwrm-m.1	saving-enhanced memory effects	saving-enhanced memory effect	saving-enhanced memory effect	saving_enhanced_memory_effect
http://data.loterre.fr/ark:/67375/p66-hhlk9qlk-6.1	production effects	production effect	production effect	production_effect
http://data.loterre.fr/ark:/67375/p66-hhs0l80x-z.2	serial order intrusions	serial order intrusion	serial order intrusion	serial_order_intrusion
http://data.loterre.fr/ark:/67375/p66-hhs0l80x-z.3	protrusion effects	protrusion effect	serial order intrusion	serial_order_intrusion
http://data.loterre.fr/ark:/67375/p66-hj942sk2-m.2	interleaving effects	interleaving effect	interleaving effect	interleaving_effect
http://data.loterre.fr/ark:/67375/p66-hj942sk2-m.3	interleaving benefits	interleaving benefit	interleaving effect	interleaving_effect
http://data.loterre.fr/ark:/67375/p66-hq0w00r3-q.2	fill-in effects	fill-in effect	fill-in effect	fill_in_effect
http://data.loterre.fr/ark:/67375/p66-hq0w00r3-q.3	fill-in errors	fill-in error	fill-in effect	fill_in_effect
http://data.loterre.fr/ark:/67375/p66-hsgj0hh7-0.1	inoculation effects	inoculation effect	inoculation effect	inoculation_effect
http://data.loterre.fr/ark:/67375/p66-hvxv47kw-q.1	reproduction processing effects	reproduction processing effect	reproduction processing effect	reproduction_processing_effect
http://data.loterre.fr/ark:/67375/p66-hvzmbzwz-5.1	retroactive enhancement effects	retroactive enhancement effect	retroactive enhancement effect	retroactive_enhancement_effect
http://data.loterre.fr/ark:/67375/p66-j0407bvt-t.1	semantic feature effects	semantic feature effect	semantic feature effect	semantic_feature_effect
http://data.loterre.fr/ark:/67375/p66-j29vw7xv-d.1	geiselman effects	geiselman effect	geiselman effect	geiselman_effect
http://data.loterre.fr/ark:/67375/p66-j4787c73-c.1	utilization deficiencies	utilization deficiency	utilization deficiency	utilization_deficiency
http://data.loterre.fr/ark:/67375/p66-j4pvmsmt-f.2	misinformation effects	misinformation effect	misinformation effect	misinformation_effect
http://data.loterre.fr/ark:/67375/p66-j4pvmsmt-f.3	post-event information effects	post-event information effect	misinformation effect	misinformation_effect
http://data.loterre.fr/ark:/67375/p66-jctg18t3-1.2	proust effects	proust effect	proust effect	proust_effect
http://data.loterre.fr/ark:/67375/p66-jctg18t3-1.3	proust phenomena	proust phenomenon	proust effect	proust_effect
http://data.loterre.fr/ark:/67375/p66-jfllcgxm-t.1	prime-task effects	prime-task effect	prime-task effect	prime_task_effect
http://data.loterre.fr/ark:/67375/p66-jjd2vtf4-h.1	enactment effects	enactment effect	enactment effect	enactment_effect
http://data.loterre.fr/ark:/67375/p66-jqq32jjq-q.3	state-dependent memories	state-dependent memory	state-dependent memory	state_dependent_memory
http://data.loterre.fr/ark:/67375/p66-jqq32jjq-q.4	state-dependent learnings	state-dependent learning	state-dependent memory	state_dependent_memory
http://data.loterre.fr/ark:/67375/p66-jqq32jjq-q.5	state-dependent retrievals	state-dependent retrieval	state-dependent memory	state_dependent_memory
http://data.loterre.fr/ark:/67375/p66-jrbpv6bn-2.3	forgettings	forgetting	forgetting	forgetting
http://data.loterre.fr/ark:/67375/p66-jrbpv6bn-2.4	forgetfulness	forgetfulness	forgetting	forgetting
http://data.loterre.fr/ark:/67375/p66-jrbpv6bn-2.5	oblivescences	oblivescence	forgetting	forgetting
http://data.loterre.fr/ark:/67375/p66-jrbpv6bn-2.6	oblivion	oblivion	forgetting	forgetting
http://data.loterre.fr/ark:/67375/p66-jrbpv6bn-2.7	obliviscences	obliviscence	forgetting	forgetting
http://data.loterre.fr/ark:/67375/p66-jrjhz858-d.5	testing effects	testing effect	testing effect	testing_effect
http://data.loterre.fr/ark:/67375/p66-jrjhz858-d.6	retrieval practice effects	retrieval practice effect	testing effect	testing_effect
http://data.loterre.fr/ark:/67375/p66-jrjhz858-d.7	retrieval-based learnings	retrieval-based learning	testing effect	testing_effect
http://data.loterre.fr/ark:/67375/p66-jrjhz858-d.8	retrieval-mediated learnings	retrieval-mediated learning	testing effect	testing_effect
http://data.loterre.fr/ark:/67375/p66-jrjhz858-d.9	test-enhanced learnings	test-enhanced learning	testing effect	testing_effect
http://data.loterre.fr/ark:/67375/p66-jslm8lfp-1.2	sentence superiority effects	sentence superiority effect	sentence superiority effect	sentence_superiority_effect
http://data.loterre.fr/ark:/67375/p66-jslm8lfp-1.3	sentence avantage effects	sentence avantage effect	sentence superiority effect	sentence_superiority_effect
http://data.loterre.fr/ark:/67375/p66-jx046ths-t.1	hypermnesias	hypermnesia	hypermnesia	hypermnesia
http://data.loterre.fr/ark:/67375/p66-k5nfsqxc-h.2	note-taking effects	note-taking effect	note-taking effect	note_taking_effect
http://data.loterre.fr/ark:/67375/p66-k5nfsqxc-h.3	encoding effects	encoding effect	note-taking effect	note_taking_effect
http://data.loterre.fr/ark:/67375/p66-k6n89rbw-n.0	mnemic neglect	mnemic neglect	mnemic neglect	mnemic_neglect
http://data.loterre.fr/ark:/67375/p66-k8b8sfg1-9.1	consistency biases	consistency bias	consistency bias	consistency_bias
http://data.loterre.fr/ark:/67375/p66-k9gx10sg-s.1	clark kent effects	clark kent effect	clark kent effect	clark_kent_effect
http://data.loterre.fr/ark:/67375/p66-kfpl5jd1-1.1	old/new effects	old/new effect	old/new effect	old_new_effect
http://data.loterre.fr/ark:/67375/p66-klv0gzdd-h.1	size congruency effects	size congruency effect	size congruency effect	size_congruency_effect
http://data.loterre.fr/ark:/67375/p66-kmddkxxf-2.3	retro-cue effects	retro-cue effect	retro-cue effect	retro_cue_effect
http://data.loterre.fr/ark:/67375/p66-kmddkxxf-2.4	retro-cue advantages	retro-cue advantage	retro-cue effect	retro_cue_effect
http://data.loterre.fr/ark:/67375/p66-kmddkxxf-2.5	retro-cue benefits	retro-cue benefit	retro-cue effect	retro_cue_effect
http://data.loterre.fr/ark:/67375/p66-kp4c4n6g-m.1	dynamic superiority effects	dynamic superiority effect	dynamic superiority effect	dynamic_superiority_effect
http://data.loterre.fr/ark:/67375/p66-kpkz36t6-n.2	dud-alternative effects	dud-alternative effect	dud-alternative effect	dud_alternative_effect
http://data.loterre.fr/ark:/67375/p66-kpkz36t6-n.3	dud effects	dud effect	dud-alternative effect	dud_alternative_effect
http://data.loterre.fr/ark:/67375/p66-kqjlj4pk-x.0	retrieval-induced facilitation	retrieval-induced facilitation	retrieval-induced facilitation	retrieval_induced_facilitation
http://data.loterre.fr/ark:/67375/p66-ktqq4lnf-r.7	emotion-enhanced memory effects	emotion-enhanced memory effect	emotion-enhanced memory effect	emotion_enhanced_memory_effect
http://data.loterre.fr/ark:/67375/p66-ktqq4lnf-r.8	emotion enhancement effects	emotion enhancement effect	emotion-enhanced memory effect	emotion_enhanced_memory_effect
http://data.loterre.fr/ark:/67375/p66-ktqq4lnf-r.9	emotional enhancements	emotional enhancement	emotion-enhanced memory effect	emotion_enhanced_memory_effect
http://data.loterre.fr/ark:/67375/p66-ktqq4lnf-r.10	emotional enhancements of memory	emotional enhancement of memory	emotion-enhanced memory effect	emotion_enhanced_memory_effect
http://data.loterre.fr/ark:/67375/p66-ktqq4lnf-r.11	emotional memory enhancement effects	emotional memory enhancement effect	emotion-enhanced memory effect	emotion_enhanced_memory_effect
http://data.loterre.fr/ark:/67375/p66-ktqq4lnf-r.12	enhanced emotional memory effects	enhanced emotional memory effect	emotion-enhanced memory effect	emotion_enhanced_memory_effect
http://data.loterre.fr/ark:/67375/p66-ktqq4lnf-r.13	memory enhancement effects of emotion	memory enhancement effect of emotion	emotion-enhanced memory effect	emotion_enhanced_memory_effect
http://data.loterre.fr/ark:/67375/p66-kx30z9xx-c.2	fading affect biases	fading affect bias	fading affect bias	fading_affect_bias
http://data.loterre.fr/ark:/67375/p66-kx30z9xx-c.3	fab effects	fab effect	fading affect bias	fading_affect_bias
http://data.loterre.fr/ark:/67375/p66-kx30z9xx-c.4	affect fading effect	affect fading effect	fading affect bias	fading_affect_bias
http://data.loterre.fr/ark:/67375/p66-kz9hb46b-x.3	overgeneral memory biases	overgeneral memory bias	overgeneral memory bias	overgeneral_memory_bias
http://data.loterre.fr/ark:/67375/p66-kz9hb46b-x.4	overgeneral memory effects	overgeneral memory effect	overgeneral memory bias	overgeneral_memory_bias
http://data.loterre.fr/ark:/67375/p66-kz9hb46b-x.5	overgeneralities	overgenerality	overgeneral memory bias	overgeneral_memory_bias
http://data.loterre.fr/ark:/67375/p66-kzrkwj7m-g.2	locations updating effect	location updating effect	location updating effect	location_updating_effect
http://data.loterre.fr/ark:/67375/p66-kzrkwj7m-g.3	doorway effects	doorway effect	location updating effect	location_updating_effect
http://data.loterre.fr/ark:/67375/p66-l2kvvw09-1.6	source attribution errors	source attribution error	source attribution error	source_attribution_error
http://data.loterre.fr/ark:/67375/p66-l2kvvw09-1.7	misattribution errors	misattribution error	source attribution error	source_attribution_error
http://data.loterre.fr/ark:/67375/p66-l2kvvw09-1.8	misattributions of memory	misattribution of memory	source attribution error	source_attribution_error
http://data.loterre.fr/ark:/67375/p66-l2kvvw09-1.9	source confusions	source confusion	source attribution error	source_attribution_error
http://data.loterre.fr/ark:/67375/p66-l2kvvw09-1.10	source misattributions	source misattribution	source attribution error	source_attribution_error
http://data.loterre.fr/ark:/67375/p66-l2kvvw09-1.11	source-monitoring errors	source-monitoring error	source attribution error	source_attribution_error
http://data.loterre.fr/ark:/67375/p66-l50fkczq-b.1	repetition effects	repetition effect	repetition effect	repetition_effect
http://data.loterre.fr/ark:/67375/p66-l78bs44x-d.3	déjà vus	déjà vu	déjà vu	déjà_vu
http://data.loterre.fr/ark:/67375/p66-l78bs44x-d.4	déjà vu experiences	déjà vu experience	déjà vu	déjà_vu
http://data.loterre.fr/ark:/67375/p66-l78bs44x-d.5	déjà vu sensations	déjà vu sensation	déjà vu	déjà_vu
http://data.loterre.fr/ark:/67375/p66-l90rr0hf-2.1	grouping effects	grouping effect	grouping effect	grouping_effect
http://data.loterre.fr/ark:/67375/p66-lcbcm8b8-1.0	crime-related amnesia	crime-related amnesia	crime-related amnesia	crime_related_amnesia
http://data.loterre.fr/ark:/67375/p66-lhs10shf-w.2	lexicality effects	lexicality effect	lexicality effect	lexicality_effect
http://data.loterre.fr/ark:/67375/p66-lhs10shf-w.3	lexicality advantages	lexicality advantage	lexicality effect	lexicality_effect
http://data.loterre.fr/ark:/67375/p66-lhxzmnl2-5.2	survival processing effects	survival processing effect	survival processing effect	survival_processing_effect
http://data.loterre.fr/ark:/67375/p66-lhxzmnl2-5.3	survival-processing advantages	survival-processing advantage	survival processing effect	survival_processing_effect
http://data.loterre.fr/ark:/67375/p66-lntn1cjt-v.1	joint memory effects	joint memory effect	joint memory effect	joint_memory_effect
http://data.loterre.fr/ark:/67375/p66-lp0gxjz7-c.1	level-of-processing effects	level-of-processing effect	level-of-processing effect	level_of_processing_effect
http://data.loterre.fr/ark:/67375/p66-lwzzww1c-7.2	age-prospective memory-paradoxes	age-prospective memory-paradox	age-prospective memory-paradox	age_prospective_memory_paradox
http://data.loterre.fr/ark:/67375/p66-lwzzww1c-7.3	age-pm-paradoxes	age-pm-paradox	age-prospective memory-paradox	age_prospective_memory_paradox
http://data.loterre.fr/ark:/67375/p66-lxlvt8zd-g.1	exclusivity effects	exclusivity effect	exclusivity effect	exclusivity_effect
http://data.loterre.fr/ark:/67375/p66-m26svgc2-s.3	list composition effects	list composition effect	list composition effect	list_composition_effect
http://data.loterre.fr/ark:/67375/p66-m26svgc2-s.4	list composition paradoxes	list composition paradox	list composition effect	list_composition_effect
http://data.loterre.fr/ark:/67375/p66-m26svgc2-s.5	mixed-list paradoxes	mixed-list paradox	list composition effect	list_composition_effect
http://data.loterre.fr/ark:/67375/p66-m3w9xwpj-z.1	source overdistributions	source overdistribution	source overdistribution	source_overdistribution
http://data.loterre.fr/ark:/67375/p66-m65527m2-w.1	inconsistency effects	inconsistency effect	inconsistency effect	inconsistency_effect
http://data.loterre.fr/ark:/67375/p66-mf7pgh5q-c.1	retrograde facilitation	retrograde facilitation	retrograde facilitation	retrograde_facilitation
http://data.loterre.fr/ark:/67375/p66-mf7pgh5q-c.2	retrograde enhancements	retrograde enhancement	retrograde facilitation	retrograde_facilitation
http://data.loterre.fr/ark:/67375/p66-mht5s4xh-4.3	self-reference effects	self-reference effect	self-reference effect	self_reference_effect
http://data.loterre.fr/ark:/67375/p66-mht5s4xh-4.4	self-biases	self-bias	self-reference effect	self_reference_effect
http://data.loterre.fr/ark:/67375/p66-mht5s4xh-4.5	self-referential effects	self-referential effect	self-reference effect	self_reference_effect
http://data.loterre.fr/ark:/67375/p66-mklv8423-f.1	bilateral field advantages	bilateral field advantage	bilateral field advantage	bilateral_field_advantage
http://data.loterre.fr/ark:/67375/p66-mlwj2pr9-z.1	phonological neighbourhood effects	phonological neighbourhood effect	phonological neighbourhood effect	phonological_neighbourhood_effect
http://data.loterre.fr/ark:/67375/p66-mn6r4qr2-l.1	word length effects	word length effect	word length effect	word_length_effect
http://data.loterre.fr/ark:/67375/p66-mrqvth7z-c.1	repetition enhancements	repetition enhancement	repetition enhancement	repetition_enhancement
http://data.loterre.fr/ark:/67375/p66-mt60xtld-z.1	rationalizations	rationalization	rationalization	rationalization
http://data.loterre.fr/ark:/67375/p66-mxq2wqpv-p.2	boundary extension illusions	boundary extension illusion	boundary extension illusion	boundary_extension_illusion
http://data.loterre.fr/ark:/67375/p66-mxq2wqpv-p.3	boundary extension effects	boundary extension effect	boundary extension illusion	boundary_extension_illusion
http://data.loterre.fr/ark:/67375/p66-n3b4xncr-r.1	simulated amnesia	simulated amnesia	simulated amnesia	simulated_amnesia
http://data.loterre.fr/ark:/67375/p66-n3b4xncr-r.2	faking amnesia	faking amnesia	simulated amnesia	simulated_amnesia
http://data.loterre.fr/ark:/67375/p66-n3b4xncr-r.3	feigned amnesia	feigned amnesia	simulated amnesia	simulated_amnesia
http://data.loterre.fr/ark:/67375/p66-n3b4xncr-r.4	malingered amnesia	malingered amnesia	simulated amnesia	simulated_amnesia
http://data.loterre.fr/ark:/67375/p66-n3b4xncr-r.5	malingering amnesia	malingering amnesia	simulated amnesia	simulated_amnesia
http://data.loterre.fr/ark:/67375/p66-n3b4xncr-r.6	simulations of amnesia	simulation of amnesia	simulated amnesia	simulated_amnesia
http://data.loterre.fr/ark:/67375/p66-n3mh6kq1-k.2	concreteness effects	concreteness effect	concreteness effect	concreteness_effect
http://data.loterre.fr/ark:/67375/p66-n3mh6kq1-k.3	imageability effects	imageability effect	concreteness effect	concreteness_effect
http://data.loterre.fr/ark:/67375/p66-n880rdr0-l.2	confidence-accuracy relationships	confidence-accuracy relationship	confidence-accuracy relationship	confidence_accuracy_relationship
http://data.loterre.fr/ark:/67375/p66-n880rdr0-l.3	accuracies–confidence relation	accuracy–confidence relation	confidence-accuracy relationship	confidence_accuracy_relationship
http://data.loterre.fr/ark:/67375/p66-nb0rrmwd-j.1	living-in-history effects	living-in-history effect	living-in-history effect	living_in_history_effect
http://data.loterre.fr/ark:/67375/p66-nkfh3f7m-w.1	humour effects	humour effect	humour effect	humour_effect
http://data.loterre.fr/ark:/67375/p66-nl02rmcx-s.1	output interferences	output interference	output interference	output_interference
http://data.loterre.fr/ark:/67375/p66-nm9j4q83-p.1	taboo word effects	taboo word effect	taboo word effect	taboo_word_effect
http://data.loterre.fr/ark:/67375/p66-nmpjrdhn-7.3	mood-congruent memories	mood-congruent memory	mood-congruent memory	mood_congruent_memory
http://data.loterre.fr/ark:/67375/p66-nmpjrdhn-7.4	mood congruence effects	mood congruence effect	mood-congruent memory	mood_congruent_memory
http://data.loterre.fr/ark:/67375/p66-nmpjrdhn-7.5	mood congruency effects	mood congruency effect	mood-congruent memory	mood_congruent_memory
http://data.loterre.fr/ark:/67375/p66-nw3jf7sx-j.1	picture complexity effects	picture complexity effect	picture complexity effect	picture_complexity_effect
http://data.loterre.fr/ark:/67375/p66-p23rvj0x-6.1	google effects	google effect	google effect	google_effect
http://data.loterre.fr/ark:/67375/p66-p23rvj0x-6.2	digital amnesia	digital amnesia	google effect	google_effect
http://data.loterre.fr/ark:/67375/p66-p7wkfd46-7.1	negative repetition effects	negative repetition effect	negative repetition effect	negative_repetition_effect
http://data.loterre.fr/ark:/67375/p66-pc2nm3qc-4.3	unconscious transference effects	unconscious transference effect	unconscious transference effect	unconscious_transference_effect
http://data.loterre.fr/ark:/67375/p66-pc2nm3qc-4.4	bystander misidentifications	bystander misidentification	unconscious transference effect	unconscious_transference_effect
http://data.loterre.fr/ark:/67375/p66-pc2nm3qc-4.5	unconscious transferences	unconscious transference	unconscious transference effect	unconscious_transference_effect
http://data.loterre.fr/ark:/67375/p66-pm7rprwp-q.1	imagination inflation effects	imagination inflation effect	imagination inflation effect	imagination_inflation_effect
http://data.loterre.fr/ark:/67375/p66-pnppkj91-b.1	whole-part effects	whole-part effect	whole-part effect	whole_part_effect
http://data.loterre.fr/ark:/67375/p66-prtp921v-l.1	mccabe effects	mccabe effect	mccabe effect	mccabe_effect
http://data.loterre.fr/ark:/67375/p66-ptgl0p1g-b.3	context-dependent memory effects	context-dependent memory effect	context-dependent memory effect	context_dependent_memory_effect
http://data.loterre.fr/ark:/67375/p66-ptgl0p1g-b.4	context dependency effects	context dependency effect	context-dependent memory effect	context_dependent_memory_effect
http://data.loterre.fr/ark:/67375/p66-ptgl0p1g-b.5	environmental context-dependent memories	environmental context-dependent memory	context-dependent memory effect	context_dependent_memory_effect
http://data.loterre.fr/ark:/67375/p66-ptrplm1x-z.1	memory blindness effects	memory blindness effect	memory blindness effect	memory_blindness_effect
http://data.loterre.fr/ark:/67375/p66-q2gcn73b-t.1	false-persistence effects	false-persistence effect	false-persistence effect	false_persistence_effect
http://data.loterre.fr/ark:/67375/p66-q4x84mp3-1.2	semantic blocking effects	semantic blocking effect	semantic blocking effect	semantic_blocking_effect
http://data.loterre.fr/ark:/67375/p66-q4x84mp3-1.3	category interference effects	category interference effect	semantic blocking effect	semantic_blocking_effect
http://data.loterre.fr/ark:/67375/p66-q68jxkvx-n.1	drawing effects	drawing effect	drawing effect	drawing_effect
http://data.loterre.fr/ark:/67375/p66-q7457568-z.1	semantic proximity effects	semantic proximity effect	semantic proximity effect	semantic_proximity_effect
http://data.loterre.fr/ark:/67375/p66-qfqkmzv7-z.2	articulatory suppression effects	articulatory suppression effect	articulatory suppression effect	articulatory_suppression_effect
http://data.loterre.fr/ark:/67375/p66-qfqkmzv7-z.3	concurrent articulation effects	concurrent articulation effect	articulatory suppression effect	articulatory_suppression_effect
http://data.loterre.fr/ark:/67375/p66-qfv3w07h-q.1	events boundary advantage	event boundary advantage	event boundary advantage	event_boundary_advantage
http://data.loterre.fr/ark:/67375/p66-qh5h5cr8-r.3	contiguity effects	contiguity effect	contiguity effect	contiguity_effect
http://data.loterre.fr/ark:/67375/p66-qh5h5cr8-r.4	temporal clustering effects	temporal clustering effect	contiguity effect	contiguity_effect
http://data.loterre.fr/ark:/67375/p66-qh5h5cr8-r.5	temporal contiguity effects	temporal contiguity effect	contiguity effect	contiguity_effect
http://data.loterre.fr/ark:/67375/p66-qjzn2x6p-9.5	part-list cuing effects	part-list cuing effect	part-list cuing effect	part_list_cuing_effect
http://data.loterre.fr/ark:/67375/p66-qjzn2x6p-9.6	part-list cuing impairment effects	part-list cuing impairment effect	part-list cuing effect	part_list_cuing_effect
http://data.loterre.fr/ark:/67375/p66-qjzn2x6p-9.7	part-set cuing effects	part-set cuing effect	part-list cuing effect	part_list_cuing_effect
http://data.loterre.fr/ark:/67375/p66-qjzn2x6p-9.8	part-set cuing impairment effects	part-set cuing impairment effect	part-list cuing effect	part_list_cuing_effect
http://data.loterre.fr/ark:/67375/p66-qjzn2x6p-9.9	part-set cuing inhibition effects	part-set cuing inhibition effect	part-list cuing effect	part_list_cuing_effect
http://data.loterre.fr/ark:/67375/p66-qn9h3md5-d.1	generation effects	generation effect	generation effect	generation_effect
http://data.loterre.fr/ark:/67375/p66-qnhv3zsx-d.1	distinctiveness effects	distinctiveness effect	distinctiveness effect	distinctiveness_effect
http://data.loterre.fr/ark:/67375/p66-qnqmwrxd-m.2	weapon focus effects	weapon focus effect	weapon focus effect	weapon_focus_effect
http://data.loterre.fr/ark:/67375/p66-qnqmwrxd-m.3	weapons focusing	weapon focusing	weapon focus effect	weapon_focus_effect
http://data.loterre.fr/ark:/67375/p66-qr124h6d-w.1	typicality effects	typicality effect	typicality effect	typicality_effect
http://data.loterre.fr/ark:/67375/p66-r5x6glr8-4.1	recollections without remembering	recollection without remembering	recollection without remembering	recollection_without_remembering
http://data.loterre.fr/ark:/67375/p66-rds0z9tm-h.3	butcher-in-the-bus phenomena	butcher-in-the-bus phenomenon	butcher-in-the-bus phenomenon	butcher_in_the_bus_phenomenon
http://data.loterre.fr/ark:/67375/p66-rds0z9tm-h.4	bob experiences	bob experience	butcher-in-the-bus phenomenon	butcher_in_the_bus_phenomenon
http://data.loterre.fr/ark:/67375/p66-rds0z9tm-h.5	butcher-on-the-bus phenomena	butcher-on-the-bus phenomenon	butcher-in-the-bus phenomenon	butcher_in_the_bus_phenomenon
http://data.loterre.fr/ark:/67375/p66-rg9g5m6j-r.1	target effects	target effect	target effect	target_effect
http://data.loterre.fr/ark:/67375/p66-rgd806lb-1.2	tips-of-the-tongue	tip-of-the-tongue	tip-of-the-tongue	tip_of_the_tongue
http://data.loterre.fr/ark:/67375/p66-rgd806lb-1.3	tots	tot	tip-of-the-tongue	tip_of_the_tongue
http://data.loterre.fr/ark:/67375/p66-rk1d619z-m.1	cognitive-context dependent memories	cognitive-context dependent memory	cognitive-context dependent memory	cognitive_context_dependent_memory
http://data.loterre.fr/ark:/67375/p66-rk502hkx-5.1	sandwich effects	sandwich effect	sandwich effect	sandwich_effect
http://data.loterre.fr/ark:/67375/p66-rltgghm0-3.3	telescoping effects	telescoping effect	telescoping effect	telescoping_effect
http://data.loterre.fr/ark:/67375/p66-rltgghm0-3.4	backward telescoping	backward telescoping	telescoping effect	telescoping_effect
http://data.loterre.fr/ark:/67375/p66-rltgghm0-3.5	forward telescoping	forward telescoping	telescoping effect	telescoping_effect
http://data.loterre.fr/ark:/67375/p66-rltgghm0-3.6	telescoping biases	telescoping bias	telescoping effect	telescoping_effect
http://data.loterre.fr/ark:/67375/p66-rltgghm0-3.7	telescoping errors	telescoping error	telescoping effect	telescoping_effect
http://data.loterre.fr/ark:/67375/p66-rn8dcdb0-2.3	phonological similarity effects	phonological similarity effect	phonological similarity effect	phonological_similarity_effect
http://data.loterre.fr/ark:/67375/p66-rn8dcdb0-2.4	acoustic confusion effects	acoustic confusion effect	phonological similarity effect	phonological_similarity_effect
http://data.loterre.fr/ark:/67375/p66-rn8dcdb0-2.5	phonemic similarity effects	phonemic similarity effect	phonological similarity effect	phonological_similarity_effect
http://data.loterre.fr/ark:/67375/p66-rs4n9vcc-m.1	zeigarnik effects	zeigarnik effect	zeigarnik effect	zeigarnik_effect
http://data.loterre.fr/ark:/67375/p66-rs9qjczq-p.1	imagination facilitation effects	imagination facilitation effect	imagination facilitation effect	imagination_facilitation_effect
http://data.loterre.fr/ark:/67375/p66-rzvnz5s8-j.1	developmental reversals	developmental reversal	developmental reversal	developmental_reversal
http://data.loterre.fr/ark:/67375/p66-s0tlbk5l-q.1	modality effects in false memories	modality effect in false memories	modality effect in false memories	modality_effect_in_false_memories
http://data.loterre.fr/ark:/67375/p66-s21swmtw-k.1	motor consolidation effects	motor consolidation effect	motor consolidation effect	motor_consolidation_effect
http://data.loterre.fr/ark:/67375/p66-s3bkskpr-p.1	observation inflation effects	observation inflation effect	observation inflation effect	observation_inflation_effect
http://data.loterre.fr/ark:/67375/p66-sbbzlb70-z.2	picture superiority effects	picture superiority effect	picture superiority effect	picture_superiority_effect
http://data.loterre.fr/ark:/67375/p66-sbbzlb70-z.3	pictorial superiority effects	pictorial superiority effect	picture superiority effect	picture_superiority_effect
http://data.loterre.fr/ark:/67375/p66-sglq7p96-j.2	verbal overshadowing effects	verbal overshadowing effect	verbal overshadowing effect	verbal_overshadowing_effect
http://data.loterre.fr/ark:/67375/p66-sglq7p96-j.3	voes	voe	verbal overshadowing effect	verbal_overshadowing_effect
http://data.loterre.fr/ark:/67375/p66-shfzb6k6-d.2	forced confabulation effects	forced confabulation effect	forced confabulation effect	forced_confabulation_effect
http://data.loterre.fr/ark:/67375/p66-shfzb6k6-d.3	forced fabrication effects	forced fabrication effect	forced confabulation effect	forced_confabulation_effect
http://data.loterre.fr/ark:/67375/p66-slb5mt9s-b.7	illusory truth effects	illusory truth effect	illusory truth effect	illusory_truth_effect
http://data.loterre.fr/ark:/67375/p66-slb5mt9s-b.8	illusory truths	illusory truth	illusory truth effect	illusory_truth_effect
http://data.loterre.fr/ark:/67375/p66-slb5mt9s-b.9	reiteration effects	reiteration effect	illusory truth effect	illusory_truth_effect
http://data.loterre.fr/ark:/67375/p66-slb5mt9s-b.10	repetition truth effects	repetition truth effect	illusory truth effect	illusory_truth_effect
http://data.loterre.fr/ark:/67375/p66-slb5mt9s-b.11	truth effects	truth effect	illusory truth effect	illusory_truth_effect
http://data.loterre.fr/ark:/67375/p66-slb5mt9s-b.12	truths-by-repetition-effect	truth-by-repetition-effect	illusory truth effect	illusory_truth_effect
http://data.loterre.fr/ark:/67375/p66-slb5mt9s-b.13	validity effects	validity effect	illusory truth effect	illusory_truth_effect
http://data.loterre.fr/ark:/67375/p66-snd7vpgk-l.1	letter-frequency effects	letter-frequency effect	letter-frequency effect	letter_frequency_effect
http://data.loterre.fr/ark:/67375/p66-snps20vk-c.1	memory biases	memory bias	memory bias	memory_bias
http://data.loterre.fr/ark:/67375/p66-stbpvnz5-p.1	asymmetry effects	asymmetry effect	asymmetry effect	asymmetry_effect
http://data.loterre.fr/ark:/67375/p66-sthj2469-1.0	upheaval bump	upheaval bump	upheaval bump	upheaval_bump
http://data.loterre.fr/ark:/67375/p66-t1kb34sc-r.1	self-choice effects	self-choice effect	self-choice effect	self_choice_effect
http://data.loterre.fr/ark:/67375/p66-t2m92n8v-6.1	pretesting effects	pretesting effect	pretesting effect	pretesting_effect
http://data.loterre.fr/ark:/67375/p66-t4f643zn-k.1	recognition failures	recognition failure	recognition failure	recognition_failure
http://data.loterre.fr/ark:/67375/p66-t6mbb7w8-z.3	releases from proactive interference	release from proactive interference	release from proactive interference	release_from_proactive_interference
http://data.loterre.fr/ark:/67375/p66-t6mbb7w8-z.4	releases from pi	release from pi	release from proactive interference	release_from_proactive_interference
http://data.loterre.fr/ark:/67375/p66-t6mbb7w8-z.5	releases from proactive inhibition	release from proactive inhibition	release from proactive interference	release_from_proactive_interference
http://data.loterre.fr/ark:/67375/p66-t7fc6mf2-f.3	positivity biases	positivity bias	positivity bias	positivity_bias
http://data.loterre.fr/ark:/67375/p66-t7fc6mf2-f.4	positivity effects	positivity effect	positivity bias	positivity_bias
http://data.loterre.fr/ark:/67375/p66-t7fc6mf2-f.5	positivity memory biases	positivity memory bias	positivity bias	positivity_bias
http://data.loterre.fr/ark:/67375/p66-t7pnwkz6-b.1	pseudoword effects	pseudoword effect	pseudoword effect	pseudoword_effect
http://data.loterre.fr/ark:/67375/p66-tcjtkp1m-t.1	mnemonic time-travel effects	mnemonic time-travel effect	mnemonic time-travel effect	mnemonic_time_travel_effect
http://data.loterre.fr/ark:/67375/p66-tlz79hm8-x.1	distributed practice effects	distributed practice effect	distributed practice effect	distributed_practice_effect
http://data.loterre.fr/ark:/67375/p66-tm823l3j-7.1	anti-reminiscence bumps ​	anti-reminiscence bump ​	anti-reminiscence bump ​	anti_reminiscence_bump_​
http://data.loterre.fr/ark:/67375/p66-tppnzqfx-q.3	negativity biases	negativity bias	negativity bias	negativity_bias
http://data.loterre.fr/ark:/67375/p66-tppnzqfx-q.4	negative memory biases	negative memory bias	negativity bias	negativity_bias
http://data.loterre.fr/ark:/67375/p66-tppnzqfx-q.5	negativity effects	negativity effect	negativity bias	negativity_bias
http://data.loterre.fr/ark:/67375/p66-tr8xdz82-3.1	lag-recency effects	lag-recency effect	lag-recency effect	lag_recency_effect
http://data.loterre.fr/ark:/67375/p66-tw7snwz8-5.1	encoding/retrieval flips	encoding/retrieval flip	encoding/retrieval flip	encoding_retrieval_flip
http://data.loterre.fr/ark:/67375/p66-v1nlv6tl-h.0	memory penumbra	memory penumbra	memory penumbra	memory_penumbra
http://data.loterre.fr/ark:/67375/p66-v49kn4ht-l.1	collaborative inhibitions	collaborative inhibition	collaborative inhibition	collaborative_inhibition
http://data.loterre.fr/ark:/67375/p66-v6j7tg8r-r.1	list-strength effects	list-strength effect	list-strength effect	list_strength_effect
http://data.loterre.fr/ark:/67375/p66-v6nv3j15-0.3	reminiscence bumps	reminiscence bump	reminiscence bump	reminiscence_bump
http://data.loterre.fr/ark:/67375/p66-v6nv3j15-0.4	autobiographical memory bumps	autobiographical memory bump	reminiscence bump	reminiscence_bump
http://data.loterre.fr/ark:/67375/p66-v6nv3j15-0.5	reminiscence bump effects	reminiscence bump effect	reminiscence bump	reminiscence_bump
http://data.loterre.fr/ark:/67375/p66-v7bbhcv5-r.2	own-group biases	own-group bias	own-group bias	own_group_bias
http://data.loterre.fr/ark:/67375/p66-v7bbhcv5-r.3	ogbs	ogb	own-group bias	own_group_bias
http://data.loterre.fr/ark:/67375/p66-vf8tcgq2-5.3	déjà entendus	déjà entendu	déjà entendu	déjà_entendu
http://data.loterre.fr/ark:/67375/p66-vf8tcgq2-5.4	déjà entendu experiences	déjà entendu experience	déjà entendu	déjà_entendu
http://data.loterre.fr/ark:/67375/p66-vf8tcgq2-5.5	déjà entendu sensations	déjà entendu sensation	déjà entendu	déjà_entendu
http://data.loterre.fr/ark:/67375/p66-vhx0x62n-b.1	zombie effects	zombie effect	zombie effect	zombie_effect
http://data.loterre.fr/ark:/67375/p66-vpxz357c-0.1	semantic satiations	semantic satiation	semantic satiation	semantic_satiation
http://data.loterre.fr/ark:/67375/p66-w1gdt3wh-1.1	serial position effects	serial position effect	serial position effect	serial_position_effect
http://data.loterre.fr/ark:/67375/p66-w2jhc3ns-4.1	memory amplification effects	memory amplification effect	memory amplification effect	memory_amplification_effect
http://data.loterre.fr/ark:/67375/p66-w4k5g2gj-s.1	onset repulsion effects	onset repulsion effect	onset repulsion effect	onset_repulsion_effect
http://data.loterre.fr/ark:/67375/p66-w4xl77mt-1.3	self-enhancement biases	self-enhancement bias	self-enhancement bias	self_enhancement_bias
http://data.loterre.fr/ark:/67375/p66-w4xl77mt-1.4	self-enhancement effects	self-enhancement effect	self-enhancement bias	self_enhancement_bias
http://data.loterre.fr/ark:/67375/p66-w4xl77mt-1.5	self-enhancement memory biases	self-enhancement memory bias	self-enhancement bias	self_enhancement_bias
http://data.loterre.fr/ark:/67375/p66-w6b74bsg-7.2	priming effects	priming effect	priming effect	priming_effect
http://data.loterre.fr/ark:/67375/p66-w6b74bsg-7.3	primings	priming	priming effect	priming_effect
http://data.loterre.fr/ark:/67375/p66-w7bzp5kc-m.1	reminiscences (retesting)	reminiscence (retesting)	reminiscence (retesting)	reminiscence_(retesting)
http://data.loterre.fr/ark:/67375/p66-w96gw5qp-6.10	drm memory illusions	drm memory illusion	drm memory illusion	drm_memory_illusion
http://data.loterre.fr/ark:/67375/p66-w96gw5qp-6.11	drm effects	drm effect	drm memory illusion	drm_memory_illusion
http://data.loterre.fr/ark:/67375/p66-w96gw5qp-6.12	drm errors	drm error	drm memory illusion	drm_memory_illusion
http://data.loterre.fr/ark:/67375/p66-w96gw5qp-6.13	drm false memory effects	drm false memory effect	drm memory illusion	drm_memory_illusion
http://data.loterre.fr/ark:/67375/p66-w96gw5qp-6.14	drm false memory illusions	drm false memory illusion	drm memory illusion	drm_memory_illusion
http://data.loterre.fr/ark:/67375/p66-w96gw5qp-6.15	drm illusions	drm illusion	drm memory illusion	drm_memory_illusion
http://data.loterre.fr/ark:/67375/p66-w96gw5qp-6.16	deese-roediger-mcdermott false memories	deese-roediger-mcdermott false memory	drm memory illusion	drm_memory_illusion
http://data.loterre.fr/ark:/67375/p66-w96gw5qp-6.17	deese-roediger-mcdermott illusions	deese-roediger-mcdermott illusion	drm memory illusion	drm_memory_illusion
http://data.loterre.fr/ark:/67375/p66-w96gw5qp-6.18	deese-roediger-mcdermott memory illusions	deese-roediger-mcdermott memory illusion	drm memory illusion	drm_memory_illusion
http://data.loterre.fr/ark:/67375/p66-w96gw5qp-6.19	prototype-familiarity illusions	prototype-familiarity illusion	drm memory illusion	drm_memory_illusion
http://data.loterre.fr/ark:/67375/p66-wcn098nl-6.2	cognitive triage effects	cognitive triage effect	cognitive triage effect	cognitive_triage_effect
http://data.loterre.fr/ark:/67375/p66-wcn098nl-6.3	cognitive triages	cognitive triage	cognitive triage effect	cognitive_triage_effect
http://data.loterre.fr/ark:/67375/p66-wfpncw87-h.1	spontaneous recoveries (memory)	spontaneous recovery (memory)	spontaneous recovery (memory)	spontaneous_recovery_(memory)
http://data.loterre.fr/ark:/67375/p66-wgl3msg0-8.1	temporal gradients of retroactive interference	temporal gradient of retroactive interference	temporal gradient of retroactive interference	temporal_gradient_of_retroactive_interference
http://data.loterre.fr/ark:/67375/p66-wglb64d4-m.1	composite face effects	composite face effect	composite face effect	composite_face_effect
http://data.loterre.fr/ark:/67375/p66-ws2v394n-q.1	permastore effects	permastore effect	permastore effect	permastore_effect
http://data.loterre.fr/ark:/67375/p66-wvhlfgbg-k.1	photo-taking impairment effects	photo-taking impairment effect	photo-taking impairment effect	photo_taking_impairment_effect
http://data.loterre.fr/ark:/67375/p66-x0vmpjwv-0.2	baker/baker paradoxes	baker/baker paradox	baker/baker paradox	baker_baker_paradox
http://data.loterre.fr/ark:/67375/p66-x0vmpjwv-0.3	baker/baker effects	baker/baker effect	baker/baker paradox	baker_baker_paradox
http://data.loterre.fr/ark:/67375/p66-x5ggq92x-x.2	retrieval-enhanced suggestibilities	retrieval-enhanced suggestibility	retrieval-enhanced suggestibility	retrieval_enhanced_suggestibility
http://data.loterre.fr/ark:/67375/p66-x5ggq92x-x.3	reversed testing effets	reversed testing effet	retrieval-enhanced suggestibility	retrieval_enhanced_suggestibility
http://data.loterre.fr/ark:/67375/p66-xcp4rwpx-w.2	choice-supportive memories	choice-supportive memory	choice-supportive memory	choice_supportive_memory
http://data.loterre.fr/ark:/67375/p66-xcp4rwpx-w.3	choice-supportive misrememberings	choice-supportive misremembering	choice-supportive memory	choice_supportive_memory
http://data.loterre.fr/ark:/67375/p66-xdt8fjwp-k.2	mirror effects	mirror effect	mirror effect	mirror_effect
http://data.loterre.fr/ark:/67375/p66-xdt8fjwp-k.3	word frequency mirror effects	word frequency mirror effect	mirror effect	mirror_effect
http://data.loterre.fr/ark:/67375/p66-xjzwk5mv-p.1	test expectancy effects	test expectancy effect	test expectancy effect	test_expectancy_effect
http://data.loterre.fr/ark:/67375/p66-xk66ncj2-8.2	word-frequency effects	word-frequency effect	word-frequency effect	word_frequency_effect
http://data.loterre.fr/ark:/67375/p66-xk66ncj2-8.3	word frequency paradoxes	word frequency paradox	word-frequency effect	word_frequency_effect
http://data.loterre.fr/ark:/67375/p66-xmtslpkb-q.1	orthographic neighborhood effects	orthographic neighborhood effect	orthographic neighborhood effect	orthographic_neighborhood_effect
http://data.loterre.fr/ark:/67375/p66-xpbd1mg8-9.1	repetition suppressions	repetition suppression	repetition suppression	repetition_suppression
http://data.loterre.fr/ark:/67375/p66-xx10bqt0-s.3	jamais vus	jamais vu	jamais vu	jamais_vu
http://data.loterre.fr/ark:/67375/p66-xx10bqt0-s.4	jamais vu experiences	jamais vu experience	jamais vu	jamais_vu
http://data.loterre.fr/ark:/67375/p66-xx10bqt0-s.5	jamais vu sensations	jamais vu sensation	jamais vu	jamais_vu
http://data.loterre.fr/ark:/67375/p66-z1ng7zh0-c.1	pupil old/new effects	pupil old/new effect	pupil old/new effect	pupil_old_new_effect
http://data.loterre.fr/ark:/67375/p66-z4wgbk48-x.1	conjunction errors	conjunction error	conjunction error	conjunction_error
http://data.loterre.fr/ark:/67375/p66-z65l5pqd-m.1	category size effects	category size effect	category size effect	category_size_effect
http://data.loterre.fr/ark:/67375/p66-z672s9c8-t.1	complementarity effects	complementarity effect	complementarity effect	complementarity_effect
http://data.loterre.fr/ark:/67375/p66-z6dzpvmp-5.1	production deficiencies	production deficiency	production deficiency	production_deficiency
http://data.loterre.fr/ark:/67375/p66-zhqn9z5v-7.1	inverse modality effects	inverse modality effect	inverse modality effect	inverse_modality_effect
http://data.loterre.fr/ark:/67375/p66-znsskb5p-h.1	reverse interference effects	reverse interference effect	reverse interference effect	reverse_interference_effect
http://data.loterre.fr/ark:/67375/p66-zqj9zv3z-p.1	recognitions without identification	recognition without identification	recognition without identification	recognition_without_identification
http://data.loterre.fr/ark:/67375/p66-zrjlcr1v-3.1	transposition errors	transposition error	transposition error	transposition_error
http://data.loterre.fr/ark:/67375/p66-zsz6gl19-t.1	error-pruning effects	error-pruning effect	error-pruning effect	error_pruning_effect
http://data.loterre.fr/ark:/67375/p66-zwh2jfbc-2.1	mere exposure effects	mere exposure effect	mere exposure effect	mere_exposure_effect
http://data.loterre.fr/ark:/67375/p66-fw2kqbfz-4.1	foresight biases	foresight bias	foresight bias	foresight_bias
http://data.loterre.fr/ark:/67375/p66-g8nmqwbs-b.2	underconfidence-with-practice effects	underconfidence-with-practice effect	underconfidence-with-practice effect	underconfidence_with_practice_effect
http://data.loterre.fr/ark:/67375/p66-g8nmqwbs-b.3	uwps	uwp	underconfidence-with-practice effect	underconfidence_with_practice_effect
http://data.loterre.fr/ark:/67375/p66-jbprw023-4.2	hypercorrection effects	hypercorrection effect	hypercorrection effect	hypercorrection_effect
http://data.loterre.fr/ark:/67375/p66-jbprw023-4.3	hypercorrection phenomena	hypercorrection phenomenon	hypercorrection effect	hypercorrection_effect
http://data.loterre.fr/ark:/67375/p66-l3ptdptv-6.1	stability biases	stability bias	stability bias	stability_bias
http://data.loterre.fr/ark:/67375/p66-l7m13sp4-c.2	font size illusions	font size illusion	font size illusion	font_size_illusion
http://data.loterre.fr/ark:/67375/p66-l7m13sp4-c.3	font size effects	font size effect	font size illusion	font_size_illusion
http://data.loterre.fr/ark:/67375/p66-ngfltjhl-z.1	hard-easy effects	hard-easy effect	hard-easy effect	hard_easy_effect
http://data.loterre.fr/ark:/67375/p66-txj400l9-f.1	metacognitive biases	metacognitive bias	metacognitive bias	metacognitive_bias
http://data.loterre.fr/ark:/67375/p66-x3nq6zrj-h.1	metamemory expectancy illusions	metamemory expectancy illusion	metamemory expectancy illusion	metamemory_expectancy_illusion
http://data.loterre.fr/ark:/67375/p66-xk2p2kt7-h.2	delayed judgments of learning effect	delayed judgment of learning effect	delayed judgment of learning effect	delayed_judgment_of_learning_effect
http://data.loterre.fr/ark:/67375/p66-xk2p2kt7-h.3	delayed jol effects	delayed jol effect	delayed judgment of learning effect	delayed_judgment_of_learning_effect
http://data.loterre.fr/ark:/67375/p66-z7brccv6-6.1	remembered success effects	remembered success effect	remembered success effect	remembered_success_effect
http://data.loterre.fr/ark:/67375/p66-dp4rw8mw-0.4	escape conditioning	escape conditioning	escape conditioning	escape_conditioning
http://data.loterre.fr/ark:/67375/p66-dp4rw8mw-0.5	escapes	escape	escape conditioning	escape_conditioning
http://data.loterre.fr/ark:/67375/p66-dp4rw8mw-0.6	escape behaviors	escape behavior	escape conditioning	escape_conditioning
http://data.loterre.fr/ark:/67375/p66-dp4rw8mw-0.7	escape learnings	escape learning	escape conditioning	escape_conditioning
http://data.loterre.fr/ark:/67375/p66-dp4rw8mw-0.8	escape trainings	escape training	escape conditioning	escape_conditioning
http://data.loterre.fr/ark:/67375/p66-kzmbqxlm-8.2	latent inhibitions	latent inhibition	latent inhibition	latent_inhibition
http://data.loterre.fr/ark:/67375/p66-kzmbqxlm-8.3	conditioned stimulus preexposure effects ​	conditioned stimulus preexposure effect ​	latent inhibition	latent_inhibition
http://data.loterre.fr/ark:/67375/p66-n0900m0v-9.0	sensory preconditioning	sensory preconditioning	sensory preconditioning	sensory_preconditioning
http://data.loterre.fr/ark:/67375/p66-nds4mgvj-p.0	sensitization	sensitization	sensitization	sensitization
http://data.loterre.fr/ark:/67375/p66-nds4mgvj-p.1	behavioral sensitization	behavioral sensitization	sensitization	sensitization
http://data.loterre.fr/ark:/67375/p66-qsmg7khs-k.1	dishabituations	dishabituation	dishabituation	dishabituation
http://data.loterre.fr/ark:/67375/p66-rd88zh84-6.1	habituations	habituation	habituation	habituation
http://data.loterre.fr/ark:/67375/p66-x5jqlj89-8.1	spontaneous recoveries (conditioning)	spontaneous recovery (conditioning)	spontaneous recovery (conditioning)	spontaneous_recovery_(conditioning)
http://data.loterre.fr/ark:/67375/p66-xf298bvv-j.2	avoidance conditioning	avoidance conditioning	avoidance conditioning	avoidance_conditioning
http://data.loterre.fr/ark:/67375/p66-xf298bvv-j.3	avoidances	avoidance	avoidance conditioning	avoidance_conditioning
http://data.loterre.fr/ark:/67375/p66-xf298bvv-j.4	avoidances learning	avoidance learning	avoidance conditioning	avoidance_conditioning
http://data.loterre.fr/ark:/67375/p66-xf298bvv-j.5	avoidance training	avoidance training	avoidance conditioning	avoidance_conditioning
http://data.loterre.fr/ark:/67375/p66-xfvds1tb-p.1	stimulus generalizations	stimulus generalization	stimulus generalization	stimulus_generalization
http://data.loterre.fr/ark:/67375/p66-xxz15g8m-d.1	extinctions	extinction	extinction	extinction
http://data.loterre.fr/ark:/67375/p66-hn3ff41c-0.1	inattentional blindnesses	inattentional blindness	inattentional blindness	inattentional_blindness
http://data.loterre.fr/ark:/67375/p66-kj1lk8pp-2.1	change blindnesses	change blindness	change blindness	change_blindness
http://data.loterre.fr/ark:/67375/p66-m931g1n6-g.1	attentional blinks	attentional blink	attentional blink	attentional_blink
http://data.loterre.fr/ark:/67375/p66-d7r4dg0w-p.1	false confessions	false confession	false confession	false_confession
http://data.loterre.fr/ark:/67375/p66-f3d2prx3-j.1	false recognitions	false recognition	false recognition	false_recognition
http://data.loterre.fr/ark:/67375/p66-j9p6j5tj-s.2	misleading informations	misleading information	misleading information	misleading_information
http://data.loterre.fr/ark:/67375/p66-j9p6j5tj-s.3	misinformation	misinformation	misleading information	misleading_information
http://data.loterre.fr/ark:/67375/p66-j9p6j5tj-s.4	post-event informations	post-event information	misleading information	misleading_information
http://data.loterre.fr/ark:/67375/p66-j9p6j5tj-s.5	post-event misinformation	post-event misinformation	misleading information	misleading_information
http://data.loterre.fr/ark:/67375/p66-jmp5tz09-x.2	taxonomic relations	taxonomic relation	taxonomic relation	taxonomic_relation
http://data.loterre.fr/ark:/67375/p66-jmp5tz09-x.3	categorical relations	categorical relation	taxonomic relation	taxonomic_relation
http://data.loterre.fr/ark:/67375/p66-jmp5tz09-x.4	taxonomic semantics	taxonomic semantics	taxonomic relation	taxonomic_relation
http://data.loterre.fr/ark:/67375/p66-k7mfjhf0-c.1	system variables	system variable	system variable	system_variable
http://data.loterre.fr/ark:/67375/p66-ldpsd5bj-9.1	word frequencies	word frequency	word frequency	word_frequency
http://data.loterre.fr/ark:/67375/p66-lfwncphh-c.1	false recalls	false recall	false recall	false_recall
http://data.loterre.fr/ark:/67375/p66-m2tdkt00-p.1	reflector variables	reflector variable	reflector variable	reflector_variable
http://data.loterre.fr/ark:/67375/p66-msc3kqgd-f.1	thematic relations	thematic relation	thematic relation	thematic_relation
http://data.loterre.fr/ark:/67375/p66-msc3kqgd-f.2	thematic semantics	thematic semantics	thematic relation	thematic_relation
http://data.loterre.fr/ark:/67375/p66-n93w196p-4.3	testimonies	testimony	testimony	testimony
http://data.loterre.fr/ark:/67375/p66-n93w196p-4.4	witness memories	witness memory	testimony	testimony
http://data.loterre.fr/ark:/67375/p66-n93w196p-4.5	witness testimonies	witness testimony	testimony	testimony
http://data.loterre.fr/ark:/67375/p66-ppn0k9mn-h.4	response biases	response bias	response bias	response_bias
http://data.loterre.fr/ark:/67375/p66-ppn0k9mn-h.5	conservative criteria	conservative criterion	response bias	response_bias
http://data.loterre.fr/ark:/67375/p66-ppn0k9mn-h.6	liberal criteria	liberal criterion	response bias	response_bias
http://data.loterre.fr/ark:/67375/p66-ppn0k9mn-h.7	response criteria	response criterion	response bias	response_bias
http://data.loterre.fr/ark:/67375/p66-pz86x4b4-3.2	commission errors	commission error	commission error	commission_error
http://data.loterre.fr/ark:/67375/p66-pz86x4b4-3.3	errors of commission	error of commission	commission error	commission_error
http://data.loterre.fr/ark:/67375/p66-qxjx3zn8-1.1	word imageabilities	word imageability	word imageability	word_imageability
http://data.loterre.fr/ark:/67375/p66-r749gzlj-f.1	estimator variables	estimator variable	estimator variable	estimator_variable
http://data.loterre.fr/ark:/67375/p66-rfz3xshr-1.1	ages of acquisition	age of acquisition	age of acquisition	age_of_acquisition
http://data.loterre.fr/ark:/67375/p66-sq2mhwhn-q.1	associative strengths	associative strength	associative strength	associative_strength
http://data.loterre.fr/ark:/67375/p66-xf72xkl5-c.2	omission errors	omission error	omission error	omission_error
http://data.loterre.fr/ark:/67375/p66-xf72xkl5-c.3	errors of omission	error of omission	omission error	omission_error
http://data.loterre.fr/ark:/67375/p66-xrfjw2wc-1.1	false alarms	false alarm	false alarm	false_alarm
http://data.loterre.fr/ark:/67375/p66-gjz75tcv-p.1	production rules	production rule	production rule	production_rule
http://data.loterre.fr/ark:/67375/p66-kd7xv1jk-l.1	nodes	node	node	node
http://data.loterre.fr/ark:/67375/p66-zltcnnk4-h.1	propositions	proposition	proposition	proposition
http://data.loterre.fr/ark:/67375/p66-zfr36kvn-b.2	testable hypotheses	testable hypothesis	testable hypothesis	testable_hypothesis
http://data.loterre.fr/ark:/67375/p66-zfr36kvn-b.3	hypotheses	hypothesis	testable hypothesis	testable_hypothesis
http://data.loterre.fr/ark:/67375/p66-kf6vnw4h-5.2	power functions	power function	power function	power_function
http://data.loterre.fr/ark:/67375/p66-kf6vnw4h-5.3	power laws	power law	power function	power_function
http://data.loterre.fr/ark:/67375/p66-l4czrtg5-8.2	sat functions	sat function	sat function	sat_function
http://data.loterre.fr/ark:/67375/p66-l4czrtg5-8.3	speed-accuracy trade-off functions	speed-accuracy trade-off function	sat function	sat_function
http://data.loterre.fr/ark:/67375/p66-zx2qqs33-x.1	cumulative recall functions	cumulative recall function	cumulative recall function	cumulative_recall_function
http://data.loterre.fr/ark:/67375/p66-fk9616b8-3.2	hebb's rules	hebb's rule	hebb's rule	hebbs_rule
http://data.loterre.fr/ark:/67375/p66-fk9616b8-3.3	hebbian learnings	hebbian learning	hebb's rule	hebbs_rule
http://data.loterre.fr/ark:/67375/p66-fxm2s5m3-p.1	backpropagations	backpropagation	backpropagation	backpropagation
http://data.loterre.fr/ark:/67375/p66-k07mzl4h-5.2	gloves	glove	glove	glove
http://data.loterre.fr/ark:/67375/p66-k07mzl4h-5.3	global vectors for word representation	global vector for word representation	glove	glove
http://data.loterre.fr/ark:/67375/p66-k412cml4-3.2	latent semantic analyses	latent semantic analysis	latent semantic analysis	latent_semantic_analysis
http://data.loterre.fr/ark:/67375/p66-k412cml4-3.3	lsas	lsa	latent semantic analysis	latent_semantic_analysis
http://data.loterre.fr/ark:/67375/p66-k412cml4-3.4	latent semantic indexing	latent semantic indexing	latent semantic analysis	latent_semantic_analysis
http://data.loterre.fr/ark:/67375/p66-mgx3fnfd-5.1	word2vecs	word2vec	word2vec	word2vec
http://data.loterre.fr/ark:/67375/p66-mxrnpmnb-3.1	feature2vecs	feature2vec	feature2vec	feature2vec
http://data.loterre.fr/ark:/67375/p66-xcclzsq5-8.4	transformers	transformer	transformer	transformer
http://data.loterre.fr/ark:/67375/p66-xcclzsq5-8.5	self-attention models	self-attention model	transformer	transformer
http://data.loterre.fr/ark:/67375/p66-xcclzsq5-8.6	transformer networks	transformer network	transformer	transformer
http://data.loterre.fr/ark:/67375/p66-xcclzsq5-8.7	transformer neural networks	transformer neural network	transformer	transformer
http://data.loterre.fr/ark:/67375/p66-mmpd886d-4.4	computational models	computational model	computational model	computational_model
http://data.loterre.fr/ark:/67375/p66-mmpd886d-4.5	computational modelings	computational modeling	computational model	computational_model
http://data.loterre.fr/ark:/67375/p66-mmpd886d-4.6	computational modelling	computational modelling	computational model	computational_model
http://data.loterre.fr/ark:/67375/p66-mmpd886d-4.7	quantitative models	quantitative model	computational model	computational_model
http://data.loterre.fr/ark:/67375/p66-mmpd886d-4.8	simulation models	simulation model	computational model	computational_model
http://data.loterre.fr/ark:/67375/p66-c17ph0zp-s.1	transfers and retroaction surface	transfer and retroaction surface	transfer and retroaction surface	transfer_and_retroaction_surface
http://data.loterre.fr/ark:/67375/p66-cjpgfsv6-1.2	confidence-accuracy characteristic curves	confidence-accuracy characteristic curve	confidence-accuracy characteristic curve	confidence_accuracy_characteristic_curve
http://data.loterre.fr/ark:/67375/p66-cjpgfsv6-1.3	cac curves	cac curve	confidence-accuracy characteristic curve	confidence_accuracy_characteristic_curve
http://data.loterre.fr/ark:/67375/p66-dspsn23h-q.3	forgetting curves	forgetting curve	forgetting curve	forgetting_curve
http://data.loterre.fr/ark:/67375/p66-dspsn23h-q.4	retention curves	retention curve	forgetting curve	forgetting_curve
http://data.loterre.fr/ark:/67375/p66-dspsn23h-q.5	retention functions	retention function	forgetting curve	forgetting_curve
http://data.loterre.fr/ark:/67375/p66-g5dpsmmh-1.1	calibration curves	calibration curve	calibration curve	calibration_curve
http://data.loterre.fr/ark:/67375/p66-jckz7cc9-5.2	learning curves	learning curve	learning curve	learning_curve
http://data.loterre.fr/ark:/67375/p66-jckz7cc9-5.3	acquisition curves	acquisition curve	learning curve	learning_curve
http://data.loterre.fr/ark:/67375/p66-sjjk5r2d-t.1	serial position curves	serial position curve	serial position curve	serial_position_curve
http://data.loterre.fr/ark:/67375/p66-vqcr9nww-h.6	roc curves	roc curve	roc curve	roc_curve
http://data.loterre.fr/ark:/67375/p66-vqcr9nww-h.7	moc functions	moc function	roc curve	roc_curve
http://data.loterre.fr/ark:/67375/p66-vqcr9nww-h.8	roc functions	roc function	roc curve	roc_curve
http://data.loterre.fr/ark:/67375/p66-vqcr9nww-h.9	isomnemonic functions	isomnemonic function	roc curve	roc_curve
http://data.loterre.fr/ark:/67375/p66-vqcr9nww-h.10	memory operating characteristic	memory operating characteristics	roc curve	roc_curve
http://data.loterre.fr/ark:/67375/p66-vqcr9nww-h.11	receiver operating characteristic curves	receiver operating characteristic curve	roc curve	roc_curve
http://data.loterre.fr/ark:/67375/p66-cfhph2tz-0.1	legalpsyches	legalpsych	legalpsych	legalpsych
http://data.loterre.fr/ark:/67375/p66-hqvx9tl0-0.2	sdtlus	sdtlu	sdtlu	sdtlu
http://data.loterre.fr/ark:/67375/p66-hqvx9tl0-0.3	signal detection theories – lineup	signal detection theory – lineup	sdtlu	sdtlu
http://data.loterre.fr/ark:/67375/p66-jj0slrb7-l.1	pywitnesses	pywitness	pywitness	pywitness
http://data.loterre.fr/ark:/67375/p66-m6pcgsjm-j.1	lrds	lrd	lrd	lrd
http://data.loterre.fr/ark:/67375/p66-nrb6t6sw-5.1	fullrocs	fullroc	fullroc	fullroc
http://data.loterre.fr/ark:/67375/p66-b7mb8jbl-p.1	percent correct recalls	percent correct recall	percent correct recall	percent_correct_recall
http://data.loterre.fr/ark:/67375/p66-bb8bqfj5-g.1	synaptic weights	synaptic weight	synaptic weight	synaptic_weight
http://data.loterre.fr/ark:/67375/p66-bg9rsm0s-f.1	degree centralities	degree centrality	degree centrality	degree_centrality
http://data.loterre.fr/ark:/67375/p66-bgqf72pc-l.2	adjusted normalized resolution indexes	adjusted normalized resolution index	adjusted normalized resolution index	adjusted_normalized_resolution_index
http://data.loterre.fr/ark:/67375/p66-bgqf72pc-l.3	anris	anri	adjusted normalized resolution index	adjusted_normalized_resolution_index
http://data.loterre.fr/ark:/67375/p66-bsb0w4rp-6.0	phi correlation coefficient	phi correlation coefficient	phi correlation coefficient	phi_correlation_coefficient
http://data.loterre.fr/ark:/67375/p66-bsb0w4rp-6.1	fourfold point correlation coefficient	fourfold point correlation coefficient	phi correlation coefficient	phi_correlation_coefficient
http://data.loterre.fr/ark:/67375/p66-bsb0w4rp-6.2	phi coefficient	phi coefficient	phi correlation coefficient	phi_correlation_coefficient
http://data.loterre.fr/ark:/67375/p66-c6kfw6jl-f.3	d' indexes	d' index	d' index	d_index
http://data.loterre.fr/ark:/67375/p66-c6kfw6jl-f.4	d primes	d prime	d' index	d_index
http://data.loterre.fr/ark:/67375/p66-c6kfw6jl-f.5	d' scores	d' score	d' index	d_index
http://data.loterre.fr/ark:/67375/p66-chzj0pxv-2.2	retention intervals	retention interval	retention interval	retention_interval
http://data.loterre.fr/ark:/67375/p66-chzj0pxv-2.3	retention delays	retention delay	retention interval	retention_interval
http://data.loterre.fr/ark:/67375/p66-d6kfvjr4-6.1	transposition gradients	transposition gradient	transposition gradient	transposition_gradient
http://data.loterre.fr/ark:/67375/p66-dfh3s91p-s.2	goodman-kruskal gamma correlation coefficient	goodman-kruskal gamma correlation coefficient	goodman-kruskal gamma correlation coefficient	goodman_kruskal_gamma_correlation_coefficient
http://data.loterre.fr/ark:/67375/p66-dfh3s91p-s.3	gs coefficient	g coefficient	goodman-kruskal gamma correlation coefficient	goodman_kruskal_gamma_correlation_coefficient
http://data.loterre.fr/ark:/67375/p66-dfh3s91p-s.4	gamma correlations	gamma correlation	goodman-kruskal gamma correlation coefficient	goodman_kruskal_gamma_correlation_coefficient
http://data.loterre.fr/ark:/67375/p66-f2q8pdz7-c.3	chronometries	chronometry	chronometry	chronometry
http://data.loterre.fr/ark:/67375/p66-f2q8pdz7-c.4	chronometric analyses	chronometric analysis	chronometry	chronometry
http://data.loterre.fr/ark:/67375/p66-f2q8pdz7-c.5	mental chronometries	mental chronometry	chronometry	chronometry
http://data.loterre.fr/ark:/67375/p66-f9jxmc5g-m.2	arc indexes	arc index	arc index	arc_index
http://data.loterre.fr/ark:/67375/p66-f9jxmc5g-m.3	adjusted ratios of clustering	adjusted ratio of clustering	arc index	arc_index
http://data.loterre.fr/ark:/67375/p66-fbsgz1h3-p.1	typicality gradients	typicality gradient	typicality gradient	typicality_gradient
http://data.loterre.fr/ark:/67375/p66-fff9l6n6-8.2	stimulus-onset asynchronies	stimulus-onset asynchrony	stimulus-onset asynchrony	stimulus_onset_asynchrony
http://data.loterre.fr/ark:/67375/p66-fff9l6n6-8.3	soas	soa	stimulus-onset asynchrony	stimulus_onset_asynchrony
http://data.loterre.fr/ark:/67375/p66-gjl9pm2n-m.1	diagnosticity ratios	diagnosticity ratio	diagnosticity ratio	diagnosticity_ratio
http://data.loterre.fr/ark:/67375/p66-jqql3rvv-p.6	pupillometries	pupillometry	pupillometry	pupillometry
http://data.loterre.fr/ark:/67375/p66-jqql3rvv-p.7	pupil changes	pupil change	pupillometry	pupillometry
http://data.loterre.fr/ark:/67375/p66-jqql3rvv-p.8	pupil diameters	pupil diameter	pupillometry	pupillometry
http://data.loterre.fr/ark:/67375/p66-jqql3rvv-p.9	pupil dilatations	pupil dilatation	pupillometry	pupillometry
http://data.loterre.fr/ark:/67375/p66-jqql3rvv-p.10	pupil dilations	pupil dilation	pupillometry	pupillometry
http://data.loterre.fr/ark:/67375/p66-jqql3rvv-p.11	pupil-size changes	pupil-size change	pupillometry	pupillometry
http://data.loterre.fr/ark:/67375/p66-k67vtjld-w.1	metas-d'	meta-d'	meta-d'	meta_d
http://data.loterre.fr/ark:/67375/p66-kfspkcgs-b.1	phonotactic frequencies	phonotactic frequency	phonotactic frequency	phonotactic_frequency
http://data.loterre.fr/ark:/67375/p66-klmdb2pp-t.4	memory capacities	memory capacity	memory capacity	memory_capacity
http://data.loterre.fr/ark:/67375/p66-klmdb2pp-t.5	limited capacity storages	limited capacity storage	memory capacity	memory_capacity
http://data.loterre.fr/ark:/67375/p66-klmdb2pp-t.6	memorial capacities	memorial capacity	memory capacity	memory_capacity
http://data.loterre.fr/ark:/67375/p66-klmdb2pp-t.7	storage capacities	storage capacity	memory capacity	memory_capacity
http://data.loterre.fr/ark:/67375/p66-lc14vv20-z.1	saving methods	saving method	saving method	saving_method
http://data.loterre.fr/ark:/67375/p66-m0vc2pd0-1.1	calibrations	calibration	calibration	calibration
http://data.loterre.fr/ark:/67375/p66-mr6ctn84-b.3	"b"" measures"	"b"" measure"	"b"" measure"	b_measure
http://data.loterre.fr/ark:/67375/p66-mr6ctn84-b.4	b prime primes	b prime prime	"b"" measure"	b_measure
http://data.loterre.fr/ark:/67375/p66-mr6ctn84-b.5	"b"" indexes"	"b"" index"	"b"" measure"	b_measure
http://data.loterre.fr/ark:/67375/p66-n6tqtnvl-j.1	a' measures	a' measure	a' measure	a_measure
http://data.loterre.fr/ark:/67375/p66-n8wc9x0k-0.3	positive predictive values	positive predictive value	positive predictive value	positive_predictive_value
http://data.loterre.fr/ark:/67375/p66-n8wc9x0k-0.4	ppvs	ppv	positive predictive value	positive_predictive_value
http://data.loterre.fr/ark:/67375/p66-n8wc9x0k-0.5	probative values	probative value	positive predictive value	positive_predictive_value
http://data.loterre.fr/ark:/67375/p66-qd333c1g-w.4	β indexes	β index	β index	β_index
http://data.loterre.fr/ark:/67375/p66-qd333c1g-w.5	beta indexes	beta index	β index	β_index
http://data.loterre.fr/ark:/67375/p66-qd333c1g-w.6	beta measures	beta measure	β index	β_index
http://data.loterre.fr/ark:/67375/p66-qd333c1g-w.7	β measures	β measure	β index	β_index
http://data.loterre.fr/ark:/67375/p66-ssc18scr-g.1	percent correct recognitions	percent correct recognition	percent correct recognition	percent_correct_recognition
http://data.loterre.fr/ark:/67375/p66-tbg45wfw-w.3	perceptual spans	perceptual span	perceptual span	perceptual_span
http://data.loterre.fr/ark:/67375/p66-tbg45wfw-w.4	fields of effective vision	field of effective vision	perceptual span	perceptual_span
http://data.loterre.fr/ark:/67375/p66-tbg45wfw-w.5	visual spans	visual span	perceptual span	perceptual_span
http://data.loterre.fr/ark:/67375/p66-tfs69v6f-g.3	semantic distances	semantic distance	semantic distance	semantic_distance
http://data.loterre.fr/ark:/67375/p66-tfs69v6f-g.4	semantic relatednesses	semantic relatedness	semantic distance	semantic_distance
http://data.loterre.fr/ark:/67375/p66-tfs69v6f-g.5	semantic similarities	semantic similarity	semantic distance	semantic_distance
http://data.loterre.fr/ark:/67375/p66-z8lw3896-p.2	corrected hit probabilities	corrected hit probability	corrected hit probability	corrected_hit_probability
http://data.loterre.fr/ark:/67375/p66-z8lw3896-p.3	chrs	chr	corrected hit probability	corrected_hit_probability
http://data.loterre.fr/ark:/67375/p66-z95xbvrg-r.1	retrieval dependencies	retrieval dependency	retrieval dependency	retrieval_dependency
http://data.loterre.fr/ark:/67375/p66-zw6dmbfq-1.0	point-biserial correlation coefficient	point-biserial correlation coefficient	point-biserial correlation coefficient	point_biserial_correlation_coefficient
http://data.loterre.fr/ark:/67375/p66-sd1rzxdp-l.1	extra-list cues	extra-list cue	extra-list cue	extra_list_cue
http://data.loterre.fr/ark:/67375/p66-vzfj96ts-5.1	intra-list cues	intra-list cue	intra-list cue	intra_list_cue
http://data.loterre.fr/ark:/67375/p66-c61gf8r6-g.1	cued recall tasks	cued recall task	cued recall task	cued_recall_task
http://data.loterre.fr/ark:/67375/p66-hm6sf432-r.2	time-based prospective memories	time-based prospective memory	time-based prospective memory	time_based_prospective_memory
http://data.loterre.fr/ark:/67375/p66-hm6sf432-r.3	time-cued prospective memories	time-cued prospective memory	time-based prospective memory	time_based_prospective_memory
http://data.loterre.fr/ark:/67375/p66-k00cjvrd-g.2	graphemic cued recall tasks	graphemic cued recall task	graphemic cued recall task	graphemic_cued_recall_task
http://data.loterre.fr/ark:/67375/p66-k00cjvrd-g.3	graphemic cued recall tests	graphemic cued recall test	graphemic cued recall task	graphemic_cued_recall_task
http://data.loterre.fr/ark:/67375/p66-q7s86fzw-7.3	part-set cuing tasks	part-set cuing task	part-set cuing task	part_set_cuing_task
http://data.loterre.fr/ark:/67375/p66-q7s86fzw-7.4	part-list cuing paradigms	part-list cuing paradigm	part-set cuing task	part_set_cuing_task
http://data.loterre.fr/ark:/67375/p66-q7s86fzw-7.5	part-list cuing tasks	part-list cuing task	part-set cuing task	part_set_cuing_task
http://data.loterre.fr/ark:/67375/p66-r1tpwrj0-z.1	ecphoric informations	ecphoric information	ecphoric information	ecphoric_information
http://data.loterre.fr/ark:/67375/p66-rdmqhjmb-6.2	selective retrievals	selective retrieval	selective retrieval	selective_retrieval
http://data.loterre.fr/ark:/67375/p66-rdmqhjmb-6.3	partial retrievals	partial retrieval	selective retrieval	selective_retrieval
http://data.loterre.fr/ark:/67375/p66-s8pljhq6-7.1	vanishing cues methods	vanishing cues method	vanishing cues method	vanishing_cues_method
http://data.loterre.fr/ark:/67375/p66-sfnd5bwf-v.0	targeted memory reactivation	targeted memory reactivation	targeted memory reactivation	targeted_memory_reactivation
http://data.loterre.fr/ark:/67375/p66-sfnd5bwf-v.1	tmr	tmr	targeted memory reactivation	targeted_memory_reactivation
http://data.loterre.fr/ark:/67375/p66-smcr5mh1-m.2	contextual fluctuations	contextual fluctuation	contextual fluctuation	contextual_fluctuation
http://data.loterre.fr/ark:/67375/p66-smcr5mh1-m.3	contextual changes	contextual change	contextual fluctuation	contextual_fluctuation
http://data.loterre.fr/ark:/67375/p66-t8vtz1md-z.3	general abstract processing system models	general abstract processing system model	general abstract processing system model	general_abstract_processing_system_model
http://data.loterre.fr/ark:/67375/p66-t8vtz1md-z.4	gap	gaps	general abstract processing system model	general_abstract_processing_system_model
http://data.loterre.fr/ark:/67375/p66-t8vtz1md-z.5	gaps models	gaps model	general abstract processing system model	general_abstract_processing_system_model
http://data.loterre.fr/ark:/67375/p66-xftfcgn2-v.1	cue-overload principles	cue-overload principle	cue-overload principle	cue_overload_principle
http://data.loterre.fr/ark:/67375/p66-zxq7wltt-k.2	event-based prospective memories	event-based prospective memory	event-based prospective memory	event_based_prospective_memory
http://data.loterre.fr/ark:/67375/p66-zxq7wltt-k.3	eb-pms	eb-pm	event-based prospective memory	event_based_prospective_memory
http://data.loterre.fr/ark:/67375/p66-jtbtsv2r-b.2	montreal cognitive assessments	montreal cognitive assessment	montreal cognitive assessment	montreal_cognitive_assessment
http://data.loterre.fr/ark:/67375/p66-jtbtsv2r-b.3	mocas	moca	montreal cognitive assessment	montreal_cognitive_assessment
http://data.loterre.fr/ark:/67375/p66-sxmp58k1-1.1	trail making tests	trail making test	trail making test	trail_making_test
http://data.loterre.fr/ark:/67375/p66-w1zlmwdl-f.4	neuropsychological tests	neuropsychological test	neuropsychological test	neuropsychological_test
http://data.loterre.fr/ark:/67375/p66-w1zlmwdl-f.5	neuropsychological assessments	neuropsychological assessment	neuropsychological test	neuropsychological_test
http://data.loterre.fr/ark:/67375/p66-w1zlmwdl-f.6	neuropsychological batteries	neuropsychological battery	neuropsychological test	neuropsychological_test
http://data.loterre.fr/ark:/67375/p66-w1zlmwdl-f.7	neuropsychological testings	neuropsychological testing	neuropsychological test	neuropsychological_test
http://data.loterre.fr/ark:/67375/p66-zdmsgdbl-q.2	virtual realities everyday assessment lab	virtual reality everyday assessment lab	virtual reality everyday assessment lab	virtual_reality_everyday_assessment_lab
http://data.loterre.fr/ark:/67375/p66-zdmsgdbl-q.3	vr-eals	vr-eal	virtual reality everyday assessment lab	virtual_reality_everyday_assessment_lab
http://data.loterre.fr/ark:/67375/p66-gnbk2l59-k.5	memory disorders	memory disorder	memory disorder	memory_disorder
http://data.loterre.fr/ark:/67375/p66-gnbk2l59-k.6	memory deficits	memory deficit	memory disorder	memory_disorder
http://data.loterre.fr/ark:/67375/p66-gnbk2l59-k.7	memory deteriorations	memory deterioration	memory disorder	memory_disorder
http://data.loterre.fr/ark:/67375/p66-gnbk2l59-k.8	memory failures	memory failure	memory disorder	memory_disorder
http://data.loterre.fr/ark:/67375/p66-gnbk2l59-k.9	memory impairments	memory impairment	memory disorder	memory_disorder
http://data.loterre.fr/ark:/67375/p66-m7rwcxwh-q.2	mild cognitive impairments	mild cognitive impairment	mild cognitive impairment	mild_cognitive_impairment
http://data.loterre.fr/ark:/67375/p66-m7rwcxwh-q.3	mcis	mci	mild cognitive impairment	mild_cognitive_impairment
http://data.loterre.fr/ark:/67375/p66-qwpdf38s-8.6	aphantasias	aphantasia	aphantasia	aphantasia
http://data.loterre.fr/ark:/67375/p66-qwpdf38s-8.7	blind imaginations	blind imagination	aphantasia	aphantasia
http://data.loterre.fr/ark:/67375/p66-qwpdf38s-8.8	congenital aphantasias	congenital aphantasia	aphantasia	aphantasia
http://data.loterre.fr/ark:/67375/p66-qwpdf38s-8.9	defective revisualizatiions	defective revisualizatiion	aphantasia	aphantasia
http://data.loterre.fr/ark:/67375/p66-qwpdf38s-8.10	image generation process deficits	image generation process deficit	aphantasia	aphantasia
http://data.loterre.fr/ark:/67375/p66-qwpdf38s-8.11	visual irreminiscences	visual irreminiscence	aphantasia	aphantasia
http://data.loterre.fr/ark:/67375/p66-drps0tbc-h.2	false autobiographical beliefs	false autobiographical belief	false autobiographical belief	false_autobiographical_belief
http://data.loterre.fr/ark:/67375/p66-drps0tbc-h.3	induced false beliefs	induced false belief	false autobiographical belief	false_autobiographical_belief
http://data.loterre.fr/ark:/67375/p66-jzhw2nf2-g.3	intelligence	intelligence	intelligence	intelligence
http://data.loterre.fr/ark:/67375/p66-jzhw2nf2-g.4	intellectual abilities	intellectual ability	intelligence	intelligence
http://data.loterre.fr/ark:/67375/p66-jzhw2nf2-g.5	intellectual capabilities	intellectual capability	intelligence	intelligence
http://data.loterre.fr/ark:/67375/p66-jzhw2nf2-g.6	intellectual dispositions	intellectual disposition	intelligence	intelligence
http://data.loterre.fr/ark:/67375/p66-mtsl0lx7-3.1	cognitive reserves	cognitive reserve	cognitive reserve	cognitive_reserve
http://data.loterre.fr/ark:/67375/p66-n6qv4dtj-w.1	attentions	attention	attention	attention
http://data.loterre.fr/ark:/67375/p66-p3pc7cz3-d.6	memories	memory	memory	memory
http://data.loterre.fr/ark:/67375/p66-p3pc7cz3-d.7	memory dispositions	memory disposition	memory	memory
http://data.loterre.fr/ark:/67375/p66-p3pc7cz3-d.8	memory functions	memory function	memory	memory
http://data.loterre.fr/ark:/67375/p66-p3pc7cz3-d.9	memory systems	memory system	memory	memory
http://data.loterre.fr/ark:/67375/p66-p3pc7cz3-d.10	mnemonic functions	mnemonic function	memory	memory
http://data.loterre.fr/ark:/67375/p66-p3pc7cz3-d.11	mnesic functions	mnesic function	memory	memory
http://data.loterre.fr/ark:/67375/p66-r9dc7tzn-9.1	learnings	learning	learning	learning
http://data.loterre.fr/ark:/67375/p66-rn8l4f8q-9.2	theories of mind	theory of mind	theory of mind	theory_of_mind
http://data.loterre.fr/ark:/67375/p66-rn8l4f8q-9.3	mind reading	mind reading	theory of mind	theory_of_mind
http://data.loterre.fr/ark:/67375/p66-rn8l4f8q-9.4	mindreadings	mindreading	theory of mind	theory_of_mind
http://data.loterre.fr/ark:/67375/p66-t450wfpf-2.1	languages	language	language	language
http://data.loterre.fr/ark:/67375/p66-xv9rqqs0-9.2	mental representations	mental representation	mental representation	mental_representation
http://data.loterre.fr/ark:/67375/p66-xv9rqqs0-9.3	cognitive representations	cognitive representation	mental representation	mental_representation
http://data.loterre.fr/ark:/67375/p66-tmhzz0g7-f.2	embodied cognitions	embodied cognition	embodied cognition	embodied_cognition
http://data.loterre.fr/ark:/67375/p66-tmhzz0g7-f.3	embodiments	embodiment	embodied cognition	embodied_cognition
http://data.loterre.fr/ark:/67375/p66-kcj85pl3-0.3	recognition tasks	recognition task	recognition task	recognition_task
http://data.loterre.fr/ark:/67375/p66-kcj85pl3-0.4	recognition paradigms	recognition paradigm	recognition task	recognition_task
http://data.loterre.fr/ark:/67375/p66-kcj85pl3-0.5	recognition tests	recognition test	recognition task	recognition_task
http://data.loterre.fr/ark:/67375/p66-m1qjm17d-7.6	jost's law	jost's laws	jost's laws	josts_laws
http://data.loterre.fr/ark:/67375/p66-m1qjm17d-7.7	jost's memory law	jost's memory laws	jost's laws	josts_laws
http://data.loterre.fr/ark:/67375/p66-m1qjm17d-7.8	jost’s first laws	jost’s first law	jost's laws	josts_laws
http://data.loterre.fr/ark:/67375/p66-m1qjm17d-7.9	jost’s first memory laws	jost’s first memory law	jost's laws	josts_laws
http://data.loterre.fr/ark:/67375/p66-m1qjm17d-7.10	jost’s second laws	jost’s second law	jost's laws	josts_laws
http://data.loterre.fr/ark:/67375/p66-m1qjm17d-7.11	jost’s second memory laws	jost’s second memory law	jost's laws	josts_laws
http://data.loterre.fr/ark:/67375/p66-prjpctr5-5.2	storages	storage	storage	storage
http://data.loterre.fr/ark:/67375/p66-prjpctr5-5.3	trace storages	trace storage	storage	storage
http://data.loterre.fr/ark:/67375/p66-tlsbwwjv-b.1	familiarities	familiarity	familiarity	familiarity
http://data.loterre.fr/ark:/67375/p66-vc9twvj8-d.1	recognition memories	recognition memory	recognition memory	recognition_memory
http://data.loterre.fr/ark:/67375/p66-vdvmxxp9-c.3	signal detection theories	signal detection theory	signal detection theory	signal_detection_theory
http://data.loterre.fr/ark:/67375/p66-vdvmxxp9-c.4	sdts	sdt	signal detection theory	signal_detection_theory
http://data.loterre.fr/ark:/67375/p66-vdvmxxp9-c.5	signal detection models	signal detection model	signal detection theory	signal_detection_theory
http://data.loterre.fr/ark:/67375/p66-d9p5d68c-r.1	event clusters	event cluster	event cluster	event_cluster
http://data.loterre.fr/ark:/67375/p66-rvlp6984-t.0	event segmentation	event segmentation	event segmentation	event_segmentation
http://data.loterre.fr/ark:/67375/p66-rc6sjmdw-r.1	memory experiences questionnaires	memory experiences questionnaire	memory experiences questionnaire	memory_experiences_questionnaire
http://data.loterre.fr/ark:/67375/p66-xfmn6cn4-9.2	autographical memory characteristics questionnaires	autographical memory characteristics questionnaire	autographical memory characteristics questionnaire	autographical_memory_characteristics_questionnaire
http://data.loterre.fr/ark:/67375/p66-xfmn6cn4-9.3	amcqs	amcq	autographical memory characteristics questionnaire	autographical_memory_characteristics_questionnaire
http://data.loterre.fr/ark:/67375/p66-hvcnd953-r.1	memo tests	memo test	memo test	memo_test
http://data.loterre.fr/ark:/67375/p66-x1vxs02g-j.4	easterbrook's cue-utilization hypotheses	easterbrook's cue-utilization hypothesis	easterbrook's cue-utilization hypothesis	easterbrooks_cue_utilization_hypothesis
http://data.loterre.fr/ark:/67375/p66-x1vxs02g-j.5	easterbrook's hypotheses	easterbrook's hypothesis	easterbrook's cue-utilization hypothesis	easterbrooks_cue_utilization_hypothesis
http://data.loterre.fr/ark:/67375/p66-x1vxs02g-j.6	attentional narrowing hypotheses	attentional narrowing hypothesis	easterbrook's cue-utilization hypothesis	easterbrooks_cue_utilization_hypothesis
http://data.loterre.fr/ark:/67375/p66-x1vxs02g-j.7	cue-utilization hypotheses	cue-utilization hypothesis	easterbrook's cue-utilization hypothesis	easterbrooks_cue_utilization_hypothesis
http://data.loterre.fr/ark:/67375/p66-gzvm53sh-k.1	remembered utilities	remembered utility	remembered utility	remembered_utility
http://data.loterre.fr/ark:/67375/p66-kkj8hj4w-6.1	affective priming tasks	affective priming task	affective priming task	affective_priming_task
http://data.loterre.fr/ark:/67375/p66-h1hzt78h-c.2	don't remember/don't know paradigms	don't remember/don't know paradigm	don't remember/don't know paradigm	dont_remember_dont_know_paradigm
http://data.loterre.fr/ark:/67375/p66-h1hzt78h-c.3	dr/dk paradigms	dr/dk paradigm	don't remember/don't know paradigm	dont_remember_dont_know_paradigm
http://data.loterre.fr/ark:/67375/p66-j3f3bbgh-c.2	remember/know paradigms	remember/know paradigm	remember/know paradigm	remember_know_paradigm
http://data.loterre.fr/ark:/67375/p66-j3f3bbgh-c.3	r/k paradigms	r/k paradigm	remember/know paradigm	remember_know_paradigm
http://data.loterre.fr/ark:/67375/p66-kn71c2n1-w.2	tests of episodic memory for the autobiographical past	test of episodic memory for the autobiographical past	test of episodic memory for the autobiographical past	test_of_episodic_memory_for_the_autobiographical_past
http://data.loterre.fr/ark:/67375/p66-kn71c2n1-w.3	tempaus	tempau	test of episodic memory for the autobiographical past	test_of_episodic_memory_for_the_autobiographical_past
http://data.loterre.fr/ark:/67375/p66-ldm0kgh7-9.2	autobiographical recollection tests	autobiographical recollection test	autobiographical recollection test	autobiographical_recollection_test
http://data.loterre.fr/ark:/67375/p66-ldm0kgh7-9.3	arts	art	autobiographical recollection test	autobiographical_recollection_test
http://data.loterre.fr/ark:/67375/p66-v038pkgz-4.2	memory characteristics questionnaires	memory characteristics questionnaire	memory characteristics questionnaire	memory_characteristics_questionnaire
http://data.loterre.fr/ark:/67375/p66-v038pkgz-4.3	mcqs	mcq	memory characteristics questionnaire	memory_characteristics_questionnaire
http://data.loterre.fr/ark:/67375/p66-spvppv2r-w.5	selective constructions and preservation of experience theory	selective construction and preservation of experience theory	selective construction and preservation of experience theory	selective_construction_and_preservation_of_experience_theory
http://data.loterre.fr/ark:/67375/p66-spvppv2r-w.6	scape accounts	scape account	selective construction and preservation of experience theory	selective_construction_and_preservation_of_experience_theory
http://data.loterre.fr/ark:/67375/p66-spvppv2r-w.7	scape frameworks	scape framework	selective construction and preservation of experience theory	selective_construction_and_preservation_of_experience_theory
http://data.loterre.fr/ark:/67375/p66-spvppv2r-w.8	scape models	scape model	selective construction and preservation of experience theory	selective_construction_and_preservation_of_experience_theory
http://data.loterre.fr/ark:/67375/p66-spvppv2r-w.9	scape theories	scape theory	selective construction and preservation of experience theory	selective_construction_and_preservation_of_experience_theory
http://data.loterre.fr/ark:/67375/p66-bbt8k8s7-g.0	mental time travel	mental time travel	mental time travel	mental_time_travel
http://data.loterre.fr/ark:/67375/p66-cj5clf3f-5.5	field points of view	field point of view	field point of view	field_point_of_view
http://data.loterre.fr/ark:/67375/p66-cj5clf3f-5.6	field memories	field memory	field point of view	field_point_of_view
http://data.loterre.fr/ark:/67375/p66-cj5clf3f-5.7	field perspectives	field perspective	field point of view	field_point_of_view
http://data.loterre.fr/ark:/67375/p66-cj5clf3f-5.8	first-person perspectives	first-person perspective	field point of view	field_point_of_view
http://data.loterre.fr/ark:/67375/p66-cj5clf3f-5.9	own-eyes perspectives	own-eyes perspective	field point of view	field_point_of_view
http://data.loterre.fr/ark:/67375/p66-hs8rx9d6-t.0	memory distinctiveness	memory distinctiveness	memory distinctiveness	memory_distinctiveness
http://data.loterre.fr/ark:/67375/p66-m498r5zb-4.1	narrative coherence	narrative coherence	narrative coherence	narrative_coherence
http://data.loterre.fr/ark:/67375/p66-m498r5zb-4.2	autobiographical memory coherence	autobiographical memory coherence	narrative coherence	narrative_coherence
http://data.loterre.fr/ark:/67375/p66-m498r5zb-4.3	coherent autobiographical memories	coherent autobiographical memory	narrative coherence	narrative_coherence
http://data.loterre.fr/ark:/67375/p66-mzjxhvn9-n.2	noetic consciousnesses	noetic consciousness	noetic consciousness	noetic_consciousness
http://data.loterre.fr/ark:/67375/p66-mzjxhvn9-n.3	noetic awarenesses	noetic awareness	noetic consciousness	noetic_consciousness
http://data.loterre.fr/ark:/67375/p66-nlz8tqf6-1.3	autonoetic consciousnesses	autonoetic consciousness	autonoetic consciousness	autonoetic_consciousness
http://data.loterre.fr/ark:/67375/p66-nlz8tqf6-1.4	autonoeses	autonoesis	autonoetic consciousness	autonoetic_consciousness
http://data.loterre.fr/ark:/67375/p66-nlz8tqf6-1.5	autonoetic awarenesses	autonoetic awareness	autonoetic consciousness	autonoetic_consciousness
http://data.loterre.fr/ark:/67375/p66-rj25q3rf-s.4	observer points of view	observer point of view	observer point of view	observer_point_of_view
http://data.loterre.fr/ark:/67375/p66-rj25q3rf-s.5	observer memories	observer memory	observer point of view	observer_point_of_view
http://data.loterre.fr/ark:/67375/p66-rj25q3rf-s.6	observer perspectives	observer perspective	observer point of view	observer_point_of_view
http://data.loterre.fr/ark:/67375/p66-rj25q3rf-s.7	third-person perspectives	third-person perspective	observer point of view	observer_point_of_view
http://data.loterre.fr/ark:/67375/p66-rr3nplqw-p.1	chronesthesias	chronesthesia	chronesthesia	chronesthesia
http://data.loterre.fr/ark:/67375/p66-snghwjpg-v.2	phantom recollections	phantom recollection	phantom recollection	phantom_recollection
http://data.loterre.fr/ark:/67375/p66-snghwjpg-v.3	illusory recollections	illusory recollection	phantom recollection	phantom_recollection
http://data.loterre.fr/ark:/67375/p66-vbntf4k7-n.1	anoetic consciousnesses	anoetic consciousness	anoetic consciousness	anoetic_consciousness
http://data.loterre.fr/ark:/67375/p66-w2mhdgtb-7.0	memory vividness	memory vividness	memory vividness	memory_vividness
http://data.loterre.fr/ark:/67375/p66-w2mhdgtb-7.1	vividness	vividness	memory vividness	memory_vividness
http://data.loterre.fr/ark:/67375/p66-xbk7q5xl-7.2	recollections	recollection	recollection	recollection
http://data.loterre.fr/ark:/67375/p66-xbk7q5xl-7.3	recollective experiences	recollective experience	recollection	recollection
http://data.loterre.fr/ark:/67375/p66-cdm73tzp-v.2	metamemory judgments	metamemory judgment	metamemory judgment	metamemory_judgment
http://data.loterre.fr/ark:/67375/p66-cdm73tzp-v.3	metamemorial judgments	metamemorial judgment	metamemory judgment	metamemory_judgment
http://data.loterre.fr/ark:/67375/p66-kkkb7llj-z.2	sources monitoring framework	source monitoring framework	source monitoring framework	source_monitoring_framework
http://data.loterre.fr/ark:/67375/p66-kkkb7llj-z.3	smfs	smf	source monitoring framework	source_monitoring_framework
http://data.loterre.fr/ark:/67375/p66-rgfwplnw-k.1	metamemories	metamemory	metamemory	metamemory
http://data.loterre.fr/ark:/67375/p66-d19s6sfv-b.1	prototypes	prototype	prototype	prototype
http://data.loterre.fr/ark:/67375/p66-g355r5hb-t.2	categorizations	categorization	categorization	categorization
http://data.loterre.fr/ark:/67375/p66-g355r5hb-t.3	classifications	classification	categorization	categorization
http://data.loterre.fr/ark:/67375/p66-l02857lc-7.11	semantic memories	semantic memory	semantic memory	semantic_memory
http://data.loterre.fr/ark:/67375/p66-l02857lc-7.12	conceptual knowledges	conceptual knowledge	semantic memory	semantic_memory
http://data.loterre.fr/ark:/67375/p66-l02857lc-7.13	conceptual memories	conceptual memory	semantic memory	semantic_memory
http://data.loterre.fr/ark:/67375/p66-l02857lc-7.14	conceptual systems	conceptual system	semantic memory	semantic_memory
http://data.loterre.fr/ark:/67375/p66-l02857lc-7.15	decontextualized memories	decontextualized memory	semantic memory	semantic_memory
http://data.loterre.fr/ark:/67375/p66-l02857lc-7.16	general knowledges	general knowledge	semantic memory	semantic_memory
http://data.loterre.fr/ark:/67375/p66-l02857lc-7.17	generic memories	generic memory	semantic memory	semantic_memory
http://data.loterre.fr/ark:/67375/p66-l02857lc-7.18	propositional memories	propositional memory	semantic memory	semantic_memory
http://data.loterre.fr/ark:/67375/p66-l02857lc-7.19	semantic cognitions	semantic cognition	semantic memory	semantic_memory
http://data.loterre.fr/ark:/67375/p66-l02857lc-7.20	semantic knowledges	semantic knowledge	semantic memory	semantic_memory
http://data.loterre.fr/ark:/67375/p66-l02857lc-7.21	semantic representations	semantic representation	semantic memory	semantic_memory
http://data.loterre.fr/ark:/67375/p66-v3v0z7b2-r.1	concepts	concept	concept	concept
http://data.loterre.fr/ark:/67375/p66-jk6sbs9m-3.1	semantic networks	semantic network	semantic network	semantic_network
http://data.loterre.fr/ark:/67375/p66-dp4nmt2l-9.8	episodic memories	episodic memory	episodic memory	episodic_memory
http://data.loterre.fr/ark:/67375/p66-dp4nmt2l-9.9	www memories	www memory	episodic memory	episodic_memory
http://data.loterre.fr/ark:/67375/p66-dp4nmt2l-9.10	contextualized memories	contextualized memory	episodic memory	episodic_memory
http://data.loterre.fr/ark:/67375/p66-dp4nmt2l-9.11	episodic autobiographical memories	episodic autobiographical memory	episodic memory	episodic_memory
http://data.loterre.fr/ark:/67375/p66-dp4nmt2l-9.12	episodic-like memories	episodic-like memory	episodic memory	episodic_memory
http://data.loterre.fr/ark:/67375/p66-dp4nmt2l-9.13	event memories	event memory	episodic memory	episodic_memory
http://data.loterre.fr/ark:/67375/p66-dp4nmt2l-9.14	experiential memories	experiential memory	episodic memory	episodic_memory
http://data.loterre.fr/ark:/67375/p66-dp4nmt2l-9.15	recollective memories	recollective memory	episodic memory	episodic_memory
http://data.loterre.fr/ark:/67375/p66-j4t8z01f-w.1	primes	prime	prime	prime
http://data.loterre.fr/ark:/67375/p66-lkf7pkb0-6.0	nonsense syllables	nonsense syllables	nonsense syllables	nonsense_syllables
http://data.loterre.fr/ark:/67375/p66-mnl7240b-h.1	reinforcers	reinforcer	reinforcer	reinforcer
http://data.loterre.fr/ark:/67375/p66-tvqc4csx-5.3	distractors	distractor	distractor	distractor
http://data.loterre.fr/ark:/67375/p66-tvqc4csx-5.4	foils	foil	distractor	distractor
http://data.loterre.fr/ark:/67375/p66-tvqc4csx-5.5	lures	lure	distractor	distractor
http://data.loterre.fr/ark:/67375/p66-qp09ht4x-7.1	cells	cell	cell	cell
http://data.loterre.fr/ark:/67375/p66-t0lmm8ft-m.1	organs	organ	organ	organ
http://data.loterre.fr/ark:/67375/p66-flcswjn7-5.3	brain-derived neurotrophic factors	brain-derived neurotrophic factor	brain-derived neurotrophic factor	brain_derived_neurotrophic_factor
http://data.loterre.fr/ark:/67375/p66-flcswjn7-5.4	bdnfs	bdnf	brain-derived neurotrophic factor	brain_derived_neurotrophic_factor
http://data.loterre.fr/ark:/67375/p66-flcswjn7-5.5	abrineurins	abrineurin	brain-derived neurotrophic factor	brain_derived_neurotrophic_factor
http://data.loterre.fr/ark:/67375/p66-jhmv0s1k-g.4	creb factors	creb factor	creb factor	creb_factor
http://data.loterre.fr/ark:/67375/p66-jhmv0s1k-g.5	creb binding proteins	creb binding protein	creb factor	creb_factor
http://data.loterre.fr/ark:/67375/p66-jhmv0s1k-g.6	creb proteins	creb protein	creb factor	creb_factor
http://data.loterre.fr/ark:/67375/p66-jhmv0s1k-g.7	camp response element-binding factors	camp response element-binding factor	creb factor	creb_factor
http://data.loterre.fr/ark:/67375/p66-w928h8cg-5.1	c-foses	c-fos	c-fos	c_fos
http://data.loterre.fr/ark:/67375/p66-hzfgllct-f.1	human organisms	human organism	human organism	human_organism
http://data.loterre.fr/ark:/67375/p66-r3jzhq7f-f.2	acetylcholines	acetylcholine	acetylcholine	acetylcholine
http://data.loterre.fr/ark:/67375/p66-r3jzhq7f-f.3	aches	ach	acetylcholine	acetylcholine
http://data.loterre.fr/ark:/67375/p66-t0cv2hj4-j.1	glutamate	glutamate	glutamate	glutamate
http://data.loterre.fr/ark:/67375/p66-t0cv2hj4-j.2	glutamic acids	glutamic acid	glutamate	glutamate
http://data.loterre.fr/ark:/67375/p66-d407tvnr-r.2	immediate early genes	immediate early gene	immediate early gene	immediate_early_gene
http://data.loterre.fr/ark:/67375/p66-d407tvnr-r.3	iegs	ieg	immediate early gene	immediate_early_gene
http://data.loterre.fr/ark:/67375/p66-tbv9nl3q-s.1	kibra genes	kibra gene	kibra gene	kibra_gene
http://data.loterre.fr/ark:/67375/p66-csrhj6rb-5.1	phosphatases	phosphatase	phosphatase	phosphatase
http://data.loterre.fr/ark:/67375/p66-kq45w2s2-4.1	protein kinases	protein kinase	protein kinase	protein_kinase
http://data.loterre.fr/ark:/67375/p66-b1xq3jl0-1.3	reaction times	reaction time	reaction time	reaction_time
http://data.loterre.fr/ark:/67375/p66-b1xq3jl0-1.4	response latencies	response latency	reaction time	reaction_time
http://data.loterre.fr/ark:/67375/p66-b1xq3jl0-1.5	response times	response time	reaction time	reaction_time
http://data.loterre.fr/ark:/67375/p66-b53h4z21-5.2	pattern completions	pattern completion	pattern completion	pattern_completion
http://data.loterre.fr/ark:/67375/p66-b53h4z21-5.3	deblurrings	deblurring	pattern completion	pattern_completion
http://data.loterre.fr/ark:/67375/p66-b5gmr3b8-h.2	neurons	neuron	neuron	neuron
http://data.loterre.fr/ark:/67375/p66-b5gmr3b8-h.3	nerve cells	nerve cell	neuron	neuron
http://data.loterre.fr/ark:/67375/p66-bl8nt4m5-q.1	mnemonic discriminations	mnemonic discrimination	mnemonic discrimination	mnemonic_discrimination
http://data.loterre.fr/ark:/67375/p66-bm4vzw20-5.1	objective study methods of memory	objective study method of memory	objective study method of memory	objective_study_method_of_memory
http://data.loterre.fr/ark:/67375/p66-bx50h77t-w.8	connectionist models	connectionist model	connectionist model	connectionist_model
http://data.loterre.fr/ark:/67375/p66-bx50h77t-w.9	ann models	ann model	connectionist model	connectionist_model
http://data.loterre.fr/ark:/67375/p66-bx50h77t-w.10	artifical neural network models	artifical neural network model	connectionist model	connectionist_model
http://data.loterre.fr/ark:/67375/p66-bx50h77t-w.11	connectionisms	connectionism	connectionist model	connectionist_model
http://data.loterre.fr/ark:/67375/p66-bx50h77t-w.12	connectionist networks	connectionist network	connectionist model	connectionist_model
http://data.loterre.fr/ark:/67375/p66-bx50h77t-w.13	formal neural network models	formal neural network model	connectionist model	connectionist_model
http://data.loterre.fr/ark:/67375/p66-bx50h77t-w.14	neoconnectionisms	neoconnectionism	connectionist model	connectionist_model
http://data.loterre.fr/ark:/67375/p66-bx50h77t-w.15	neural network models	neural network model	connectionist model	connectionist_model
http://data.loterre.fr/ark:/67375/p66-bx50h77t-w.16	parallel distributed processing	parallel distributed processing	connectionist model	connectionist_model
http://data.loterre.fr/ark:/67375/p66-c2j3rxtz-h.1	non-associative learnings	non-associative learning	non-associative learning	non_associative_learning
http://data.loterre.fr/ark:/67375/p66-c2jh69x6-1.1	n2 posterior contralateral components	n2 posterior contralateral component	n2 posterior contralateral component	n2_posterior_contralateral_component
http://data.loterre.fr/ark:/67375/p66-c2jh69x6-1.2	n2pc	n2pc	n2 posterior contralateral component	n2_posterior_contralateral_component
http://data.loterre.fr/ark:/67375/p66-c98cq8qn-z.1	place cells	place cell	place cell	place_cell
http://data.loterre.fr/ark:/67375/p66-ccvnnrqd-m.2	deferred imitation tasks	deferred imitation task	deferred imitation task	deferred_imitation_task
http://data.loterre.fr/ark:/67375/p66-ccvnnrqd-m.3	deferred imitations	deferred imitation	deferred imitation task	deferred_imitation_task
http://data.loterre.fr/ark:/67375/p66-ch380sjh-8.3	hiper models	hiper model	hiper model	hiper_model
http://data.loterre.fr/ark:/67375/p66-ch380sjh-8.4	hipers	hiper	hiper model	hiper_model
http://data.loterre.fr/ark:/67375/p66-ch380sjh-8.5	hippocampal encoding/retrieval models	hippocampal encoding/retrieval model	hiper model	hiper_model
http://data.loterre.fr/ark:/67375/p66-ckqtz5sm-j.2	contextual memories	contextual memory	contextual memory	contextual_memory
http://data.loterre.fr/ark:/67375/p66-ckqtz5sm-j.3	context memories	context memory	contextual memory	contextual_memory
http://data.loterre.fr/ark:/67375/p66-ct8nqp8k-r.2	optogenetic	optogenetics	optogenetics	optogenetics
http://data.loterre.fr/ark:/67375/p66-ct8nqp8k-r.3	optogenetic stimulations	optogenetic stimulation	optogenetics	optogenetics
http://data.loterre.fr/ark:/67375/p66-cv4lxnzn-n.3	variable interval schedules of reinforcement	variable interval schedule of reinforcement	variable interval schedule of reinforcement	variable_interval_schedule_of_reinforcement
http://data.loterre.fr/ark:/67375/p66-cv4lxnzn-n.4	variable interval reinforcement schedules	variable interval reinforcement schedule	variable interval schedule of reinforcement	variable_interval_schedule_of_reinforcement
http://data.loterre.fr/ark:/67375/p66-cv4lxnzn-n.5	variable interval schedules	variable interval schedule	variable interval schedule of reinforcement	variable_interval_schedule_of_reinforcement
http://data.loterre.fr/ark:/67375/p66-d122lrnd-d.1	visual memories	visual memory	visual memory	visual_memory
http://data.loterre.fr/ark:/67375/p66-d27l9nlc-8.0	mammillary body	mammillary bodies	mammillary bodies	mammillary_bodies
http://data.loterre.fr/ark:/67375/p66-d27l9nlc-8.1	mammillary bodies	mammillary body	mammillary bodies	mammillary_bodies
http://data.loterre.fr/ark:/67375/p66-d445nrm4-5.1	medial temporal lobes	medial temporal lobe	medial temporal lobe	medial_temporal_lobe
http://data.loterre.fr/ark:/67375/p66-djd1kl0c-5.0	forward conditioning	forward conditioning	forward conditioning	forward_conditioning
http://data.loterre.fr/ark:/67375/p66-f1hg1zmr-d.2	silent engrams	silent engram	silent engram	silent_engram
http://data.loterre.fr/ark:/67375/p66-f1hg1zmr-d.3	silent memory engrams	silent memory engram	silent engram	silent_engram
http://data.loterre.fr/ark:/67375/p66-f3r6hdd2-z.1	protein kinase mζ	protein kinase mζ	protein kinase mζ	protein_kinase_mζ
http://data.loterre.fr/ark:/67375/p66-f3r6hdd2-z.2	pkmζs	pkmζ	protein kinase mζ	protein_kinase_mζ
http://data.loterre.fr/ark:/67375/p66-f3r6hdd2-z.3	protein kinase m zeta	protein kinase m zeta	protein kinase mζ	protein_kinase_mζ
http://data.loterre.fr/ark:/67375/p66-fbxsvc7n-l.1	neurophysiological methods	neurophysiological method	neurophysiological method	neurophysiological_method
http://data.loterre.fr/ark:/67375/p66-fj1l5npx-6.1	reconsolidations	reconsolidation	reconsolidation	reconsolidation
http://data.loterre.fr/ark:/67375/p66-fpm2r438-g.1	laws of effect	law of effect	law of effect	law_of_effect
http://data.loterre.fr/ark:/67375/p66-fr1vgsjn-q.4	encoding	encoding	encoding	encoding
http://data.loterre.fr/ark:/67375/p66-fr1vgsjn-q.5	acquisitions of memory	acquisition of memory	encoding	encoding
http://data.loterre.fr/ark:/67375/p66-fr1vgsjn-q.6	coding	coding	encoding	encoding
http://data.loterre.fr/ark:/67375/p66-fr1vgsjn-q.7	memory acquisitions	memory acquisition	encoding	encoding
http://data.loterre.fr/ark:/67375/p66-fr1vgsjn-q.8	memory formations	memory formation	encoding	encoding
http://data.loterre.fr/ark:/67375/p66-fr1vgsjn-q.9	trace formations	trace formation	encoding	encoding
http://data.loterre.fr/ark:/67375/p66-g2r5tqrr-m.1	paradoxical sleep	paradoxical sleep	paradoxical sleep	paradoxical_sleep
http://data.loterre.fr/ark:/67375/p66-g2r5tqrr-m.2	rems	rem	paradoxical sleep	paradoxical_sleep
http://data.loterre.fr/ark:/67375/p66-g2r5tqrr-m.3	rem sleep	rem sleep	paradoxical sleep	paradoxical_sleep
http://data.loterre.fr/ark:/67375/p66-g2r5tqrr-m.4	rapid eye movement sleep	rapid eye movement sleep	paradoxical sleep	paradoxical_sleep
http://data.loterre.fr/ark:/67375/p66-g4cv58rj-c.7	engrams	engram	engram	engram
http://data.loterre.fr/ark:/67375/p66-g4cv58rj-c.8	memory engrams	memory engram	engram	engram
http://data.loterre.fr/ark:/67375/p66-g4cv58rj-c.9	memory traces	memory trace	engram	engram
http://data.loterre.fr/ark:/67375/p66-g4cv58rj-c.10	mnemes	mneme	engram	engram
http://data.loterre.fr/ark:/67375/p66-g4cv58rj-c.11	mnemonic traces	mnemonic trace	engram	engram
http://data.loterre.fr/ark:/67375/p66-g4cv58rj-c.12	mnesic traces	mnesic trace	engram	engram
http://data.loterre.fr/ark:/67375/p66-g4cv58rj-c.13	neurograms	neurogram	engram	engram
http://data.loterre.fr/ark:/67375/p66-g4t4v894-v.4	engram cells	engram cell	engram cell	engram_cell
http://data.loterre.fr/ark:/67375/p66-g4t4v894-v.5	cellular engrams	cellular engram	engram cell	engram_cell
http://data.loterre.fr/ark:/67375/p66-g4t4v894-v.6	engram neurons	engram neuron	engram cell	engram_cell
http://data.loterre.fr/ark:/67375/p66-g4t4v894-v.7	memory engram cells	memory engram cell	engram cell	engram_cell
http://data.loterre.fr/ark:/67375/p66-gldmmhp5-s.2	ratio schedules of reinforcement	ratio schedule of reinforcement	ratio schedule of reinforcement	ratio_schedule_of_reinforcement
http://data.loterre.fr/ark:/67375/p66-gldmmhp5-s.3	ratio reinforcement schedules	ratio reinforcement schedule	ratio schedule of reinforcement	ratio_schedule_of_reinforcement
http://data.loterre.fr/ark:/67375/p66-gx6hmvk5-l.1	phyletic memories	phyletic memory	phyletic memory	phyletic_memory
http://data.loterre.fr/ark:/67375/p66-h3tfl1mj-t.5	ventral parietal cortexes	ventral parietal cortex	ventral parietal cortex	ventral_parietal_cortex
http://data.loterre.fr/ark:/67375/p66-h3tfl1mj-t.6	vpcs	vpc	ventral parietal cortex	ventral_parietal_cortex
http://data.loterre.fr/ark:/67375/p66-h3tfl1mj-t.7	inferior parietal lobules	inferior parietal lobule	ventral parietal cortex	ventral_parietal_cortex
http://data.loterre.fr/ark:/67375/p66-h3tfl1mj-t.8	ventral inferior parietal lobules	ventral inferior parietal lobule	ventral parietal cortex	ventral_parietal_cortex
http://data.loterre.fr/ark:/67375/p66-h3tfl1mj-t.9	ventral posterior parietal cortexes	ventral posterior parietal cortex	ventral parietal cortex	ventral_parietal_cortex
http://data.loterre.fr/ark:/67375/p66-hbt2lq4s-n.1	latent learnings	latent learning	latent learning	latent_learning
http://data.loterre.fr/ark:/67375/p66-hd257sdh-x.2	variable ratio schedules of reinforcement	variable ratio schedule of reinforcement	variable ratio schedule of reinforcement	variable_ratio_schedule_of_reinforcement
http://data.loterre.fr/ark:/67375/p66-hd257sdh-x.3	variable-ratio schedules	variable-ratio schedule	variable ratio schedule of reinforcement	variable_ratio_schedule_of_reinforcement
http://data.loterre.fr/ark:/67375/p66-hldthx3h-1.3	temporal memories	temporal memory	temporal memory	temporal_memory
http://data.loterre.fr/ark:/67375/p66-hldthx3h-1.4	temporal order memories	temporal order memory	temporal memory	temporal_memory
http://data.loterre.fr/ark:/67375/p66-hldthx3h-1.5	time memories	time memory	temporal memory	temporal_memory
http://data.loterre.fr/ark:/67375/p66-hpzmxkw8-t.1	principles of mass action	principle of mass action	principle of mass action	principle_of_mass_action
http://data.loterre.fr/ark:/67375/p66-j0mj14l2-8.1	brain fasciculi	brain fasciculus	brain fasciculus	brain_fasciculus
http://data.loterre.fr/ark:/67375/p66-j39hhj6n-2.1	grid cells	grid cell	grid cell	grid_cell
http://data.loterre.fr/ark:/67375/p66-j50rfjjp-m.2	transcranial magnetic stimulations	transcranial magnetic stimulation	transcranial magnetic stimulation	transcranial_magnetic_stimulation
http://data.loterre.fr/ark:/67375/p66-j50rfjjp-m.3	tmses	tms	transcranial magnetic stimulation	transcranial_magnetic_stimulation
http://data.loterre.fr/ark:/67375/p66-j5qwxq4r-s.1	atypical protein kinases c	atypical protein kinase c	atypical protein kinase c	atypical_protein_kinase_c
http://data.loterre.fr/ark:/67375/p66-j5qwxq4r-s.2	apkc	apkc	atypical protein kinase c	atypical_protein_kinase_c
http://data.loterre.fr/ark:/67375/p66-j70pvz57-z.1	active systems consolidation hypotheses	active systems consolidation hypothesis	active systems consolidation hypothesis	active_systems_consolidation_hypothesis
http://data.loterre.fr/ark:/67375/p66-j7p6ztdt-6.2	brain lobes	brain lobe	brain lobe	brain_lobe
http://data.loterre.fr/ark:/67375/p66-j7p6ztdt-6.3	lobes of the brain	lobe of the brain	brain lobe	brain_lobe
http://data.loterre.fr/ark:/67375/p66-j8fc45m1-6.8	long-term memories	long-term memory	long-term memory	long_term_memory
http://data.loterre.fr/ark:/67375/p66-j8fc45m1-6.9	ltms	ltm	long-term memory	long_term_memory
http://data.loterre.fr/ark:/67375/p66-j8fc45m1-6.10	delayed memories	delayed memory	long-term memory	long_term_memory
http://data.loterre.fr/ark:/67375/p66-j8fc45m1-6.11	long-term retention	long-term retention	long-term memory	long_term_memory
http://data.loterre.fr/ark:/67375/p66-j8fc45m1-6.12	long-term storages	long-term storage	long-term memory	long_term_memory
http://data.loterre.fr/ark:/67375/p66-j8fc45m1-6.13	long-term stores	long-term store	long-term memory	long_term_memory
http://data.loterre.fr/ark:/67375/p66-j8fc45m1-6.14	permanent memories	permanent memory	long-term memory	long_term_memory
http://data.loterre.fr/ark:/67375/p66-j8fc45m1-6.15	remote memories	remote memory	long-term memory	long_term_memory
http://data.loterre.fr/ark:/67375/p66-j8fc45m1-6.16	secondary memories	secondary memory	long-term memory	long_term_memory
http://data.loterre.fr/ark:/67375/p66-jgrtpfjq-s.3	face memories	face memory	face memory	face_memory
http://data.loterre.fr/ark:/67375/p66-jgrtpfjq-s.4	facial memories	facial memory	face memory	face_memory
http://data.loterre.fr/ark:/67375/p66-jgrtpfjq-s.5	memories for faces	memory for faces	face memory	face_memory
http://data.loterre.fr/ark:/67375/p66-jjjrfdfc-s.2	pattern separations	pattern separation	pattern separation	pattern_separation
http://data.loterre.fr/ark:/67375/p66-jjjrfdfc-s.3	memory separations	memory separation	pattern separation	pattern_separation
http://data.loterre.fr/ark:/67375/p66-jphpphkk-7.1	chunkings	chunking	chunking	chunking
http://data.loterre.fr/ark:/67375/p66-jq26jgb6-d.2	schedules of reinforcement	schedule of reinforcement	schedule of reinforcement	schedule_of_reinforcement
http://data.loterre.fr/ark:/67375/p66-jq26jgb6-d.3	reinforcement schedules	reinforcement schedule	schedule of reinforcement	schedule_of_reinforcement
http://data.loterre.fr/ark:/67375/p66-jq343cbv-s.6	false memories	false memory	false memory	false_memory
http://data.loterre.fr/ark:/67375/p66-jq343cbv-s.7	false rememberings	false remembering	false memory	false_memory
http://data.loterre.fr/ark:/67375/p66-jq343cbv-s.8	memory distortions	memory distortion	false memory	false_memory
http://data.loterre.fr/ark:/67375/p66-jq343cbv-s.9	memory errors	memory error	false memory	false_memory
http://data.loterre.fr/ark:/67375/p66-jq343cbv-s.10	memory illusions	memory illusion	false memory	false_memory
http://data.loterre.fr/ark:/67375/p66-jq343cbv-s.11	misrememberings	misremembering	false memory	false_memory
http://data.loterre.fr/ark:/67375/p66-k7x9k20c-6.1	associative blockings	associative blocking	associative blocking	associative_blocking
http://data.loterre.fr/ark:/67375/p66-khrwns4w-q.3	frontal lobes	frontal lobe	frontal lobe	frontal_lobe
http://data.loterre.fr/ark:/67375/p66-khrwns4w-q.4	frontal cortexes	frontal cortex	frontal lobe	frontal_lobe
http://data.loterre.fr/ark:/67375/p66-khrwns4w-q.5	frontal regions	frontal region	frontal lobe	frontal_lobe
http://data.loterre.fr/ark:/67375/p66-kl3vt2tp-j.1	brain networks	brain network	brain network	brain_network
http://data.loterre.fr/ark:/67375/p66-kp127v63-w.2	inhibitions	inhibition	inhibition	inhibition
http://data.loterre.fr/ark:/67375/p66-kp127v63-w.3	suppressions	suppression	inhibition	inhibition
http://data.loterre.fr/ark:/67375/p66-kplmjl6h-z.1	far transfers	far transfer	far transfer	far_transfer
http://data.loterre.fr/ark:/67375/p66-kqslwcn0-6.1	negative transfers	negative transfer	negative transfer	negative_transfer
http://data.loterre.fr/ark:/67375/p66-l0qt15f8-g.2	proactive interferences	proactive interference	proactive interference	proactive_interference
http://data.loterre.fr/ark:/67375/p66-l0qt15f8-g.3	proactive inhibitions	proactive inhibition	proactive interference	proactive_interference
http://data.loterre.fr/ark:/67375/p66-l24dshb5-d.2	retroactive interferences	retroactive interference	retroactive interference	retroactive_interference
http://data.loterre.fr/ark:/67375/p66-l24dshb5-d.3	retroactive inhibitions	retroactive inhibition	retroactive interference	retroactive_interference
http://data.loterre.fr/ark:/67375/p66-l63h1fx6-6.1	reinforcements	reinforcement	reinforcement	reinforcement
http://data.loterre.fr/ark:/67375/p66-l74qnbrz-t.3	papez circuits	papez circuit	papez circuit	papez_circuit
http://data.loterre.fr/ark:/67375/p66-l74qnbrz-t.4	papez-jakob circuits	papez-jakob circuit	papez circuit	papez_circuit
http://data.loterre.fr/ark:/67375/p66-l74qnbrz-t.5	medial limbic circuits	medial limbic circuit	papez circuit	papez_circuit
http://data.loterre.fr/ark:/67375/p66-l89csm8b-t.2	ventrolateral prefrontal cortexes	ventrolateral prefrontal cortex	ventrolateral prefrontal cortex	ventrolateral_prefrontal_cortex
http://data.loterre.fr/ark:/67375/p66-l89csm8b-t.3	vlpfcs	vlpfc	ventrolateral prefrontal cortex	ventrolateral_prefrontal_cortex
http://data.loterre.fr/ark:/67375/p66-lch276bw-0.1	bayesian models	bayesian model	bayesian model	bayesian_model
http://data.loterre.fr/ark:/67375/p66-lfs6bb48-d.2	interval schedules of reinforcement	interval schedule of reinforcement	interval schedule of reinforcement	interval_schedule_of_reinforcement
http://data.loterre.fr/ark:/67375/p66-lfs6bb48-d.3	interval reinforcement schedules	interval reinforcement schedule	interval schedule of reinforcement	interval_schedule_of_reinforcement
http://data.loterre.fr/ark:/67375/p66-lhcmp0ll-q.2	synaptic consolidations	synaptic consolidation	synaptic consolidation	synaptic_consolidation
http://data.loterre.fr/ark:/67375/p66-lhcmp0ll-q.3	cellular consolidations	cellular consolidation	synaptic consolidation	synaptic_consolidation
http://data.loterre.fr/ark:/67375/p66-m32jmlqm-4.3	perirhinal cortexes	perirhinal cortex	perirhinal cortex	perirhinal_cortex
http://data.loterre.fr/ark:/67375/p66-m32jmlqm-4.4	brodmann areas 35	brodmann area 35	perirhinal cortex	perirhinal_cortex
http://data.loterre.fr/ark:/67375/p66-m32jmlqm-4.5	perirhinal areas 35	perirhinal area 35	perirhinal cortex	perirhinal_cortex
http://data.loterre.fr/ark:/67375/p66-m69w6z9b-3.0	associative learning	associative learning	associative learning	associative_learning
http://data.loterre.fr/ark:/67375/p66-mhr6nc5z-5.1	cingulate cortexes	cingulate cortex	cingulate cortex	cingulate_cortex
http://data.loterre.fr/ark:/67375/p66-mxt825s2-j.1	activity-silent working memories	activity-silent working memory	activity-silent working memory	activity_silent_working_memory
http://data.loterre.fr/ark:/67375/p66-mzp94wl9-j.1	electroencephalographies	electroencephalography	electroencephalography	electroencephalography
http://data.loterre.fr/ark:/67375/p66-mzp94wl9-j.2	eeg	eeg	electroencephalography	electroencephalography
http://data.loterre.fr/ark:/67375/p66-mzwbhs67-5.4	intermittent schedules of reinforcement	intermittent schedule of reinforcement	intermittent schedule of reinforcement	intermittent_schedule_of_reinforcement
http://data.loterre.fr/ark:/67375/p66-mzwbhs67-5.5	intermittent reinforcement schedules	intermittent reinforcement schedule	intermittent schedule of reinforcement	intermittent_schedule_of_reinforcement
http://data.loterre.fr/ark:/67375/p66-mzwbhs67-5.6	partial reinforcement schedules	partial reinforcement schedule	intermittent schedule of reinforcement	intermittent_schedule_of_reinforcement
http://data.loterre.fr/ark:/67375/p66-mzwbhs67-5.7	partial schedules of reinforcement	partial schedule of reinforcement	intermittent schedule of reinforcement	intermittent_schedule_of_reinforcement
http://data.loterre.fr/ark:/67375/p66-mzzppxm0-s.4	medial prefrontal cortexes	medial prefrontal cortex	medial prefrontal cortex	medial_prefrontal_cortex
http://data.loterre.fr/ark:/67375/p66-mzzppxm0-s.5	mpfcs	mpfc	medial prefrontal cortex	medial_prefrontal_cortex
http://data.loterre.fr/ark:/67375/p66-mzzppxm0-s.6	ventromedial prefrontal cortexes	ventromedial prefrontal cortex	medial prefrontal cortex	medial_prefrontal_cortex
http://data.loterre.fr/ark:/67375/p66-mzzppxm0-s.7	vmpfcs	vmpfc	medial prefrontal cortex	medial_prefrontal_cortex
http://data.loterre.fr/ark:/67375/p66-n8dw5k8d-9.1	transfers	transfer	transfer	transfer
http://data.loterre.fr/ark:/67375/p66-ndz0qrsv-5.3	anterior cingulate cortexes	anterior cingulate cortex	anterior cingulate cortex	anterior_cingulate_cortex
http://data.loterre.fr/ark:/67375/p66-ndz0qrsv-5.4	accs	acc	anterior cingulate cortex	anterior_cingulate_cortex
http://data.loterre.fr/ark:/67375/p66-ndz0qrsv-5.5	gray matters of anterior cingulate gyrus	gray matter of anterior cingulate gyrus	anterior cingulate cortex	anterior_cingulate_cortex
http://data.loterre.fr/ark:/67375/p66-ngw4pjpz-5.1	perceptual learnings	perceptual learning	perceptual learning	perceptual_learning
http://data.loterre.fr/ark:/67375/p66-nl0pp8pz-d.1	recodings	recoding	recoding	recoding
http://data.loterre.fr/ark:/67375/p66-nm0lx0t4-w.4	dorsolateral prefrontal cortexes	dorsolateral prefrontal cortex	dorsolateral prefrontal cortex	dorsolateral_prefrontal_cortex
http://data.loterre.fr/ark:/67375/p66-nm0lx0t4-w.5	dl-pfcs	dl-pfc	dorsolateral prefrontal cortex	dorsolateral_prefrontal_cortex
http://data.loterre.fr/ark:/67375/p66-nm0lx0t4-w.6	dlpfcs	dlpfc	dorsolateral prefrontal cortex	dorsolateral_prefrontal_cortex
http://data.loterre.fr/ark:/67375/p66-nm0lx0t4-w.7	dorsal lateral prefrontal cortexes	dorsal lateral prefrontal cortex	dorsolateral prefrontal cortex	dorsolateral_prefrontal_cortex
http://data.loterre.fr/ark:/67375/p66-nz9kr4rw-z.1	yerkes-dodson's laws	yerkes-dodson's law	yerkes-dodson's law	yerkes_dodsons_law
http://data.loterre.fr/ark:/67375/p66-p03sx7j0-0.1	feedforward neural networks	feedforward neural network	feedforward neural network	feedforward_neural_network
http://data.loterre.fr/ark:/67375/p66-pllk6nvv-z.3	prefrontal cortexes	prefrontal cortex	prefrontal cortex	prefrontal_cortex
http://data.loterre.fr/ark:/67375/p66-pllk6nvv-z.4	cortex associatif préfrontals	cortex associatif préfrontal	prefrontal cortex	prefrontal_cortex
http://data.loterre.fr/ark:/67375/p66-pllk6nvv-z.5	prefrontal association cortexes	prefrontal association cortex	prefrontal cortex	prefrontal_cortex
http://data.loterre.fr/ark:/67375/p66-pq15xndv-b.0	simultaneous conditioning	simultaneous conditioning	simultaneous conditioning	simultaneous_conditioning
http://data.loterre.fr/ark:/67375/p66-q35qwjjt-g.0	second-order conditioning	second-order conditioning	second-order conditioning	second_order_conditioning
http://data.loterre.fr/ark:/67375/p66-q35qwjjt-g.1	higher-order conditioning	higher-order conditioning	second-order conditioning	second_order_conditioning
http://data.loterre.fr/ark:/67375/p66-q591rxqt-b.1	positive transfers	positive transfer	positive transfer	positive_transfer
http://data.loterre.fr/ark:/67375/p66-qc5vskjv-h.1	near transfers	near transfer	near transfer	near_transfer
http://data.loterre.fr/ark:/67375/p66-qxwd8zsb-9.1	brains	brain	brain	brain
http://data.loterre.fr/ark:/67375/p66-qzrtl2b1-9.8	short-term memories	short-term memory	short-term memory	short_term_memory
http://data.loterre.fr/ark:/67375/p66-qzrtl2b1-9.9	stms	stm	short-term memory	short_term_memory
http://data.loterre.fr/ark:/67375/p66-qzrtl2b1-9.10	active memories	active memory	short-term memory	short_term_memory
http://data.loterre.fr/ark:/67375/p66-qzrtl2b1-9.11	echo boxes	echo box	short-term memory	short_term_memory
http://data.loterre.fr/ark:/67375/p66-qzrtl2b1-9.12	immediate memories	immediate memory	short-term memory	short_term_memory
http://data.loterre.fr/ark:/67375/p66-qzrtl2b1-9.13	primary memories	primary memory	short-term memory	short_term_memory
http://data.loterre.fr/ark:/67375/p66-qzrtl2b1-9.14	short-term retention	short-term retention	short-term memory	short_term_memory
http://data.loterre.fr/ark:/67375/p66-qzrtl2b1-9.15	short-term storages	short-term storage	short-term memory	short_term_memory
http://data.loterre.fr/ark:/67375/p66-qzrtl2b1-9.16	short-term stores	short-term store	short-term memory	short_term_memory
http://data.loterre.fr/ark:/67375/p66-r5w2d7jc-4.1	social learnings	social learning	social learning	social_learning
http://data.loterre.fr/ark:/67375/p66-rg2fnc5h-b.3	spatial memories	spatial memory	spatial memory	spatial_memory
http://data.loterre.fr/ark:/67375/p66-rg2fnc5h-b.4	location memories	location memory	spatial memory	spatial_memory
http://data.loterre.fr/ark:/67375/p66-rg2fnc5h-b.5	place memories	place memory	spatial memory	spatial_memory
http://data.loterre.fr/ark:/67375/p66-rnrkc2pq-n.0	trace conditioning	trace conditioning	trace conditioning	trace_conditioning
http://data.loterre.fr/ark:/67375/p66-rp348s0g-v.1	protein kinase c	protein kinase c	protein kinase c	protein_kinase_c
http://data.loterre.fr/ark:/67375/p66-rp348s0g-v.2	pkcs	pkc	protein kinase c	protein_kinase_c
http://data.loterre.fr/ark:/67375/p66-s4gdhsxf-c.4	parietal lobes	parietal lobe	parietal lobe	parietal_lobe
http://data.loterre.fr/ark:/67375/p66-s4gdhsxf-c.5	parietal cortexes	parietal cortex	parietal lobe	parietal_lobe
http://data.loterre.fr/ark:/67375/p66-s4gdhsxf-c.6	parietal regions	parietal region	parietal lobe	parietal_lobe
http://data.loterre.fr/ark:/67375/p66-s4gdhsxf-c.7	parietal sites	parietal site	parietal lobe	parietal_lobe
http://data.loterre.fr/ark:/67375/p66-sd7jdtz4-8.1	interferences	interference	interference	interference
http://data.loterre.fr/ark:/67375/p66-st04bmmz-m.1	dentate gyruses	dentate gyrus	dentate gyrus	dentate_gyrus
http://data.loterre.fr/ark:/67375/p66-sw8q6c6s-b.2	limbic lobes	limbic lobe	limbic lobe	limbic_lobe
http://data.loterre.fr/ark:/67375/p66-sw8q6c6s-b.3	limbic systems	limbic system	limbic lobe	limbic_lobe
http://data.loterre.fr/ark:/67375/p66-t41cstsg-0.1	neurogenic hypthotheses	neurogenic hypthothesis	neurogenic hypthothesis	neurogenic_hypthothesis
http://data.loterre.fr/ark:/67375/p66-t4q5zl53-c.1	time cells	time cell	time cell	time_cell
http://data.loterre.fr/ark:/67375/p66-tgssgjgj-f.3	dorsal parietal cortexes	dorsal parietal cortex	dorsal parietal cortex	dorsal_parietal_cortex
http://data.loterre.fr/ark:/67375/p66-tgssgjgj-f.4	dpcs	dpc	dorsal parietal cortex	dorsal_parietal_cortex
http://data.loterre.fr/ark:/67375/p66-tgssgjgj-f.5	dorsal posterior parietal cortexes	dorsal posterior parietal cortex	dorsal parietal cortex	dorsal_parietal_cortex
http://data.loterre.fr/ark:/67375/p66-tj332mzv-f.0	delay conditioning	delay conditioning	delay conditioning	delay_conditioning
http://data.loterre.fr/ark:/67375/p66-tm1366km-t.1	thalami	thalamus	thalamus	thalamus
http://data.loterre.fr/ark:/67375/p66-tss7wz3j-1.0	classical conditioning	classical conditioning	classical conditioning	classical_conditioning
http://data.loterre.fr/ark:/67375/p66-tss7wz3j-1.1	pavlovian conditioning	pavlovian conditioning	classical conditioning	classical_conditioning
http://data.loterre.fr/ark:/67375/p66-tss7wz3j-1.2	respondent conditioning	respondent conditioning	classical conditioning	classical_conditioning
http://data.loterre.fr/ark:/67375/p66-tss7wz3j-1.3	type 1 conditioning	type 1 conditioning	classical conditioning	classical_conditioning
http://data.loterre.fr/ark:/67375/p66-v2wj9jz2-t.1	apparent learnings	apparent learning	apparent learning	apparent_learning
http://data.loterre.fr/ark:/67375/p66-v7v4zhn0-z.0	backward conditioning ​	backward conditioning ​	backward conditioning ​	backward_conditioning_​
http://data.loterre.fr/ark:/67375/p66-v7v4zhn0-z.1	backward pairing	backward pairing	backward conditioning ​	backward_conditioning_​
http://data.loterre.fr/ark:/67375/p66-vhwfk224-2.1	cerebella	cerebellum	cerebellum	cerebellum
http://data.loterre.fr/ark:/67375/p66-vn4kqnr0-w.1	operant conditioning	operant conditioning	operant conditioning	operant_conditioning
http://data.loterre.fr/ark:/67375/p66-vn4kqnr0-w.2	skinnerian conditioning	skinnerian conditioning	operant conditioning	operant_conditioning
http://data.loterre.fr/ark:/67375/p66-vn4kqnr0-w.3	instrumental conditioning	instrumental conditioning	operant conditioning	operant_conditioning
http://data.loterre.fr/ark:/67375/p66-vn4kqnr0-w.4	instrumental learnings	instrumental learning	operant conditioning	operant_conditioning
http://data.loterre.fr/ark:/67375/p66-vn4kqnr0-w.5	type 2 conditioning	type 2 conditioning	operant conditioning	operant_conditioning
http://data.loterre.fr/ark:/67375/p66-w52cfwz4-9.7	amygdalas	amygdala	amygdala	amygdala
http://data.loterre.fr/ark:/67375/p66-w52cfwz4-9.8	amygdaloid bodies	amygdaloid body	amygdala	amygdala
http://data.loterre.fr/ark:/67375/p66-w52cfwz4-9.9	amygdaloid complexes	amygdaloid complex	amygdala	amygdala
http://data.loterre.fr/ark:/67375/p66-w52cfwz4-9.10	amygdaloid nuclear complexes	amygdaloid nuclear complex	amygdala	amygdala
http://data.loterre.fr/ark:/67375/p66-w52cfwz4-9.11	amygdaloid nuclear group	amygdaloid nuclear groups	amygdala	amygdala
http://data.loterre.fr/ark:/67375/p66-w52cfwz4-9.12	amygdaloid nuclei	amygdaloid nucleus	amygdala	amygdala
http://data.loterre.fr/ark:/67375/p66-w52cfwz4-9.13	archistriatums	archistriatum	amygdala	amygdala
http://data.loterre.fr/ark:/67375/p66-wb7b1fnb-p.2	continuous schedules of reinforcement	continuous schedule of reinforcement	continuous schedule of reinforcement	continuous_schedule_of_reinforcement
http://data.loterre.fr/ark:/67375/p66-wb7b1fnb-p.3	continuous reinforcement schedules	continuous reinforcement schedule	continuous schedule of reinforcement	continuous_schedule_of_reinforcement
http://data.loterre.fr/ark:/67375/p66-wtjn0l7v-0.2	artificial grammar learning tasks	artificial grammar learning task	artificial grammar learning task	artificial_grammar_learning_task
http://data.loterre.fr/ark:/67375/p66-wtjn0l7v-0.3	artificial grammars	artificial grammar	artificial grammar learning task	artificial_grammar_learning_task
http://data.loterre.fr/ark:/67375/p66-wvn0csxr-x.3	concept cells	concept cell	concept cell	concept_cell
http://data.loterre.fr/ark:/67375/p66-wvn0csxr-x.4	jennifer aniston neurons	jennifer aniston neuron	concept cell	concept_cell
http://data.loterre.fr/ark:/67375/p66-wvn0csxr-x.5	grandmother cells	grandmother cell	concept cell	concept_cell
http://data.loterre.fr/ark:/67375/p66-wvtcbsgt-0.3	fixed interval schedules of reinforcement	fixed interval schedule of reinforcement	fixed interval schedule of reinforcement	fixed_interval_schedule_of_reinforcement
http://data.loterre.fr/ark:/67375/p66-wvtcbsgt-0.4	fixed interval reinforcement schedules	fixed interval reinforcement schedule	fixed interval schedule of reinforcement	fixed_interval_schedule_of_reinforcement
http://data.loterre.fr/ark:/67375/p66-wvtcbsgt-0.5	fixed interval schedules	fixed interval schedule	fixed interval schedule of reinforcement	fixed_interval_schedule_of_reinforcement
http://data.loterre.fr/ark:/67375/p66-x0vv74lw-c.1	cognitive maps	cognitive map	cognitive map	cognitive_map
http://data.loterre.fr/ark:/67375/p66-x19h3zbk-2.5	entorhinal cortexes	entorhinal cortex	entorhinal cortex	entorhinal_cortex
http://data.loterre.fr/ark:/67375/p66-x19h3zbk-2.6	areas 28 of brodmann	area 28 of brodmann	entorhinal cortex	entorhinal_cortex
http://data.loterre.fr/ark:/67375/p66-x19h3zbk-2.7	entorhinal areas	entorhinal area	entorhinal cortex	entorhinal_cortex
http://data.loterre.fr/ark:/67375/p66-x19h3zbk-2.8	secondary olfactory cortexes	secondary olfactory cortex	entorhinal cortex	entorhinal_cortex
http://data.loterre.fr/ark:/67375/p66-x19h3zbk-2.9	secondary olfactory cortical areas	secondary olfactory cortical area	entorhinal cortex	entorhinal_cortex
http://data.loterre.fr/ark:/67375/p66-x1m4brnp-z.2	consolidations	consolidation	consolidation	consolidation
http://data.loterre.fr/ark:/67375/p66-x1m4brnp-z.3	memory consolidations	memory consolidation	consolidation	consolidation
http://data.loterre.fr/ark:/67375/p66-x5fvzt3x-1.12	forced choice recognition tasks	forced choice recognition task	forced choice recognition task	forced_choice_recognition_task
http://data.loterre.fr/ark:/67375/p66-x5fvzt3x-1.13	dmses	dms	forced choice recognition task	forced_choice_recognition_task
http://data.loterre.fr/ark:/67375/p66-x5fvzt3x-1.14	delayed match-to-sample paradigms	delayed match-to-sample paradigm	forced choice recognition task	forced_choice_recognition_task
http://data.loterre.fr/ark:/67375/p66-x5fvzt3x-1.15	delayed match-to-sample procedures	delayed match-to-sample procedure	forced choice recognition task	forced_choice_recognition_task
http://data.loterre.fr/ark:/67375/p66-x5fvzt3x-1.16	delayed match-to-sample tasks	delayed match-to-sample task	forced choice recognition task	forced_choice_recognition_task
http://data.loterre.fr/ark:/67375/p66-x5fvzt3x-1.17	delayed-to-matching paradigms	delayed-to-matching paradigm	forced choice recognition task	forced_choice_recognition_task
http://data.loterre.fr/ark:/67375/p66-x5fvzt3x-1.18	delayed-to-matching procedures	delayed-to-matching procedure	forced choice recognition task	forced_choice_recognition_task
http://data.loterre.fr/ark:/67375/p66-x5fvzt3x-1.19	delayed-to-matching tasks	delayed-to-matching task	forced choice recognition task	forced_choice_recognition_task
http://data.loterre.fr/ark:/67375/p66-x5fvzt3x-1.20	forced choices	forced choice	forced choice recognition task	forced_choice_recognition_task
http://data.loterre.fr/ark:/67375/p66-x5fvzt3x-1.21	forced choice methods	forced choice method	forced choice recognition task	forced_choice_recognition_task
http://data.loterre.fr/ark:/67375/p66-x5fvzt3x-1.22	forced choice recognition paradigms	forced choice recognition paradigm	forced choice recognition task	forced_choice_recognition_task
http://data.loterre.fr/ark:/67375/p66-x5fvzt3x-1.23	match-to-sample tasks	match-to-sample task	forced choice recognition task	forced_choice_recognition_task
http://data.loterre.fr/ark:/67375/p66-x9ptdjpx-j.2	fixed ratio schedules of reinforcement	fixed ratio schedule of reinforcement	fixed ratio schedule of reinforcement	fixed_ratio_schedule_of_reinforcement
http://data.loterre.fr/ark:/67375/p66-x9ptdjpx-j.3	fixed-ratio schedules	fixed-ratio schedule	fixed ratio schedule of reinforcement	fixed_ratio_schedule_of_reinforcement
http://data.loterre.fr/ark:/67375/p66-xgd3j4zg-f.2	systems consolidations	systems consolidation	systems consolidation	systems_consolidation
http://data.loterre.fr/ark:/67375/p66-xgd3j4zg-f.3	systems memory consolidations	systems memory consolidation	systems consolidation	systems_consolidation
http://data.loterre.fr/ark:/67375/p66-xmwpsl1h-j.1	laws of exercise	law of exercise	law of exercise	law_of_exercise
http://data.loterre.fr/ark:/67375/p66-xvf3zxdj-v.3	temporal lobes	temporal lobe	temporal lobe	temporal_lobe
http://data.loterre.fr/ark:/67375/p66-xvf3zxdj-v.4	temporal cortexes	temporal cortex	temporal lobe	temporal_lobe
http://data.loterre.fr/ark:/67375/p66-xvf3zxdj-v.5	temporal regions	temporal region	temporal lobe	temporal_lobe
http://data.loterre.fr/ark:/67375/p66-z24rk3z6-c.1	hippocampuses	hippocampus	hippocampus	hippocampus
http://data.loterre.fr/ark:/67375/p66-z2f1zb06-z.2	trace transformation theories	trace transformation theory	trace transformation theory	trace_transformation_theory
http://data.loterre.fr/ark:/67375/p66-z2f1zb06-z.3	ttts	ttt	trace transformation theory	trace_transformation_theory
http://data.loterre.fr/ark:/67375/p66-z6sqpxcn-p.8	prospective memories	prospective memory	prospective memory	prospective_memory
http://data.loterre.fr/ark:/67375/p66-z6sqpxcn-p.9	delayed intentions	delayed intention	prospective memory	prospective_memory
http://data.loterre.fr/ark:/67375/p66-z6sqpxcn-p.10	memories for intention	memory for intention	prospective memory	prospective_memory
http://data.loterre.fr/ark:/67375/p66-z6sqpxcn-p.11	memories for planned intention	memory for planned intention	prospective memory	prospective_memory
http://data.loterre.fr/ark:/67375/p66-z6sqpxcn-p.12	prospective rememberings	prospective remembering	prospective memory	prospective_memory
http://data.loterre.fr/ark:/67375/p66-z6sqpxcn-p.13	realizations of delayed intentions	realization of delayed intentions	prospective memory	prospective_memory
http://data.loterre.fr/ark:/67375/p66-z6sqpxcn-p.14	rememberings to recall	remembering to recall	prospective memory	prospective_memory
http://data.loterre.fr/ark:/67375/p66-z6sqpxcn-p.15	rememberings to remember	remembering to remember	prospective memory	prospective_memory
http://data.loterre.fr/ark:/67375/p66-z85mw4d6-7.1	auto-associative memories	auto-associative memory	auto-associative memory	auto_associative_memory
http://data.loterre.fr/ark:/67375/p66-zbzth4xb-c.0	infantile amnesia	infantile amnesia	infantile amnesia	infantile_amnesia
http://data.loterre.fr/ark:/67375/p66-zbzth4xb-c.1	childhood amnesia	childhood amnesia	infantile amnesia	infantile_amnesia
http://data.loterre.fr/ark:/67375/p66-zbzth4xb-c.2	infantile forgetting	infantile forgetting	infantile amnesia	infantile_amnesia
http://data.loterre.fr/ark:/67375/p66-zv939nhx-g.6	delayed non-matching to sample tasks	delayed non-matching to sample task	delayed non-matching to sample task	delayed_non_matching_to_sample_task
http://data.loterre.fr/ark:/67375/p66-zv939nhx-g.7	dnmses	dnms	delayed non-matching to sample task	delayed_non_matching_to_sample_task
http://data.loterre.fr/ark:/67375/p66-zv939nhx-g.8	delayed non-matching to sample paradigm	delayed non-matching to sample paradigm	delayed non-matching to sample task	delayed_non_matching_to_sample_task
http://data.loterre.fr/ark:/67375/p66-zv939nhx-g.9	delayed non-matching to sample procedure	delayed non-matching to sample procedure	delayed non-matching to sample task	delayed_non_matching_to_sample_task
http://data.loterre.fr/ark:/67375/p66-zv939nhx-g.10	delayed nonmatches to sample task	delayed nonmatch to sample task	delayed non-matching to sample task	delayed_non_matching_to_sample_task
http://data.loterre.fr/ark:/67375/p66-zv939nhx-g.11	nons-matches to sample paradigm	non-match to sample paradigm	delayed non-matching to sample task	delayed_non_matching_to_sample_task
http://data.loterre.fr/ark:/67375/p66-zv939nhx-g.12	nons-match to sample procedure	non-match to sample procedure	delayed non-matching to sample task	delayed_non_matching_to_sample_task
http://data.loterre.fr/ark:/67375/p66-zv939nhx-g.13	non-match to sample tasks	non-match to sample task	delayed non-matching to sample task	delayed_non_matching_to_sample_task
http://data.loterre.fr/ark:/67375/p66-zvcqf82g-p.0	slow wave sleep	slow wave sleep	slow wave sleep	slow_wave_sleep
http://data.loterre.fr/ark:/67375/p66-zvcqf82g-p.1	deep sleep	deep sleep	slow wave sleep	slow_wave_sleep
http://data.loterre.fr/ark:/67375/p66-zvcqf82g-p.2	delta sleep	delta sleep	slow wave sleep	slow_wave_sleep
http://data.loterre.fr/ark:/67375/p66-zvcqf82g-p.3	non-rem sleep	non-rem sleep	slow wave sleep	slow_wave_sleep
http://data.loterre.fr/ark:/67375/p66-v4lvtxvq-3.2	think/no-think alcohol tasks	think/no-think alcohol task	think/no-think alcohol task	think_no_think_alcohol_task
http://data.loterre.fr/ark:/67375/p66-v4lvtxvq-3.3	tntas	tnta	think/no-think alcohol task	think_no_think_alcohol_task
http://data.loterre.fr/ark:/67375/p66-jf82s3p1-7.1	life reviews	life review	life review	life_review
http://data.loterre.fr/ark:/67375/p66-frsp4x4p-z.1	timeline techniques	timeline technique	timeline technique	timeline_technique
http://data.loterre.fr/ark:/67375/p66-b0mkl2qd-7.3	incidental learnings	incidental learning	incidental learning	incidental_learning
http://data.loterre.fr/ark:/67375/p66-b0mkl2qd-7.4	involuntary learnings	involuntary learning	incidental learning	incidental_learning
http://data.loterre.fr/ark:/67375/p66-b0mkl2qd-7.5	nonintentional learnings	nonintentional learning	incidental learning	incidental_learning
http://data.loterre.fr/ark:/67375/p66-b1qhz7bf-m.0	crimes and doors test	crimes and doors test	crimes and doors test	crimes_and_doors_test
http://data.loterre.fr/ark:/67375/p66-b260skw0-r.2	double-function pair	double-function pairs	double-function pairs	double_function_pairs
http://data.loterre.fr/ark:/67375/p66-b260skw0-r.3	abs, bc pairs	ab, bc pair	double-function pairs	double_function_pairs
http://data.loterre.fr/ark:/67375/p66-b260skw0-r.4	ab, bc paradigm	ab, bc paradigm	double-function pairs	double_function_pairs
http://data.loterre.fr/ark:/67375/p66-b2ccmjss-d.4	sources of activation confusion model	source of activation confusion model	source of activation confusion model	source_of_activation_confusion_model
http://data.loterre.fr/ark:/67375/p66-b2ccmjss-d.5	sacs	sac	source of activation confusion model	source_of_activation_confusion_model
http://data.loterre.fr/ark:/67375/p66-b2ccmjss-d.6	sac models	sac model	source of activation confusion model	source_of_activation_confusion_model
http://data.loterre.fr/ark:/67375/p66-b2ccmjss-d.7	sources of activation confusion theory	source of activation confusion theory	source of activation confusion model	source_of_activation_confusion_model
http://data.loterre.fr/ark:/67375/p66-b2g7fjdl-r.1	denial-induced forgettings	denial-induced forgetting	denial-induced forgetting	denial_induced_forgetting
http://data.loterre.fr/ark:/67375/p66-b2m1gxs4-3.1	judgments of frequency	judgment of frequency	judgment of frequency	judgment_of_frequency
http://data.loterre.fr/ark:/67375/p66-b2vbr640-c.1	multiple trace models	multiple trace model	multiple trace model	multiple_trace_model
http://data.loterre.fr/ark:/67375/p66-b3dph6c2-b.2	adaptive controls of thought-rational	adaptive control of thought-rational	adaptive control of thought-rational	adaptive_control_of_thought_rational
http://data.loterre.fr/ark:/67375/p66-b3dph6c2-b.3	acts-r	act-r	adaptive control of thought-rational	adaptive_control_of_thought_rational
http://data.loterre.fr/ark:/67375/p66-b4llw5gz-9.4	change detection paradigms	change detection paradigm	change detection paradigm	change_detection_paradigm
http://data.loterre.fr/ark:/67375/p66-b4llw5gz-9.5	change detection tasks	change detection task	change detection paradigm	change_detection_paradigm
http://data.loterre.fr/ark:/67375/p66-b4llw5gz-9.6	visual arrays tasks	visual arrays task	change detection paradigm	change_detection_paradigm
http://data.loterre.fr/ark:/67375/p66-b4llw5gz-9.7	visual-array comparisons	visual-array comparison	change detection paradigm	change_detection_paradigm
http://data.loterre.fr/ark:/67375/p66-b75czfd8-4.1	self-initiated memory tests	self-initiated memory test	self-initiated memory test	self_initiated_memory_test
http://data.loterre.fr/ark:/67375/p66-b8jfb5zr-r.1	dual-process model of recognition memory	dual-process models of recognition memory	dual-process models of recognition memory	dual_process_models_of_recognition_memory
http://data.loterre.fr/ark:/67375/p66-b8zt5sm7-1.1	amnesic shadows	amnesic shadow	amnesic shadow	amnesic_shadow
http://data.loterre.fr/ark:/67375/p66-bb0vlcl8-0.3	iconic memories	iconic memory	iconic memory	iconic_memory
http://data.loterre.fr/ark:/67375/p66-bb0vlcl8-0.4	precategorical visual stores	precategorical visual store	iconic memory	iconic_memory
http://data.loterre.fr/ark:/67375/p66-bb0vlcl8-0.5	visual persistence	visual persistence	iconic memory	iconic_memory
http://data.loterre.fr/ark:/67375/p66-bb0vlcl8-0.6	visual sensory memories	visual sensory memory	iconic memory	iconic_memory
http://data.loterre.fr/ark:/67375/p66-bbjdh3l4-k.2	quick mild cognitive impairment screens	quick mild cognitive impairment screen	quick mild cognitive impairment screen	quick_mild_cognitive_impairment_screen
http://data.loterre.fr/ark:/67375/p66-bbjdh3l4-k.3	qmcis	qmci	quick mild cognitive impairment screen	quick_mild_cognitive_impairment_screen
http://data.loterre.fr/ark:/67375/p66-bdcm9x55-c.1	recognition-induced forgettings	recognition-induced forgetting	recognition-induced forgetting	recognition_induced_forgetting
http://data.loterre.fr/ark:/67375/p66-bdjzmm6k-h.1	interrogative suggestibilities	interrogative suggestibility	interrogative suggestibility	interrogative_suggestibility
http://data.loterre.fr/ark:/67375/p66-bfzs53ds-x.8	metacognitive resolutions	metacognitive resolution	metacognitive resolution	metacognitive_resolution
http://data.loterre.fr/ark:/67375/p66-bfzs53ds-x.9	metacognitive sensitivities	metacognitive sensitivity	metacognitive resolution	metacognitive_resolution
http://data.loterre.fr/ark:/67375/p66-bfzs53ds-x.10	metamemory resolutions	metamemory resolution	metacognitive resolution	metacognitive_resolution
http://data.loterre.fr/ark:/67375/p66-bfzs53ds-x.11	metamemory sensitivities	metamemory sensitivity	metacognitive resolution	metacognitive_resolution
http://data.loterre.fr/ark:/67375/p66-bfzs53ds-x.12	relative metacognitive accuracies	relative metacognitive accuracy	metacognitive resolution	metacognitive_resolution
http://data.loterre.fr/ark:/67375/p66-bfzs53ds-x.13	relative metamemory accuracies	relative metamemory accuracy	metacognitive resolution	metacognitive_resolution
http://data.loterre.fr/ark:/67375/p66-bfzs53ds-x.14	relative metamnemonic accuracies	relative metamnemonic accuracy	metacognitive resolution	metacognitive_resolution
http://data.loterre.fr/ark:/67375/p66-bfzs53ds-x.15	resolutions	resolution	metacognitive resolution	metacognitive_resolution
http://data.loterre.fr/ark:/67375/p66-bj3m9z3j-h.7	semantic verbal fluency tests	semantic verbal fluency test	semantic verbal fluency test	semantic_verbal_fluency_test
http://data.loterre.fr/ark:/67375/p66-bj3m9z3j-h.8	categorical verbal fluency tasks	categorical verbal fluency task	semantic verbal fluency test	semantic_verbal_fluency_test
http://data.loterre.fr/ark:/67375/p66-bj3m9z3j-h.9	categorical verbal fluency tests	categorical verbal fluency test	semantic verbal fluency test	semantic_verbal_fluency_test
http://data.loterre.fr/ark:/67375/p66-bj3m9z3j-h.10	category fluency tasks	category fluency task	semantic verbal fluency test	semantic_verbal_fluency_test
http://data.loterre.fr/ark:/67375/p66-bj3m9z3j-h.11	category fluency tests	category fluency test	semantic verbal fluency test	semantic_verbal_fluency_test
http://data.loterre.fr/ark:/67375/p66-bj3m9z3j-h.12	semantic fluency paradigms	semantic fluency paradigm	semantic verbal fluency test	semantic_verbal_fluency_test
http://data.loterre.fr/ark:/67375/p66-bj3m9z3j-h.13	semantic fluency tasks	semantic fluency task	semantic verbal fluency test	semantic_verbal_fluency_test
http://data.loterre.fr/ark:/67375/p66-bjczpbgl-x.1	executive loops	executive loop	executive loop	executive_loop
http://data.loterre.fr/ark:/67375/p66-bjf9sgc9-n.1	adapted autobiographical interviews	adapted autobiographical interview	adapted autobiographical interview	adapted_autobiographical_interview
http://data.loterre.fr/ark:/67375/p66-bjf9sgc9-n.2	aai	aai	adapted autobiographical interview	adapted_autobiographical_interview
http://data.loterre.fr/ark:/67375/p66-bjf9sgc9-n.3	adapted ai	adapted ai	adapted autobiographical interview	adapted_autobiographical_interview
http://data.loterre.fr/ark:/67375/p66-bjk2x15n-q.4	blank police lineup procedures	blank police lineup procedure	blank police lineup procedure	blank_police_lineup_procedure
http://data.loterre.fr/ark:/67375/p66-bjk2x15n-q.5	blank lineups	blank lineup	blank police lineup procedure	blank_police_lineup_procedure
http://data.loterre.fr/ark:/67375/p66-bjk2x15n-q.6	blank lineup procedures	blank lineup procedure	blank police lineup procedure	blank_police_lineup_procedure
http://data.loterre.fr/ark:/67375/p66-bjk2x15n-q.7	tapissage vides	tapissage vide	blank police lineup procedure	blank_police_lineup_procedure
http://data.loterre.fr/ark:/67375/p66-bjn438bq-7.2	relative judgments of recency	relative judgment of recency	relative judgment of recency	relative_judgment_of_recency
http://data.loterre.fr/ark:/67375/p66-bjn438bq-7.3	judgements of relative order	judgement of relative order	relative judgment of recency	relative_judgment_of_recency
http://data.loterre.fr/ark:/67375/p66-blzgr3rv-1.3	modal representations	modal representation	modal representation	modal_representation
http://data.loterre.fr/ark:/67375/p66-blzgr3rv-1.4	modal symbols	modal symbol	modal representation	modal_representation
http://data.loterre.fr/ark:/67375/p66-blzgr3rv-1.5	modality-specific representations	modality-specific representation	modal representation	modal_representation
http://data.loterre.fr/ark:/67375/p66-bmqd5qzm-g.3	visual imageries	visual imagery	visual imagery	visual_imagery
http://data.loterre.fr/ark:/67375/p66-bmqd5qzm-g.4	phantom visions	phantom vision	visual imagery	visual_imagery
http://data.loterre.fr/ark:/67375/p66-bmqd5qzm-g.5	visual images	visual image	visual imagery	visual_imagery
http://data.loterre.fr/ark:/67375/p66-bn576mnl-c.1	conceptual structure accounts	conceptual structure account	conceptual structure account	conceptual_structure_account
http://data.loterre.fr/ark:/67375/p66-bnpsx7vv-1.1	spontaneous false memories	spontaneous false memory	spontaneous false memory	spontaneous_false_memory
http://data.loterre.fr/ark:/67375/p66-bpzk0t52-l.2	metamemories in adulthood questionnaire	metamemory in adulthood questionnaire	metamemory in adulthood questionnaire	metamemory_in_adulthood_questionnaire
http://data.loterre.fr/ark:/67375/p66-bpzk0t52-l.3	mias	mia	metamemory in adulthood questionnaire	metamemory_in_adulthood_questionnaire
http://data.loterre.fr/ark:/67375/p66-bq3sd31f-l.1	fragile visual short-term memories	fragile visual short-term memory	fragile visual short-term memory	fragile_visual_short_term_memory
http://data.loterre.fr/ark:/67375/p66-bqbpnvtn-9.13	towers of hanoi task	tower of hanoi task	tower of hanoi task	tower_of_hanoi_task
http://data.loterre.fr/ark:/67375/p66-bqbpnvtn-9.14	lucas' towers	lucas' tower	tower of hanoi task	tower_of_hanoi_task
http://data.loterre.fr/ark:/67375/p66-bqbpnvtn-9.15	tohs	toh	tower of hanoi task	tower_of_hanoi_task
http://data.loterre.fr/ark:/67375/p66-bqbpnvtn-9.16	tour de lucases	tour de lucas	tower of hanoi task	tower_of_hanoi_task
http://data.loterre.fr/ark:/67375/p66-bqbpnvtn-9.17	towers of brahma	tower of brahma	tower of hanoi task	tower_of_hanoi_task
http://data.loterre.fr/ark:/67375/p66-bqbpnvtn-9.18	towers of hanoi disk-transfer task	tower of hanoi disk-transfer task	tower of hanoi task	tower_of_hanoi_task
http://data.loterre.fr/ark:/67375/p66-bqbpnvtn-9.19	towers of hanoi problem	tower of hanoi problem	tower of hanoi task	tower_of_hanoi_task
http://data.loterre.fr/ark:/67375/p66-bqbpnvtn-9.20	towers of hanoi puzzle	tower of hanoi puzzle	tower of hanoi task	tower_of_hanoi_task
http://data.loterre.fr/ark:/67375/p66-bqbpnvtn-9.21	towers of hanoi test	tower of hanoi test	tower of hanoi task	tower_of_hanoi_task
http://data.loterre.fr/ark:/67375/p66-bqbpnvtn-9.22	problems of benares temple	problem of benares temple	tower of hanoi task	tower_of_hanoi_task
http://data.loterre.fr/ark:/67375/p66-bqbpnvtn-9.23	problème de la tours de hanoï	problème de la tour de hanoï	tower of hanoi task	tower_of_hanoi_task
http://data.loterre.fr/ark:/67375/p66-bqbpnvtn-9.24	pyramid puzzles	pyramid puzzle	tower of hanoi task	tower_of_hanoi_task
http://data.loterre.fr/ark:/67375/p66-bqbpnvtn-9.25	tests de la tour de hanoï	test de la tour de hanoï	tower of hanoi task	tower_of_hanoi_task
http://data.loterre.fr/ark:/67375/p66-bqkh3zgc-0.1	acquired prosopagnosias	acquired prosopagnosia	acquired prosopagnosia	acquired_prosopagnosia
http://data.loterre.fr/ark:/67375/p66-bt7pfkch-m.1	test-potentiated learnings	test-potentiated learning	test-potentiated learning	test_potentiated_learning
http://data.loterre.fr/ark:/67375/p66-bv3pqxxh-z.2	locality constraints	locality constraint	locality constraint	locality_constraint
http://data.loterre.fr/ark:/67375/p66-bv3pqxxh-z.3	positional clusterings	positional clustering	locality constraint	locality_constraint
http://data.loterre.fr/ark:/67375/p66-bvx2n7j5-x.1	implicit learnings	implicit learning	implicit learning	implicit_learning
http://data.loterre.fr/ark:/67375/p66-bwhdqg5f-b.1	elevated-attention hypotheses	elevated-attention hypothesis	elevated-attention hypothesis	elevated_attention_hypothesis
http://data.loterre.fr/ark:/67375/p66-bwpk8ghj-d.1	activations	activation	activation	activation
http://data.loterre.fr/ark:/67375/p66-bwqvn9ph-t.2	baddeley's models	baddeley's model	baddeley's model	baddeleys_model
http://data.loterre.fr/ark:/67375/p66-bwqvn9ph-t.3	multicomponent working memory models	multicomponent working memory model	baddeley's model	baddeleys_model
http://data.loterre.fr/ark:/67375/p66-bwv6kkb6-p.1	misinformation paradigms	misinformation paradigm	misinformation paradigm	misinformation_paradigm
http://data.loterre.fr/ark:/67375/p66-bx5d54l4-6.2	amnestic mild cognitive impairments	amnestic mild cognitive impairment	amnestic mild cognitive impairment	amnestic_mild_cognitive_impairment
http://data.loterre.fr/ark:/67375/p66-bx5d54l4-6.3	amcis	amci	amnestic mild cognitive impairment	amnestic_mild_cognitive_impairment
http://data.loterre.fr/ark:/67375/p66-bxb4b3cc-h.6	diffusion tensor imaging	diffusion tensor imaging	diffusion tensor imaging	diffusion_tensor_imaging
http://data.loterre.fr/ark:/67375/p66-bxb4b3cc-h.7	dtis	dti	diffusion tensor imaging	diffusion_tensor_imaging
http://data.loterre.fr/ark:/67375/p66-bxb4b3cc-h.8	dti mris	dti mri	diffusion tensor imaging	diffusion_tensor_imaging
http://data.loterre.fr/ark:/67375/p66-bxb4b3cc-h.9	diffusion tensor mris	diffusion tensor mri	diffusion tensor imaging	diffusion_tensor_imaging
http://data.loterre.fr/ark:/67375/p66-bxb4b3cc-h.10	diffusion tensor image analyses	diffusion tensor image analysis	diffusion tensor imaging	diffusion_tensor_imaging
http://data.loterre.fr/ark:/67375/p66-bxb4b3cc-h.11	diffusion tensor magnetic resonance imagings	diffusion tensor magnetic resonance imaging	diffusion tensor imaging	diffusion_tensor_imaging
http://data.loterre.fr/ark:/67375/p66-bxb4b3cc-h.12	diffusion weighted imaging	diffusion weighted imaging	diffusion tensor imaging	diffusion_tensor_imaging
http://data.loterre.fr/ark:/67375/p66-bxb4b3cc-h.13	tractographies	tractography	diffusion tensor imaging	diffusion_tensor_imaging
http://data.loterre.fr/ark:/67375/p66-bxr6cpt8-9.1	explicit memories	explicit memory	explicit memory	explicit_memory
http://data.loterre.fr/ark:/67375/p66-c0485lpn-h.1	attentional refreshings	attentional refreshing	attentional refreshing	attentional_refreshing
http://data.loterre.fr/ark:/67375/p66-c056b958-f.2	retrospective confidences	retrospective confidence	retrospective confidence	retrospective_confidence
http://data.loterre.fr/ark:/67375/p66-c056b958-f.3	retrospective confidence judgments	retrospective confidence judgment	retrospective confidence	retrospective_confidence
http://data.loterre.fr/ark:/67375/p66-c14w3jk3-w.2	articulatory loops	articulatory loop	articulatory loop	articulatory_loop
http://data.loterre.fr/ark:/67375/p66-c14w3jk3-w.3	articulatory rehearsal processes	articulatory rehearsal process	articulatory loop	articulatory_loop
http://data.loterre.fr/ark:/67375/p66-c2j8p7k5-c.1	sound-scene paired-associates paradigms	sound-scene paired-associates paradigm	sound-scene paired-associates paradigm	sound_scene_paired_associates_paradigm
http://data.loterre.fr/ark:/67375/p66-c37z6t0w-b.1	serial reproduction tasks	serial reproduction task	serial reproduction task	serial_reproduction_task
http://data.loterre.fr/ark:/67375/p66-c3dltknh-d.2	persons by age	person by age	person by age	person_by_age
http://data.loterre.fr/ark:/67375/p66-c3dltknh-d.3	individuals by age	individual by age	person by age	person_by_age
http://data.loterre.fr/ark:/67375/p66-c77zwh5v-0.2	self-memory systems	self-memory system	self-memory system	self_memory_system
http://data.loterre.fr/ark:/67375/p66-c77zwh5v-0.3	conway's models	conway's model	self-memory system	self_memory_system
http://data.loterre.fr/ark:/67375/p66-c7j9jbww-s.1	hubs and spoke models	hub and spoke model	hub and spoke model	hub_and_spoke_model
http://data.loterre.fr/ark:/67375/p66-c7np52wq-1.1	self-administered interviews©	self-administered interview©	self-administered interview©	self_administered_interview©
http://data.loterre.fr/ark:/67375/p66-c7np52wq-1.2	sai©	sai©	self-administered interview©	self_administered_interview©
http://data.loterre.fr/ark:/67375/p66-c7qgg8lc-z.1	rotation letter tasks	rotation letter task	rotation letter task	rotation_letter_task
http://data.loterre.fr/ark:/67375/p66-c8r459l2-3.3	process dissociation procedures	process dissociation procedure	process dissociation procedure	process_dissociation_procedure
http://data.loterre.fr/ark:/67375/p66-c8r459l2-3.4	process dissociations	process dissociation	process dissociation procedure	process_dissociation_procedure
http://data.loterre.fr/ark:/67375/p66-c8r459l2-3.5	process-dissociation approaches	process-dissociation approach	process dissociation procedure	process_dissociation_procedure
http://data.loterre.fr/ark:/67375/p66-c8vf7ff8-5.4	schema-based false memories	schema-based false memory	schema-based false memory	schema_based_false_memory
http://data.loterre.fr/ark:/67375/p66-c8vf7ff8-5.5	false schematic memories	false schematic memory	schema-based false memory	schema_based_false_memory
http://data.loterre.fr/ark:/67375/p66-c8vf7ff8-5.6	schema-driven false memories	schema-driven false memory	schema-based false memory	schema_based_false_memory
http://data.loterre.fr/ark:/67375/p66-c8vf7ff8-5.7	schematic false memories	schematic false memory	schema-based false memory	schema_based_false_memory
http://data.loterre.fr/ark:/67375/p66-c9bt1x9x-m.1	retrieval efforts	retrieval effort	retrieval effort	retrieval_effort
http://data.loterre.fr/ark:/67375/p66-c9hcxg83-2.2	mmfr procedures	mmfr procedure	mmfr procedure	mmfr_procedure
http://data.loterre.fr/ark:/67375/p66-c9hcxg83-2.3	modified modified free recalls	modified modified free recall	mmfr procedure	mmfr_procedure
http://data.loterre.fr/ark:/67375/p66-c9wfmxzh-x.1	backward digit span tasks	backward digit span task	backward digit span task	backward_digit_span_task
http://data.loterre.fr/ark:/67375/p66-cb1b8thr-f.1	generative retrievals	generative retrieval	generative retrieval	generative_retrieval
http://data.loterre.fr/ark:/67375/p66-cbhws59b-w.1	children	child	child	child
http://data.loterre.fr/ark:/67375/p66-ccqbgs3r-l.1	random generation tasks	random generation task	random generation task	random_generation_task
http://data.loterre.fr/ark:/67375/p66-cd6hkzzd-c.0	movement span task	movement span task	movement span task	movement_span_task
http://data.loterre.fr/ark:/67375/p66-cd6hkzzd-c.1	movement span test	movement span test	movement span task	movement_span_task
http://data.loterre.fr/ark:/67375/p66-cdzx0lx3-q.1	actual week tasks	actual week task	actual week task	actual_week_task
http://data.loterre.fr/ark:/67375/p66-cf0vcs2c-q.0	demtect	demtect	demtect	demtect
http://data.loterre.fr/ark:/67375/p66-cg935lnv-m.1	alpha span tasks	alpha span task	alpha span task	alpha_span_task
http://data.loterre.fr/ark:/67375/p66-cgbpfw9l-k.1	carfax models	carfax model	carfax model	carfax_model
http://data.loterre.fr/ark:/67375/p66-ch49f4h4-h.1	bizarreness effects	bizarreness effect	bizarreness effect	bizarreness_effect
http://data.loterre.fr/ark:/67375/p66-chhr3npn-n.1	note-takings	note-taking	note-taking	note_taking
http://data.loterre.fr/ark:/67375/p66-cjg87pgd-q.1	cognitive failures questionnaires	cognitive failures questionnaire	cognitive failures questionnaire	cognitive_failures_questionnaire
http://data.loterre.fr/ark:/67375/p66-cjg87pgd-q.2	cfq	cfq	cognitive failures questionnaire	cognitive_failures_questionnaire
http://data.loterre.fr/ark:/67375/p66-cjlw9f7k-3.3	cognitive behavioral therapies	cognitive behavioral therapy	cognitive behavioral therapy	cognitive_behavioral_therapy
http://data.loterre.fr/ark:/67375/p66-cjlw9f7k-3.4	cbt	cbt	cognitive behavioral therapy	cognitive_behavioral_therapy
http://data.loterre.fr/ark:/67375/p66-cjlw9f7k-3.5	cognitive behavior therapies	cognitive behavior therapy	cognitive behavioral therapy	cognitive_behavioral_therapy
http://data.loterre.fr/ark:/67375/p66-cjlw9f7k-3.6	cognitive behavioral psychotherapies	cognitive behavioral psychotherapy	cognitive behavioral therapy	cognitive_behavioral_therapy
http://data.loterre.fr/ark:/67375/p66-cmsw56pp-5.3	cognitive interviews	cognitive interview	cognitive interview	cognitive_interview
http://data.loterre.fr/ark:/67375/p66-cmsw56pp-5.4	enhanced cognitive interviews	enhanced cognitive interview	cognitive interview	cognitive_interview
http://data.loterre.fr/ark:/67375/p66-cmsw56pp-5.5	cognitive interviewings	cognitive interviewing	cognitive interview	cognitive_interview
http://data.loterre.fr/ark:/67375/p66-cnbgwtnl-j.2	ratio rules	ratio rule	ratio rule	ratio_rule
http://data.loterre.fr/ark:/67375/p66-cnbgwtnl-j.3	ratio laws	ratio law	ratio rule	ratio_rule
http://data.loterre.fr/ark:/67375/p66-cp362442-g.2	todams	todam	todam	todam
http://data.loterre.fr/ark:/67375/p66-cp362442-g.3	theories of distributed associative memory	theory of distributed associative memory	todam	todam
http://data.loterre.fr/ark:/67375/p66-cpgfgnqt-1.2	prospective and retrospective memory questionnaires	prospective and retrospective memory questionnaire	prospective and retrospective memory questionnaire	prospective_and_retrospective_memory_questionnaire
http://data.loterre.fr/ark:/67375/p66-cpgfgnqt-1.3	prmqs	prmq	prospective and retrospective memory questionnaire	prospective_and_retrospective_memory_questionnaire
http://data.loterre.fr/ark:/67375/p66-cqlrtv29-x.2	transactive memories	transactive memory	transactive memory	transactive_memory
http://data.loterre.fr/ark:/67375/p66-cqlrtv29-x.3	transactive memory systems	transactive memory system	transactive memory	transactive_memory
http://data.loterre.fr/ark:/67375/p66-cqxrhps1-8.2	automatic priming effects	automatic priming effect	automatic priming effect	automatic_priming_effect
http://data.loterre.fr/ark:/67375/p66-cqxrhps1-8.3	automatic primings	automatic priming	automatic priming effect	automatic_priming_effect
http://data.loterre.fr/ark:/67375/p66-cr164tx7-v.1	now print! mechanisms	now print! mechanism	now print! mechanism	now_print!_mechanism
http://data.loterre.fr/ark:/67375/p66-crj1v3zq-6.1	semantic-to-autobiographical memory priming effects	semantic-to-autobiographical memory priming effect	semantic-to-autobiographical memory priming effect	semantic_to_autobiographical_memory_priming_effect
http://data.loterre.fr/ark:/67375/p66-csx6p8fn-1.1	anticipation errors	anticipation error	anticipation error	anticipation_error
http://data.loterre.fr/ark:/67375/p66-cvfjzqv0-t.1	source memories	source memory	source memory	source_memory
http://data.loterre.fr/ark:/67375/p66-cvksxp7h-h.1	bi-hippocampal amnestic syndromes	bi-hippocampal amnestic syndrome	bi-hippocampal amnestic syndrome	bi_hippocampal_amnestic_syndrome
http://data.loterre.fr/ark:/67375/p66-cxwc138j-9.2	diffusion models	diffusion model	diffusion model	diffusion_model
http://data.loterre.fr/ark:/67375/p66-cxwc138j-9.3	diffusion modelings	diffusion modeling	diffusion model	diffusion_model
http://data.loterre.fr/ark:/67375/p66-cxxq0blh-5.1	autobiographical interviews	autobiographical interview	autobiographical interview	autobiographical_interview
http://data.loterre.fr/ark:/67375/p66-czk4kbml-l.5	multiple memory systems theories	multiple memory systems theory	multiple memory systems theory	multiple_memory_systems_theory
http://data.loterre.fr/ark:/67375/p66-czk4kbml-l.6	mms theories	mms theory	multiple memory systems theory	multiple_memory_systems_theory
http://data.loterre.fr/ark:/67375/p66-czk4kbml-l.7	multiple memory systems frameworks	multiple memory systems framework	multiple memory systems theory	multiple_memory_systems_theory
http://data.loterre.fr/ark:/67375/p66-czk4kbml-l.8	multiple memory systems models	multiple memory systems model	multiple memory systems theory	multiple_memory_systems_theory
http://data.loterre.fr/ark:/67375/p66-czk4kbml-l.9	structural theories of memory	structural theory of memory	multiple memory systems theory	multiple_memory_systems_theory
http://data.loterre.fr/ark:/67375/p66-czksmfwb-x.1	concentric models	concentric model	concentric model	concentric_model
http://data.loterre.fr/ark:/67375/p66-czrl35lf-5.2	verbal association tasks	verbal association task	verbal association task	verbal_association_task
http://data.loterre.fr/ark:/67375/p66-czrl35lf-5.3	free association tasks	free association task	verbal association task	verbal_association_task
http://data.loterre.fr/ark:/67375/p66-czszd29q-x.1	scripts	script	script	script
http://data.loterre.fr/ark:/67375/p66-czv2trjr-s.2	rivermead behavioural memory tests for children	rivermead behavioural memory test for children	rivermead behavioural memory test for children	rivermead_behavioural_memory_test_for_children
http://data.loterre.fr/ark:/67375/p66-czv2trjr-s.3	rbmt-cs	rbmt-c	rivermead behavioural memory test for children	rivermead_behavioural_memory_test_for_children
http://data.loterre.fr/ark:/67375/p66-d016c98c-q.1	prospective person memories	prospective person memory	prospective person memory	prospective_person_memory
http://data.loterre.fr/ark:/67375/p66-d0h4k7jw-l.1	probed recall tasks	probed recall task	probed recall task	probed_recall_task
http://data.loterre.fr/ark:/67375/p66-d294xxwt-6.1	squires subjective memory questionnaire	squire subjective memory questionnaire	squire subjective memory questionnaire	squire_subjective_memory_questionnaire
http://data.loterre.fr/ark:/67375/p66-d2tclm5z-6.1	age-associated memory impairments	age-associated memory impairment	age-associated memory impairment	age_associated_memory_impairment
http://data.loterre.fr/ark:/67375/p66-d2zksnzr-l.1	list-method directed forgetting paradigm	list-method directed forgetting paradigm	list-method directed forgetting paradigm	list_method_directed_forgetting_paradigm
http://data.loterre.fr/ark:/67375/p66-d2zksnzr-l.2	list-method directed forgetting procedures	list-method directed forgetting procedure	list-method directed forgetting paradigm	list_method_directed_forgetting_paradigm
http://data.loterre.fr/ark:/67375/p66-d304pdbz-3.6	eyewitness testimonies	eyewitness testimony	eyewitness testimony	eyewitness_testimony
http://data.loterre.fr/ark:/67375/p66-d304pdbz-3.7	eyewitnesses	eyewitness	eyewitness testimony	eyewitness_testimony
http://data.loterre.fr/ark:/67375/p66-d304pdbz-3.8	eyewitness evidences	eyewitness evidence	eyewitness testimony	eyewitness_testimony
http://data.loterre.fr/ark:/67375/p66-d304pdbz-3.9	eyewitness identifications	eyewitness identification	eyewitness testimony	eyewitness_testimony
http://data.loterre.fr/ark:/67375/p66-d304pdbz-3.10	eyewitness memories	eyewitness memory	eyewitness testimony	eyewitness_testimony
http://data.loterre.fr/ark:/67375/p66-d304pdbz-3.11	eyewitness reports	eyewitness report	eyewitness testimony	eyewitness_testimony
http://data.loterre.fr/ark:/67375/p66-d4sw9z1b-v.1	fast mapping processes	fast mapping process	fast mapping process	fast_mapping_process
http://data.loterre.fr/ark:/67375/p66-d577tpzm-k.2	predictions of knowing	prediction of knowing	prediction of knowing	prediction_of_knowing
http://data.loterre.fr/ark:/67375/p66-d577tpzm-k.3	poks	pok	prediction of knowing	prediction_of_knowing
http://data.loterre.fr/ark:/67375/p66-d5bfb81s-c.1	positive subsequent memory effects	positive subsequent memory effect	positive subsequent memory effect	positive_subsequent_memory_effect
http://data.loterre.fr/ark:/67375/p66-d5phl00g-k.4	eidetic memories	eidetic memory	eidetic memory	eidetic_memory
http://data.loterre.fr/ark:/67375/p66-d5phl00g-k.5	photographic memories	photographic memory	eidetic memory	eidetic_memory
http://data.loterre.fr/ark:/67375/p66-d5phl00g-k.6	total memories	total memory	eidetic memory	eidetic_memory
http://data.loterre.fr/ark:/67375/p66-d5phl00g-k.7	total recalls	total recall	eidetic memory	eidetic_memory
http://data.loterre.fr/ark:/67375/p66-d69tgc3c-6.1	implicit associative responses	implicit associative response	implicit associative response	implicit_associative_response
http://data.loterre.fr/ark:/67375/p66-d6lfmb15-2.8	cue-word methods	cue-word method	cue-word method	cue_word_method
http://data.loterre.fr/ark:/67375/p66-d6lfmb15-2.9	crovitz tests	crovitz test	cue-word method	cue_word_method
http://data.loterre.fr/ark:/67375/p66-d6lfmb15-2.10	galton-crovitz methods	galton-crovitz method	cue-word method	cue_word_method
http://data.loterre.fr/ark:/67375/p66-d6lfmb15-2.11	galton-crovitz word-cuing techniques	galton-crovitz word-cuing technique	cue-word method	cue_word_method
http://data.loterre.fr/ark:/67375/p66-d6lfmb15-2.12	cuing methods	cuing method	cue-word method	cue_word_method
http://data.loterre.fr/ark:/67375/p66-d6lfmb15-2.13	memory probe methods	memory probe method	cue-word method	cue_word_method
http://data.loterre.fr/ark:/67375/p66-d6lfmb15-2.14	word-cue methods	word-cue method	cue-word method	cue_word_method
http://data.loterre.fr/ark:/67375/p66-d6lfmb15-2.15	word-cue techniques	word-cue technique	cue-word method	cue_word_method
http://data.loterre.fr/ark:/67375/p66-d6v20glw-v.1	autoreferential contaminations	autoreferential contamination	autoreferential contamination	autoreferential_contamination
http://data.loterre.fr/ark:/67375/p66-d6xl3pdr-m.1	blind implantation methods	blind implantation method	blind implantation method	blind_implantation_method
http://data.loterre.fr/ark:/67375/p66-d720vzz8-3.1	autobiographical memories	autobiographical memory	autobiographical memory	autobiographical_memory
http://data.loterre.fr/ark:/67375/p66-d7jmlkql-b.1	semantic prospections	semantic prospection	semantic prospection	semantic_prospection
http://data.loterre.fr/ark:/67375/p66-d840xqxl-q.2	one-list-back paradigms	one-list-back paradigm	one-list-back paradigm	one_list_back_paradigm
http://data.loterre.fr/ark:/67375/p66-d840xqxl-q.3	list-before-last paradigms	list-before-last paradigm	one-list-back paradigm	one_list_back_paradigm
http://data.loterre.fr/ark:/67375/p66-d8ks7z67-2.1	bonn tests of statement suggestibility	bonn test of statement suggestibility	bonn test of statement suggestibility	bonn_test_of_statement_suggestibility
http://data.loterre.fr/ark:/67375/p66-db5h7cc7-c.2	young adults	young adult	young adult	young_adult
http://data.loterre.fr/ark:/67375/p66-db5h7cc7-c.3	younger adults	younger adult	young adult	young_adult
http://data.loterre.fr/ark:/67375/p66-db7v4hk7-q.1	temporal distinctiveness hypotheses	temporal distinctiveness hypothesis	temporal distinctiveness hypothesis	temporal_distinctiveness_hypothesis
http://data.loterre.fr/ark:/67375/p66-dd16n3ct-8.2	memories for intentions screening test	memory for intentions screening test	memory for intentions screening test	memory_for_intentions_screening_test
http://data.loterre.fr/ark:/67375/p66-dd16n3ct-8.3	mists	mist	memory for intentions screening test	memory_for_intentions_screening_test
http://data.loterre.fr/ark:/67375/p66-df6mb3bl-s.1	judgments of the rate of learning	judgment of the rate of learning	judgment of the rate of learning	judgment_of_the_rate_of_learning
http://data.loterre.fr/ark:/67375/p66-df6pxm1g-3.1	reading span tasks	reading span task	reading span task	reading_span_task
http://data.loterre.fr/ark:/67375/p66-dgv9435d-r.6	mnemonists	mnemonist	mnemonist	mnemonist
http://data.loterre.fr/ark:/67375/p66-dgv9435d-r.7	memory athletes	memory athlete	mnemonist	mnemonist
http://data.loterre.fr/ark:/67375/p66-dgv9435d-r.8	memory champions	memory champion	mnemonist	mnemonist
http://data.loterre.fr/ark:/67375/p66-dgv9435d-r.9	super memorizers	super memorizer	mnemonist	mnemonist
http://data.loterre.fr/ark:/67375/p66-dgv9435d-r.10	superior memorists	superior memorist	mnemonist	mnemonist
http://data.loterre.fr/ark:/67375/p66-dgv9435d-r.11	superior memorizers	superior memorizer	mnemonist	mnemonist
http://data.loterre.fr/ark:/67375/p66-dhr9zbl8-2.2	conceptual fluencies	conceptual fluency	conceptual fluency	conceptual_fluency
http://data.loterre.fr/ark:/67375/p66-dhr9zbl8-2.3	semantic fluencies	semantic fluency	conceptual fluency	conceptual_fluency
http://data.loterre.fr/ark:/67375/p66-dhz3ms65-d.2	intentional learnings	intentional learning	intentional learning	intentional_learning
http://data.loterre.fr/ark:/67375/p66-dhz3ms65-d.3	explicit learnings	explicit learning	intentional learning	intentional_learning
http://data.loterre.fr/ark:/67375/p66-dj4qm3d1-m.1	addenbrooke's cognitive examinations - iii	addenbrooke's cognitive examination - iii	addenbrooke's cognitive examination - iii	addenbrookes_cognitive_examination__iii
http://data.loterre.fr/ark:/67375/p66-dj7w5s93-9.1	retrieval successes	retrieval success	retrieval success	retrieval_success
http://data.loterre.fr/ark:/67375/p66-dqff84xw-r.1	buffer memories	buffer memory	buffer memory	buffer_memory
http://data.loterre.fr/ark:/67375/p66-dql4hx0l-3.1	repisodic memories	repisodic memory	repisodic memory	repisodic_memory
http://data.loterre.fr/ark:/67375/p66-dqvdh2bn-m.1	mt+ areas	mt+ area	mt+ area	mt+_area
http://data.loterre.fr/ark:/67375/p66-drff94sx-b.1	procedural memories	procedural memory	procedural memory	procedural_memory
http://data.loterre.fr/ark:/67375/p66-drk58lf2-s.1	working memory questionnaires	working memory questionnaire	working memory questionnaire	working_memory_questionnaire
http://data.loterre.fr/ark:/67375/p66-ds278xgs-q.2	mediated priming effects	mediated priming effect	mediated priming effect	mediated_priming_effect
http://data.loterre.fr/ark:/67375/p66-ds278xgs-q.3	mediated primings	mediated priming	mediated priming effect	mediated_priming_effect
http://data.loterre.fr/ark:/67375/p66-ds6fs5bx-4.1	topographical working memories	topographical working memory	topographical working memory	topographical_working_memory
http://data.loterre.fr/ark:/67375/p66-dswz2t3b-8.2	lag effects	lag effect	lag effect	lag_effect
http://data.loterre.fr/ark:/67375/p66-dswz2t3b-8.3	melton effects	melton effect	lag effect	lag_effect
http://data.loterre.fr/ark:/67375/p66-dtgsj8fl-r.1	memories foraging	memory foraging	memory foraging	memory_foraging
http://data.loterre.fr/ark:/67375/p66-dvhmmsp5-c.2	semantizations	semantization	semantization	semantization
http://data.loterre.fr/ark:/67375/p66-dvhmmsp5-c.3	semanticizations	semanticization	semantization	semantization
http://data.loterre.fr/ark:/67375/p66-dvr59lf6-t.2	functional magnetic resonance imagings	functional magnetic resonance imaging	functional magnetic resonance imaging	functional_magnetic_resonance_imaging
http://data.loterre.fr/ark:/67375/p66-dvr59lf6-t.3	fmri	fmri	functional magnetic resonance imaging	functional_magnetic_resonance_imaging
http://data.loterre.fr/ark:/67375/p66-dvr59lf6-t.4	functional mris	functional mri	functional magnetic resonance imaging	functional_magnetic_resonance_imaging
http://data.loterre.fr/ark:/67375/p66-dw563n6b-2.1	redintegrations	redintegration	redintegration	redintegration
http://data.loterre.fr/ark:/67375/p66-dwq32rzc-f.2	modal models of memory	modal model of memory	modal model of memory	modal_model_of_memory
http://data.loterre.fr/ark:/67375/p66-dwq32rzc-f.3	atkinsons and shiffrin's model	atkinson and shiffrin's model	modal model of memory	modal_model_of_memory
http://data.loterre.fr/ark:/67375/p66-dxgb76s5-9.1	cognitive offloadings	cognitive offloading	cognitive offloading	cognitive_offloading
http://data.loterre.fr/ark:/67375/p66-dxpq8rpt-s.2	trauma film paradigms	trauma film paradigm	trauma film paradigm	trauma_film_paradigm
http://data.loterre.fr/ark:/67375/p66-dxpq8rpt-s.3	trauma clips	trauma clip	trauma film paradigm	trauma_film_paradigm
http://data.loterre.fr/ark:/67375/p66-dz76m0df-8.3	visuo-spatial sketchpads	visuo-spatial sketchpad	visuo-spatial sketchpad	visuo_spatial_sketchpad
http://data.loterre.fr/ark:/67375/p66-dz76m0df-8.4	vssps	vssp	visuo-spatial sketchpad	visuo_spatial_sketchpad
http://data.loterre.fr/ark:/67375/p66-dz76m0df-8.5	visuo-spatial scratchpads	visuo-spatial scratchpad	visuo-spatial sketchpad	visuo_spatial_sketchpad
http://data.loterre.fr/ark:/67375/p66-dz81jhjs-2.0	configural processing	configural processing	configural processing	configural_processing
http://data.loterre.fr/ark:/67375/p66-dz81jhjs-2.1	configurational processing	configurational processing	configural processing	configural_processing
http://data.loterre.fr/ark:/67375/p66-dzzpgz5r-g.3	primacy effects	primacy effect	primacy effect	primacy_effect
http://data.loterre.fr/ark:/67375/p66-dzzpgz5r-g.4	laws of primacy	law of primacy	primacy effect	primacy_effect
http://data.loterre.fr/ark:/67375/p66-dzzpgz5r-g.5	principles of primacy	principle of primacy	primacy effect	primacy_effect
http://data.loterre.fr/ark:/67375/p66-f1pmqz2z-s.2	negative priming effects	negative priming effect	negative priming effect	negative_priming_effect
http://data.loterre.fr/ark:/67375/p66-f1pmqz2z-s.3	negative primings	negative priming	negative priming effect	negative_priming_effect
http://data.loterre.fr/ark:/67375/p66-f2kvsn3w-m.2	centralities of event scale	centrality of event scale	centrality of event scale	centrality_of_event_scale
http://data.loterre.fr/ark:/67375/p66-f2kvsn3w-m.3	ce	ces	centrality of event scale	centrality_of_event_scale
http://data.loterre.fr/ark:/67375/p66-f2m62tmw-7.2	backward associative strengths	backward associative strength	backward associative strength	backward_associative_strength
http://data.loterre.fr/ark:/67375/p66-f2m62tmw-7.3	bases	bas	backward associative strength	backward_associative_strength
http://data.loterre.fr/ark:/67375/p66-f2wcgx5s-7.2	positive memory trainings	positive memory training	positive memory training	positive_memory_training
http://data.loterre.fr/ark:/67375/p66-f2wcgx5s-7.3	pomets	pomet	positive memory training	positive_memory_training
http://data.loterre.fr/ark:/67375/p66-f3p6pdwm-s.3	dual-probe recognition tasks ​	dual-probe recognition task ​	dual-probe recognition task ​	dual_probe_recognition_task_​
http://data.loterre.fr/ark:/67375/p66-f3p6pdwm-s.4	dual-probe recognition paradigms	dual-probe recognition paradigm	dual-probe recognition task ​	dual_probe_recognition_task_​
http://data.loterre.fr/ark:/67375/p66-f3p6pdwm-s.5	dual-probe recognition procedures	dual-probe recognition procedure	dual-probe recognition task ​	dual_probe_recognition_task_​
http://data.loterre.fr/ark:/67375/p66-f5x8hxl1-6.5	cognitive loads	cognitive load	cognitive load	cognitive_load
http://data.loterre.fr/ark:/67375/p66-f5x8hxl1-6.6	cognitive efforts	cognitive effort	cognitive load	cognitive_load
http://data.loterre.fr/ark:/67375/p66-f5x8hxl1-6.7	mental loads	mental load	cognitive load	cognitive_load
http://data.loterre.fr/ark:/67375/p66-f5x8hxl1-6.8	processing capacities	processing capacity	cognitive load	cognitive_load
http://data.loterre.fr/ark:/67375/p66-f5x8hxl1-6.9	workloads	workload	cognitive load	cognitive_load
http://data.loterre.fr/ark:/67375/p66-f621jlhv-v.1	sensory reactivation hypotheses	sensory reactivation hypothesis	sensory reactivation hypothesis	sensory_reactivation_hypothesis
http://data.loterre.fr/ark:/67375/p66-f8jmf1vc-g.9	own-race biases	own-race bias	own-race bias	own_race_bias
http://data.loterre.fr/ark:/67375/p66-f8jmf1vc-g.10	ores	ore	own-race bias	own_race_bias
http://data.loterre.fr/ark:/67375/p66-f8jmf1vc-g.11	cross-race deficits	cross-race deficit	own-race bias	own_race_bias
http://data.loterre.fr/ark:/67375/p66-f8jmf1vc-g.12	cross-race effects	cross-race effect	own-race bias	own_race_bias
http://data.loterre.fr/ark:/67375/p66-f8jmf1vc-g.13	cross-race identification biases	cross-race identification bias	own-race bias	own_race_bias
http://data.loterre.fr/ark:/67375/p66-f8jmf1vc-g.14	cross-race recognition deficits	cross-race recognition deficit	own-race bias	own_race_bias
http://data.loterre.fr/ark:/67375/p66-f8jmf1vc-g.15	other race effects	other race effect	own-race bias	own_race_bias
http://data.loterre.fr/ark:/67375/p66-f8jmf1vc-g.16	own-ethnicity biases	own-ethnicity bias	own-race bias	own_race_bias
http://data.loterre.fr/ark:/67375/p66-f8jmf1vc-g.17	own-race recognition deficits	own-race recognition deficit	own-race bias	own_race_bias
http://data.loterre.fr/ark:/67375/p66-f91w5xds-c.1	conceptual selves	conceptual self	conceptual self	conceptual_self
http://data.loterre.fr/ark:/67375/p66-f993crvc-r.2	judgments of learning	judgment of learning	judgment of learning	judgment_of_learning
http://data.loterre.fr/ark:/67375/p66-f993crvc-r.3	jols	jol	judgment of learning	judgment_of_learning
http://data.loterre.fr/ark:/67375/p66-fb57gcjs-6.1	infants	infant	infant	infant
http://data.loterre.fr/ark:/67375/p66-fb7zbsrt-5.1	misplacement confabulations	misplacement confabulation	misplacement confabulation	misplacement_confabulation
http://data.loterre.fr/ark:/67375/p66-ff4jcfqj-n.1	global matching models	global matching model	global matching model	global_matching_model
http://data.loterre.fr/ark:/67375/p66-fhbh7kr6-z.1	retrieval stoppings	retrieval stopping	retrieval stopping	retrieval_stopping
http://data.loterre.fr/ark:/67375/p66-fhfqhwqb-c.2	implanted false memories	implanted false memory	implanted false memory	implanted_false_memory
http://data.loterre.fr/ark:/67375/p66-fhfqhwqb-c.3	rich false memories	rich false memory	implanted false memory	implanted_false_memory
http://data.loterre.fr/ark:/67375/p66-fjn7r4wl-5.2	proper name anomias	proper name anomia	proper name anomia	proper_name_anomia
http://data.loterre.fr/ark:/67375/p66-fjn7r4wl-5.3	proper noun anomias	proper noun anomia	proper name anomia	proper_name_anomia
http://data.loterre.fr/ark:/67375/p66-fkspm177-m.1	double-cue methods	double-cue method	double-cue method	double_cue_method
http://data.loterre.fr/ark:/67375/p66-fkzt3cnd-c.1	laws of disuse	law of disuse	law of disuse	law_of_disuse
http://data.loterre.fr/ark:/67375/p66-fm726cxz-4.1	episodic buffers	episodic buffer	episodic buffer	episodic_buffer
http://data.loterre.fr/ark:/67375/p66-fnn3ttq9-v.2	prospective remembering video procedures	prospective remembering video procedure	prospective remembering video procedure	prospective_remembering_video_procedure
http://data.loterre.fr/ark:/67375/p66-fnn3ttq9-v.3	pmvps	pmvp	prospective remembering video procedure	prospective_remembering_video_procedure
http://data.loterre.fr/ark:/67375/p66-fpgrs2kw-v.1	negation-induced forgettings	negation-induced forgetting	negation-induced forgetting	negation_induced_forgetting
http://data.loterre.fr/ark:/67375/p66-fqv2gf1j-6.1	einstein and mcdaniel’s paradigms	einstein and mcdaniel’s paradigm	einstein and mcdaniel’s paradigm	einstein_and_mcdaniel's_paradigm
http://data.loterre.fr/ark:/67375/p66-fqxk8kbn-c.1	hypermnesias (pathology)	hypermnesia (pathology)	hypermnesia (pathology)	hypermnesia_(pathology)
http://data.loterre.fr/ark:/67375/p66-fs1vm1fp-l.1	computation span tasks	computation span task	computation span task	computation_span_task
http://data.loterre.fr/ark:/67375/p66-fs7bmm5m-8.3	amodal representations	amodal representation	amodal representation	amodal_representation
http://data.loterre.fr/ark:/67375/p66-fs7bmm5m-8.4	abstract representations	abstract representation	amodal representation	amodal_representation
http://data.loterre.fr/ark:/67375/p66-fs7bmm5m-8.5	amodal symbols	amodal symbol	amodal representation	amodal_representation
http://data.loterre.fr/ark:/67375/p66-fsxq9vf0-h.1	wisconsin card sorting tests	wisconsin card sorting test	wisconsin card sorting test	wisconsin_card_sorting_test
http://data.loterre.fr/ark:/67375/p66-fvxlbvmp-8.1	local recognition tasks	local recognition task	local recognition task	local_recognition_task
http://data.loterre.fr/ark:/67375/p66-fw8sw88q-2.1	stochastic independences	stochastic independence	stochastic independence	stochastic_independence
http://data.loterre.fr/ark:/67375/p66-fw8v8tv0-w.1	suggestibilities	suggestibility	suggestibility	suggestibility
http://data.loterre.fr/ark:/67375/p66-fwgqvh2s-r.1	adaptive memories	adaptive memory	adaptive memory	adaptive_memory
http://data.loterre.fr/ark:/67375/p66-fwzs318n-7.1	memory distrust syndromes	memory distrust syndrome	memory distrust syndrome	memory_distrust_syndrome
http://data.loterre.fr/ark:/67375/p66-fz3s259c-7.3	multi-process theories of prospective memory	multi-process theory of prospective memory	multi-process theory of prospective memory	multi_process_theory_of_prospective_memory
http://data.loterre.fr/ark:/67375/p66-fz3s259c-7.4	multiprocess frameworks	multiprocess framework	multi-process theory of prospective memory	multi_process_theory_of_prospective_memory
http://data.loterre.fr/ark:/67375/p66-fz3s259c-7.5	multiprocess theories	multiprocess theory	multi-process theory of prospective memory	multi_process_theory_of_prospective_memory
http://data.loterre.fr/ark:/67375/p66-fzsqx285-z.1	accessibility/availabilities	accessibility/availability	accessibility/availability	accessibility_availability
http://data.loterre.fr/ark:/67375/p66-g0gx2bms-r.4	dual process signal detection models	dual process signal detection model	dual process signal detection model	dual_process_signal_detection_model
http://data.loterre.fr/ark:/67375/p66-g0gx2bms-r.5	dpsds	dpsd	dual process signal detection model	dual_process_signal_detection_model
http://data.loterre.fr/ark:/67375/p66-g0gx2bms-r.6	dpsdts	dpsdt	dual process signal detection model	dual_process_signal_detection_model
http://data.loterre.fr/ark:/67375/p66-g0gx2bms-r.7	dual process signal detection theories	dual process signal detection theory	dual process signal detection model	dual_process_signal_detection_model
http://data.loterre.fr/ark:/67375/p66-g0rh1q4b-x.1	matrix models	matrix model	matrix model	matrix_model
http://data.loterre.fr/ark:/67375/p66-g24hfptq-2.2	test-wait-test-exit models	test-wait-test-exit model	test-wait-test-exit model	test_wait_test_exit_model
http://data.loterre.fr/ark:/67375/p66-g24hfptq-2.3	twte models	twte model	test-wait-test-exit model	test_wait_test_exit_model
http://data.loterre.fr/ark:/67375/p66-g40jxqwq-3.2	maintenance rehearsals	maintenance rehearsal	maintenance rehearsal	maintenance_rehearsal
http://data.loterre.fr/ark:/67375/p66-g40jxqwq-3.3	types i processing	type i processing	maintenance rehearsal	maintenance_rehearsal
http://data.loterre.fr/ark:/67375/p66-g47s1jvj-b.1	recognitions through semantic synchronization model	recognition through semantic synchronization model	recognition through semantic synchronization model	recognition_through_semantic_synchronization_model
http://data.loterre.fr/ark:/67375/p66-g4dlbk9r-m.2	morphological priming effects	morphological priming effect	morphological priming effect	morphological_priming_effect
http://data.loterre.fr/ark:/67375/p66-g4dlbk9r-m.3	morphological primings	morphological priming	morphological priming effect	morphological_priming_effect
http://data.loterre.fr/ark:/67375/p66-g5759t52-c.1	recollective confabulations	recollective confabulation	recollective confabulation	recollective_confabulation
http://data.loterre.fr/ark:/67375/p66-g5bcpp16-s.4	corsi tasks	corsi task	corsi task	corsi_task
http://data.loterre.fr/ark:/67375/p66-g5bcpp16-s.5	corsi blocks tapping test	corsi block tapping test	corsi task	corsi_task
http://data.loterre.fr/ark:/67375/p66-g5bcpp16-s.6	corsi block tasks	corsi block task	corsi task	corsi_task
http://data.loterre.fr/ark:/67375/p66-g5bcpp16-s.7	corsi tests	corsi test	corsi task	corsi_task
http://data.loterre.fr/ark:/67375/p66-g5hbprdg-8.0	simple chunking	simple chunking	simple chunking	simple_chunking
http://data.loterre.fr/ark:/67375/p66-g5j4cz0l-c.2	hyperpriming effects	hyperpriming effect	hyperpriming effect	hyperpriming_effect
http://data.loterre.fr/ark:/67375/p66-g5j4cz0l-c.3	hyperprimings	hyperpriming	hyperpriming effect	hyperpriming_effect
http://data.loterre.fr/ark:/67375/p66-g5zpksz8-1.2	own-sex biases	own-sex bias	own-sex bias	own_sex_bias
http://data.loterre.fr/ark:/67375/p66-g5zpksz8-1.3	own-gender biases	own-gender bias	own-sex bias	own_sex_bias
http://data.loterre.fr/ark:/67375/p66-g6dd596l-h.1	complementary learning system	complementary learning systems	complementary learning systems	complementary_learning_systems
http://data.loterre.fr/ark:/67375/p66-g6sjtfqc-7.1	declarative working memories	declarative working memory	declarative working memory	declarative_working_memory
http://data.loterre.fr/ark:/67375/p66-g7r7sm8m-w.1	event segmentation theories	event segmentation theory	event segmentation theory	event_segmentation_theory
http://data.loterre.fr/ark:/67375/p66-g7r7sm8m-w.2	est	est	event segmentation theory	event_segmentation_theory
http://data.loterre.fr/ark:/67375/p66-g7trsdn4-m.3	simulation theories	simulation theory	simulation theory	simulation_theory
http://data.loterre.fr/ark:/67375/p66-g7trsdn4-m.4	simulationisms	simulationism	simulation theory	simulation_theory
http://data.loterre.fr/ark:/67375/p66-g7trsdn4-m.5	simulationist approaches	simulationist approach	simulation theory	simulation_theory
http://data.loterre.fr/ark:/67375/p66-gd1bp0vw-g.1	reference-back paradigms	reference-back paradigm	reference-back paradigm	reference_back_paradigm
http://data.loterre.fr/ark:/67375/p66-gdvh1z2g-1.2	von restorff effects	von restorff effect	von restorff effect	von_restorff_effect
http://data.loterre.fr/ark:/67375/p66-gdvh1z2g-1.3	isolation effects	isolation effect	von restorff effect	von_restorff_effect
http://data.loterre.fr/ark:/67375/p66-gf5lhh36-1.2	crashing memories paradigm	crashing memories paradigm	crashing memories paradigm	crashing_memories_paradigm
http://data.loterre.fr/ark:/67375/p66-gf5lhh36-1.3	crashing memories tasks	crashing memories task	crashing memories paradigm	crashing_memories_paradigm
http://data.loterre.fr/ark:/67375/p66-gf5lhh36-1.4	non-existent news-footage paradigms	non-existent news-footage paradigm	crashing memories paradigm	crashing_memories_paradigm
http://data.loterre.fr/ark:/67375/p66-ghngg5zb-3.1	haptic memories	haptic memory	haptic memory	haptic_memory
http://data.loterre.fr/ark:/67375/p66-glk4q9x5-7.3	sensory memories	sensory memory	sensory memory	sensory_memory
http://data.loterre.fr/ark:/67375/p66-glk4q9x5-7.4	preattentive immediate memories	preattentive immediate memory	sensory memory	sensory_memory
http://data.loterre.fr/ark:/67375/p66-glk4q9x5-7.5	sensory registers	sensory register	sensory memory	sensory_memory
http://data.loterre.fr/ark:/67375/p66-gm3kp6tp-f.3	syntactic priming effects	syntactic priming effect	syntactic priming effect	syntactic_priming_effect
http://data.loterre.fr/ark:/67375/p66-gm3kp6tp-f.4	structural persistence	structural persistence	syntactic priming effect	syntactic_priming_effect
http://data.loterre.fr/ark:/67375/p66-gm3kp6tp-f.5	structural primings	structural priming	syntactic priming effect	syntactic_priming_effect
http://data.loterre.fr/ark:/67375/p66-gm3kp6tp-f.6	syntactic persistence	syntactic persistence	syntactic priming effect	syntactic_priming_effect
http://data.loterre.fr/ark:/67375/p66-gm3kp6tp-f.7	syntactic primings	syntactic priming	syntactic priming effect	syntactic_priming_effect
http://data.loterre.fr/ark:/67375/p66-gmv9t2w9-s.3	category-specific semantic deficits	category-specific semantic deficit	category-specific semantic deficit	category_specific_semantic_deficit
http://data.loterre.fr/ark:/67375/p66-gmv9t2w9-s.4	category-specific deficits	category-specific deficit	category-specific semantic deficit	category_specific_semantic_deficit
http://data.loterre.fr/ark:/67375/p66-gmv9t2w9-s.5	category-specific semantic impairments	category-specific semantic impairment	category-specific semantic deficit	category_specific_semantic_deficit
http://data.loterre.fr/ark:/67375/p66-gn4tk3m7-8.0	pure progressive amnesia	pure progressive amnesia	pure progressive amnesia	pure_progressive_amnesia
http://data.loterre.fr/ark:/67375/p66-gnql7x5h-b.2	rapid serial visual presentations	rapid serial visual presentation	rapid serial visual presentation	rapid_serial_visual_presentation
http://data.loterre.fr/ark:/67375/p66-gnql7x5h-b.3	rsvps	rsvp	rapid serial visual presentation	rapid_serial_visual_presentation
http://data.loterre.fr/ark:/67375/p66-gnsxtw6l-p.2	oscar models	oscar model	oscar model	oscar_model
http://data.loterre.fr/ark:/67375/p66-gnsxtw6l-p.3	oscillator-based associative recalls	oscillator-based associative recall	oscar model	oscar_model
http://data.loterre.fr/ark:/67375/p66-gphtm10g-s.2	comprehensive assessments of prospective memory	comprehensive assessment of prospective memory	comprehensive assessment of prospective memory	comprehensive_assessment_of_prospective_memory
http://data.loterre.fr/ark:/67375/p66-gphtm10g-s.3	capms	capm	comprehensive assessment of prospective memory	comprehensive_assessment_of_prospective_memory
http://data.loterre.fr/ark:/67375/p66-gstmmftx-5.2	hunter-mccrary hypotheses	hunter-mccrary hypothesis	hunter-mccrary hypothesis	hunter_mccrary_hypothesis
http://data.loterre.fr/ark:/67375/p66-gstmmftx-5.3	hunter-mccrary laws	hunter-mccrary law	hunter-mccrary hypothesis	hunter_mccrary_hypothesis
http://data.loterre.fr/ark:/67375/p66-gt96ks10-p.2	intrusive memories	intrusive memory	intrusive memory	intrusive_memory
http://data.loterre.fr/ark:/67375/p66-gt96ks10-p.3	memory intrusions	memory intrusion	intrusive memory	intrusive_memory
http://data.loterre.fr/ark:/67375/p66-gv12x82m-c.2	autobiographical fluency tasks	autobiographical fluency task	autobiographical fluency task	autobiographical_fluency_task
http://data.loterre.fr/ark:/67375/p66-gv12x82m-c.3	autobiographical verbal fluency tasks	autobiographical verbal fluency task	autobiographical fluency task	autobiographical_fluency_task
http://data.loterre.fr/ark:/67375/p66-gvcftjql-b.3	ranschburg phenomena	ranschburg phenomenon	ranschburg phenomenon	ranschburg_phenomenon
http://data.loterre.fr/ark:/67375/p66-gvcftjql-b.4	ranschburg effects	ranschburg effect	ranschburg phenomenon	ranschburg_phenomenon
http://data.loterre.fr/ark:/67375/p66-gvcftjql-b.5	repetition inhibitions	repetition inhibition	ranschburg phenomenon	ranschburg_phenomenon
http://data.loterre.fr/ark:/67375/p66-gw54nkzt-g.2	strategic priming effects	strategic priming effect	strategic priming effect	strategic_priming_effect
http://data.loterre.fr/ark:/67375/p66-gw54nkzt-g.3	strategic primings	strategic priming	strategic priming effect	strategic_priming_effect
http://data.loterre.fr/ark:/67375/p66-gwcfksrw-9.1	spi models	spi model	spi model	spi_model
http://data.loterre.fr/ark:/67375/p66-gwxm150s-5.5	investigative interviews	investigative interview	investigative interview	investigative_interview
http://data.loterre.fr/ark:/67375/p66-gwxm150s-5.6	forensic interviews	forensic interview	investigative interview	investigative_interview
http://data.loterre.fr/ark:/67375/p66-gwxm150s-5.7	forensic interviewings	forensic interviewing	investigative interview	investigative_interview
http://data.loterre.fr/ark:/67375/p66-gwxm150s-5.8	interrogations	interrogation	investigative interview	investigative_interview
http://data.loterre.fr/ark:/67375/p66-gwxm150s-5.9	investigative interviewings	investigative interviewing	investigative interview	investigative_interview
http://data.loterre.fr/ark:/67375/p66-gx38vz6k-r.1	flashbulb memories	flashbulb memory	flashbulb memory	flashbulb_memory
http://data.loterre.fr/ark:/67375/p66-gxcw895f-s.7	methods of loci	method of loci	method of loci	method_of_loci
http://data.loterre.fr/ark:/67375/p66-gxcw895f-s.8	mols	mol	method of loci	method_of_loci
http://data.loterre.fr/ark:/67375/p66-gxcw895f-s.9	loci methods	loci method	method of loci	method_of_loci
http://data.loterre.fr/ark:/67375/p66-gxcw895f-s.10	loci mnemonic	loci mnemonics	method of loci	method_of_loci
http://data.loterre.fr/ark:/67375/p66-gxcw895f-s.11	memory palaces	memory palace	method of loci	method_of_loci
http://data.loterre.fr/ark:/67375/p66-gxcw895f-s.12	mental walk techniques	mental walk technique	method of loci	method_of_loci
http://data.loterre.fr/ark:/67375/p66-gxcw895f-s.13	palaces of memory	palace of memory	method of loci	method_of_loci
http://data.loterre.fr/ark:/67375/p66-gxgh17kd-g.1	overt-repetition techniques	overt-repetition technique	overt-repetition technique	overt_repetition_technique
http://data.loterre.fr/ark:/67375/p66-gxn88qst-d.2	autobiographical memory tests	autobiographical memory test	autobiographical memory test	autobiographical_memory_test
http://data.loterre.fr/ark:/67375/p66-gxn88qst-d.3	amts	amt	autobiographical memory test	autobiographical_memory_test
http://data.loterre.fr/ark:/67375/p66-gxvkgg51-r.1	eyewitness metamemory scales	eyewitness metamemory scale	eyewitness metamemory scale	eyewitness_metamemory_scale
http://data.loterre.fr/ark:/67375/p66-gz08ch4r-c.4	superagers	superager	superager	superager
http://data.loterre.fr/ark:/67375/p66-gz08ch4r-c.5	highly performing older adults	highly performing older adult	superager	superager
http://data.loterre.fr/ark:/67375/p66-gz08ch4r-c.6	successful agers	successful ager	superager	superager
http://data.loterre.fr/ark:/67375/p66-gz08ch4r-c.7	superagings	superaging	superager	superager
http://data.loterre.fr/ark:/67375/p66-gz969c25-l.3	memory binding tests	memory binding test	memory binding test	memory_binding_test
http://data.loterre.fr/ark:/67375/p66-gz969c25-l.4	fmbt	fmbt	memory binding test	memory_binding_test
http://data.loterre.fr/ark:/67375/p66-gz969c25-l.5	mbts	mbt	memory binding test	memory_binding_test
http://data.loterre.fr/ark:/67375/p66-gz969c25-l.6	memory capacity tests	memory capacity test	memory binding test	memory_binding_test
http://data.loterre.fr/ark:/67375/p66-h0017q3p-h.2	demonstrations for more detail technique	demonstration for more detail technique	demonstration for more detail technique	demonstration_for_more_detail_technique
http://data.loterre.fr/ark:/67375/p66-h0017q3p-h.3	demo techniques	demo technique	demonstration for more detail technique	demonstration_for_more_detail_technique
http://data.loterre.fr/ark:/67375/p66-h03t8dfx-c.1	acquired equivalence paradigms	acquired equivalence paradigm	acquired equivalence paradigm	acquired_equivalence_paradigm
http://data.loterre.fr/ark:/67375/p66-h1809vwn-p.1	embedded-processes models	embedded-processes model	embedded-processes model	embedded_processes_model
http://data.loterre.fr/ark:/67375/p66-h1kpj0k3-h.3	subjective memory questionnaires	subjective memory questionnaire	subjective memory questionnaire	subjective_memory_questionnaire
http://data.loterre.fr/ark:/67375/p66-h1kpj0k3-h.4	smqs	smq	subjective memory questionnaire	subjective_memory_questionnaire
http://data.loterre.fr/ark:/67375/p66-h1kpj0k3-h.5	smq-rs	smq-r	subjective memory questionnaire	subjective_memory_questionnaire
http://data.loterre.fr/ark:/67375/p66-h1kpj0k3-h.6	subjective memory questionnaire-revised	subjective memory questionnaire-revised	subjective memory questionnaire	subjective_memory_questionnaire
http://data.loterre.fr/ark:/67375/p66-h1p8m0c1-q.1	supervisory attentional systems	supervisory attentional system	supervisory attentional system	supervisory_attentional_system
http://data.loterre.fr/ark:/67375/p66-h2017hmg-3.3	statistical learnings	statistical learning	statistical learning	statistical_learning
http://data.loterre.fr/ark:/67375/p66-h2017hmg-3.4	implicit probabilistic learnings	implicit probabilistic learning	statistical learning	statistical_learning
http://data.loterre.fr/ark:/67375/p66-h2017hmg-3.5	sequences learning	sequence learning	statistical learning	statistical_learning
http://data.loterre.fr/ark:/67375/p66-h2rqdv8d-4.1	l.s. cases	l.s. case	l.s. case	l.s._case
http://data.loterre.fr/ark:/67375/p66-h2rqdv8d-4.2	l.s. patient	l.s. patient	l.s. case	l.s._case
http://data.loterre.fr/ark:/67375/p66-h399qllg-0.0	bottom-up processing	bottom-up processing	bottom-up processing	bottom_up_processing
http://data.loterre.fr/ark:/67375/p66-h3kpp4c4-4.1	vicarious memories	vicarious memory	vicarious memory	vicarious_memory
http://data.loterre.fr/ark:/67375/p66-h3mg41vm-g.1	word-fragment completion tasks	word-fragment completion task	word-fragment completion task	word_fragment_completion_task
http://data.loterre.fr/ark:/67375/p66-h4kq48cq-3.3	magnetoencephalographies	magnetoencephalography	magnetoencephalography	magnetoencephalography
http://data.loterre.fr/ark:/67375/p66-h4kq48cq-3.4	megs	meg	magnetoencephalography	magnetoencephalography
http://data.loterre.fr/ark:/67375/p66-h4kq48cq-3.5	magnetoencephalograms	magnetoencephalogram	magnetoencephalography	magnetoencephalography
http://data.loterre.fr/ark:/67375/p66-h4vtf2fl-3.3	hippocampal memory indexing theories	hippocampal memory indexing theory	hippocampal memory indexing theory	hippocampal_memory_indexing_theory
http://data.loterre.fr/ark:/67375/p66-h4vtf2fl-3.4	hits	hit	hippocampal memory indexing theory	hippocampal_memory_indexing_theory
http://data.loterre.fr/ark:/67375/p66-h4vtf2fl-3.5	hippocampal indexing theories	hippocampal indexing theory	hippocampal memory indexing theory	hippocampal_memory_indexing_theory
http://data.loterre.fr/ark:/67375/p66-h5ms00f5-9.1	visual association tests	visual association test	visual association test	visual_association_test
http://data.loterre.fr/ark:/67375/p66-h6b44k9z-b.3	face-name associative memory exams	face-name associative memory exam	face-name associative memory exam	face_name_associative_memory_exam
http://data.loterre.fr/ark:/67375/p66-h6b44k9z-b.4	fnames	fname	face-name associative memory exam	face_name_associative_memory_exam
http://data.loterre.fr/ark:/67375/p66-h6b44k9z-b.5	face-name associative memory tests	face-name associative memory test	face-name associative memory exam	face_name_associative_memory_exam
http://data.loterre.fr/ark:/67375/p66-h6mw587m-j.1	spin lists	spin list	spin list	spin_list
http://data.loterre.fr/ark:/67375/p66-h7095f6k-j.1	elaborations	elaboration	elaboration	elaboration
http://data.loterre.fr/ark:/67375/p66-h857vqmn-z.1	selective directed forgetting effects	selective directed forgetting effect	selective directed forgetting effect	selective_directed_forgetting_effect
http://data.loterre.fr/ark:/67375/p66-h8bvmrzn-c.1	fusion methods	fusion method	fusion method	fusion_method
http://data.loterre.fr/ark:/67375/p66-h8fhgk18-f.1	distributional hypotheses	distributional hypothesis	distributional hypothesis	distributional_hypothesis
http://data.loterre.fr/ark:/67375/p66-h8fhgk18-f.2	distributional semantics	distributional semantics	distributional hypothesis	distributional_hypothesis
http://data.loterre.fr/ark:/67375/p66-h946n395-n.1	action memories	action memory	action memory	action_memory
http://data.loterre.fr/ark:/67375/p66-hbgv2x07-t.1	single-process model of recognition memory	single-process models of recognition memory	single-process models of recognition memory	single_process_models_of_recognition_memory
http://data.loterre.fr/ark:/67375/p66-hcfm2n9d-p.2	autobiographical memory networks	autobiographical memory network	autobiographical memory network	autobiographical_memory_network
http://data.loterre.fr/ark:/67375/p66-hcfm2n9d-p.3	autobiographical memory core networks	autobiographical memory core network	autobiographical memory network	autobiographical_memory_network
http://data.loterre.fr/ark:/67375/p66-hd9nft5w-d.1	implementation intentions	implementation intention	implementation intention	implementation_intention
http://data.loterre.fr/ark:/67375/p66-hdsr1wkc-7.1	color-word contingency learning tasks	color-word contingency learning task	color-word contingency learning task	color_word_contingency_learning_task
http://data.loterre.fr/ark:/67375/p66-hf89w76c-l.2	self-directed learnings	self-directed learning	self-directed learning	self_directed_learning
http://data.loterre.fr/ark:/67375/p66-hf89w76c-l.3	self-regulated learnings	self-regulated learning	self-directed learning	self_directed_learning
http://data.loterre.fr/ark:/67375/p66-hflqlv31-8.8	aged adults	aged adult	aged adult	aged_adult
http://data.loterre.fr/ark:/67375/p66-hflqlv31-8.9	aged individuals	aged individual	aged adult	aged_adult
http://data.loterre.fr/ark:/67375/p66-hflqlv31-8.10	aged persons	aged person	aged adult	aged_adult
http://data.loterre.fr/ark:/67375/p66-hflqlv31-8.11	elderly	elderly	aged adult	aged_adult
http://data.loterre.fr/ark:/67375/p66-hflqlv31-8.12	old adults	old adult	aged adult	aged_adult
http://data.loterre.fr/ark:/67375/p66-hflqlv31-8.13	old persons	old person	aged adult	aged_adult
http://data.loterre.fr/ark:/67375/p66-hflqlv31-8.14	older adults	older adult	aged adult	aged_adult
http://data.loterre.fr/ark:/67375/p66-hflqlv31-8.15	older individuals	older individual	aged adult	aged_adult
http://data.loterre.fr/ark:/67375/p66-hflqlv31-8.16	older persons	older person	aged adult	aged_adult
http://data.loterre.fr/ark:/67375/p66-hflqlv31-8.17	senior	senior	aged adult	aged_adult
http://data.loterre.fr/ark:/67375/p66-hhh7zm8w-m.6	mattis dementia rating scales	mattis dementia rating scale	mattis dementia rating scale	mattis_dementia_rating_scale
http://data.loterre.fr/ark:/67375/p66-hhh7zm8w-m.7	dr	drs	mattis dementia rating scale	mattis_dementia_rating_scale
http://data.loterre.fr/ark:/67375/p66-hhh7zm8w-m.8	dementia rating scales	dementia rating scale	mattis dementia rating scale	mattis_dementia_rating_scale
http://data.loterre.fr/ark:/67375/p66-hhh7zm8w-m.9	mdrses	mdrs	mattis dementia rating scale	mattis_dementia_rating_scale
http://data.loterre.fr/ark:/67375/p66-hhh7zm8w-m.10	mdrs-2	mdrs-2	mattis dementia rating scale	mattis_dementia_rating_scale
http://data.loterre.fr/ark:/67375/p66-hhh7zm8w-m.11	mdrs-second editions	mdrs-second edition	mattis dementia rating scale	mattis_dementia_rating_scale
http://data.loterre.fr/ark:/67375/p66-hhh7zm8w-m.12	mattis dementia rating scales 2	mattis dementia rating scale 2	mattis dementia rating scale	mattis_dementia_rating_scale
http://data.loterre.fr/ark:/67375/p66-hkg1kpxb-d.1	word-stem completion tasks	word-stem completion task	word-stem completion task	word_stem_completion_task
http://data.loterre.fr/ark:/67375/p66-hkhc8dbx-4.1	missing scan tasks	missing scan task	missing scan task	missing_scan_task
http://data.loterre.fr/ark:/67375/p66-hl3wzmjg-p.1	semantic distance tasks	semantic distance task	semantic distance task	semantic_distance_task
http://data.loterre.fr/ark:/67375/p66-hm68jqlj-z.1	beagle models	beagle model	beagle model	beagle_model
http://data.loterre.fr/ark:/67375/p66-hm68jqlj-z.2	bound encoding of the aggregate language environment model	bound encoding of the aggregate language environment model	beagle model	beagle_model
http://data.loterre.fr/ark:/67375/p66-hqlf2jw8-g.1	composite complex spans	composite complex span	composite complex span	composite_complex_span
http://data.loterre.fr/ark:/67375/p66-hqm4n2zz-m.1	self-report questionnaires	self-report questionnaire	self-report questionnaire	self_report_questionnaire
http://data.loterre.fr/ark:/67375/p66-hs91rpr9-x.1	habituation/dishabituation paradigms	habituation/dishabituation paradigm	habituation/dishabituation paradigm	habituation_dishabituation_paradigm
http://data.loterre.fr/ark:/67375/p66-hsc55791-g.1	constructive episodic simulation hypotheses	constructive episodic simulation hypothesis	constructive episodic simulation hypothesis	constructive_episodic_simulation_hypothesis
http://data.loterre.fr/ark:/67375/p66-hsj8mzrs-h.0	retrograde amnesia	retrograde amnesia	retrograde amnesia	retrograde_amnesia
http://data.loterre.fr/ark:/67375/p66-htr66sd3-n.1	direct tests of memory	direct test of memory	direct test of memory	direct_test_of_memory
http://data.loterre.fr/ark:/67375/p66-hzthqvs9-s.2	associative memory stroop tasks	associative memory stroop task	associative memory stroop task	associative_memory_stroop_task
http://data.loterre.fr/ark:/67375/p66-hzthqvs9-s.3	associative memory stroop paradigms	associative memory stroop paradigm	associative memory stroop task	associative_memory_stroop_task
http://data.loterre.fr/ark:/67375/p66-j1hbstjx-m.4	a-b, a-c learning tasks	a-b, a-c learning task	a-b, a-c learning task	a_b_a_c_learning_task
http://data.loterre.fr/ark:/67375/p66-j1hbstjx-m.5	a-bs, a-c paradigm	a-b, a-c paradigm	a-b, a-c learning task	a_b_a_c_learning_task
http://data.loterre.fr/ark:/67375/p66-j1hbstjx-m.6	a-b, a-d learnings	a-b, a-d learning	a-b, a-c learning task	a_b_a_c_learning_task
http://data.loterre.fr/ark:/67375/p66-j1hbstjx-m.7	a-bs, a-d paradigm	a-b, a-d paradigm	a-b, a-c learning task	a_b_a_c_learning_task
http://data.loterre.fr/ark:/67375/p66-j2zkskt7-x.1	auditory memories	auditory memory	auditory memory	auditory_memory
http://data.loterre.fr/ark:/67375/p66-j3jr31jw-1.2	hernet models	hernet model	hernet model	hernet_model
http://data.loterre.fr/ark:/67375/p66-j3jr31jw-1.3	hippocampal encoding/retrieval and network models	hippocampal encoding/retrieval and network model	hernet model	hernet_model
http://data.loterre.fr/ark:/67375/p66-j3tgr3qw-v.1	associative-activation theories	associative-activation theory	associative-activation theory	associative_activation_theory
http://data.loterre.fr/ark:/67375/p66-j5mm9009-6.2	minerva 2	minerva 2	minerva 2	minerva_2
http://data.loterre.fr/ark:/67375/p66-j5mm9009-6.3	minerva iis	minerva ii	minerva 2	minerva_2
http://data.loterre.fr/ark:/67375/p66-j5mm9009-6.4	minerva2s	minerva2	minerva 2	minerva_2
http://data.loterre.fr/ark:/67375/p66-j5twxw3h-q.1	spatial span tasks	spatial span task	spatial span task	spatial_span_task
http://data.loterre.fr/ark:/67375/p66-j5twxw3h-q.2	spatial span test	spatial span test	spatial span task	spatial_span_task
http://data.loterre.fr/ark:/67375/p66-j6qwdf2b-g.1	temporal compressions	temporal compression	temporal compression	temporal_compression
http://data.loterre.fr/ark:/67375/p66-j7qjpvmv-d.3	continuous reproduction tasks	continuous reproduction task	continuous reproduction task	continuous_reproduction_task
http://data.loterre.fr/ark:/67375/p66-j7qjpvmv-d.4	continuous report tasks	continuous report task	continuous reproduction task	continuous_reproduction_task
http://data.loterre.fr/ark:/67375/p66-j7qjpvmv-d.5	delayed estimation tasks	delayed estimation task	continuous reproduction task	continuous_reproduction_task
http://data.loterre.fr/ark:/67375/p66-j7t09rfb-9.1	indirect tests of memory	indirect test of memory	indirect test of memory	indirect_test_of_memory
http://data.loterre.fr/ark:/67375/p66-j8ghrzhl-d.1	adults	adult	adult	adult
http://data.loterre.fr/ark:/67375/p66-j9m18d03-p.1	explanatory role hypotheses	explanatory role hypothesis	explanatory role hypothesis	explanatory_role_hypothesis
http://data.loterre.fr/ark:/67375/p66-j9tz1w8n-8.1	thinking-induced forgettings	thinking-induced forgetting	thinking-induced forgetting	thinking_induced_forgetting
http://data.loterre.fr/ark:/67375/p66-jb1z9tf3-h.4	serial recall tasks	serial recall task	serial recall task	serial_recall_task
http://data.loterre.fr/ark:/67375/p66-jb1z9tf3-h.5	ordered recall tasks	ordered recall task	serial recall task	serial_recall_task
http://data.loterre.fr/ark:/67375/p66-jb1z9tf3-h.6	serial recalls	serial recall	serial recall task	serial_recall_task
http://data.loterre.fr/ark:/67375/p66-jb1z9tf3-h.7	serial recall tests	serial recall test	serial recall task	serial_recall_task
http://data.loterre.fr/ark:/67375/p66-jc8z1bpc-x.1	prospective confidences	prospective confidence	prospective confidence	prospective_confidence
http://data.loterre.fr/ark:/67375/p66-jcn78qxs-v.1	associative deficit hypotheses	associative deficit hypothesis	associative deficit hypothesis	associative_deficit_hypothesis
http://data.loterre.fr/ark:/67375/p66-jd19vjzw-4.2	retrieval practices	retrieval practice	retrieval practice	retrieval_practice
http://data.loterre.fr/ark:/67375/p66-jd19vjzw-4.3	recitations	recitation	retrieval practice	retrieval_practice
http://data.loterre.fr/ark:/67375/p66-jdm901rr-4.4	overgeneral memories	overgeneral memory	overgeneral memory	overgeneral_memory
http://data.loterre.fr/ark:/67375/p66-jdm901rr-4.5	memory overgeneralities	memory overgenerality	overgeneral memory	overgeneral_memory
http://data.loterre.fr/ark:/67375/p66-jdm901rr-4.6	overgeneral autobiographical memories	overgeneral autobiographical memory	overgeneral memory	overgeneral_memory
http://data.loterre.fr/ark:/67375/p66-jdm901rr-4.7	reduced autobiographical memory specificities	reduced autobiographical memory specificity	overgeneral memory	overgeneral_memory
http://data.loterre.fr/ark:/67375/p66-jdx6khsx-t.1	schema assimilation models	schema assimilation model	schema assimilation model	schema_assimilation_model
http://data.loterre.fr/ark:/67375/p66-jfxtxt0c-4.4	think/no-think paradigms	think/no-think paradigm	think/no-think paradigm	think_no_think_paradigm
http://data.loterre.fr/ark:/67375/p66-jfxtxt0c-4.5	tnts	tnt	think/no-think paradigm	think_no_think_paradigm
http://data.loterre.fr/ark:/67375/p66-jfxtxt0c-4.6	tnt paradigms	tnt paradigm	think/no-think paradigm	think_no_think_paradigm
http://data.loterre.fr/ark:/67375/p66-jfxtxt0c-4.7	tnt procedures	tnt procedure	think/no-think paradigm	think_no_think_paradigm
http://data.loterre.fr/ark:/67375/p66-jg3cz6kt-w.0	item-specific processing	item-specific processing	item-specific processing	item_specific_processing
http://data.loterre.fr/ark:/67375/p66-jgd6169k-g.2	sem models	sem model	sem model	sem_model
http://data.loterre.fr/ark:/67375/p66-jgd6169k-g.3	start-end models	start-end model	sem model	sem_model
http://data.loterre.fr/ark:/67375/p66-jgfqsvdn-1.5	wechsler memory scales	wechsler memory scale	wechsler memory scale	wechsler_memory_scale
http://data.loterre.fr/ark:/67375/p66-jgfqsvdn-1.6	wmses	wms	wechsler memory scale	wechsler_memory_scale
http://data.loterre.fr/ark:/67375/p66-jgfqsvdn-1.7	wmses-iii	wms-iii	wechsler memory scale	wechsler_memory_scale
http://data.loterre.fr/ark:/67375/p66-jgfqsvdn-1.8	wmses-iv	wms-iv	wechsler memory scale	wechsler_memory_scale
http://data.loterre.fr/ark:/67375/p66-jgfqsvdn-1.9	wmses-r	wms-r	wechsler memory scale	wechsler_memory_scale
http://data.loterre.fr/ark:/67375/p66-jgmn027g-s.2	preparatory attentional and memory processes theories	preparatory attentional and memory processes theory	preparatory attentional and memory processes theory	preparatory_attentional_and_memory_processes_theory
http://data.loterre.fr/ark:/67375/p66-jgmn027g-s.3	pam theories	pam theory	preparatory attentional and memory processes theory	preparatory_attentional_and_memory_processes_theory
http://data.loterre.fr/ark:/67375/p66-jj8wbd3l-k.2	subjective memory complaints questionnaires	subjective memory complaints questionnaire	subjective memory complaints questionnaire	subjective_memory_complaints_questionnaire
http://data.loterre.fr/ark:/67375/p66-jj8wbd3l-k.3	smcqs	smcq	subjective memory complaints questionnaire	subjective_memory_complaints_questionnaire
http://data.loterre.fr/ark:/67375/p66-jkfsd77j-g.1	functional serial position curves	functional serial position curve	functional serial position curve	functional_serial_position_curve
http://data.loterre.fr/ark:/67375/p66-jmf16vf1-q.1	perceptual fluencies	perceptual fluency	perceptual fluency	perceptual_fluency
http://data.loterre.fr/ark:/67375/p66-jn3xr89c-c.0	attribute amnesia	attribute amnesia	attribute amnesia	attribute_amnesia
http://data.loterre.fr/ark:/67375/p66-jn3xr89c-c.1	amnesia for attended attributes	amnesia for attended attributes	attribute amnesia	attribute_amnesia
http://data.loterre.fr/ark:/67375/p66-jp1bzgb7-6.0	ease of learning	ease of learning	ease of learning	ease_of_learning
http://data.loterre.fr/ark:/67375/p66-jp687hxg-1.1	collective false memories	collective false memory	collective false memory	collective_false_memory
http://data.loterre.fr/ark:/67375/p66-jphhcmkx-h.1	retrieval orientations	retrieval orientation	retrieval orientation	retrieval_orientation
http://data.loterre.fr/ark:/67375/p66-jpnm07c9-t.2	mnesis models	mnesis model	mnesis model	mnesis_model
http://data.loterre.fr/ark:/67375/p66-jpnm07c9-t.3	memory neostructural and inter-systemic models	memory neostructural and inter-systemic model	mnesis model	mnesis_model
http://data.loterre.fr/ark:/67375/p66-jqqczclq-r.2	orthographic working memories	orthographic working memory	orthographic working memory	orthographic_working_memory
http://data.loterre.fr/ark:/67375/p66-jqqczclq-r.3	graphemic buffers	graphemic buffer	orthographic working memory	orthographic_working_memory
http://data.loterre.fr/ark:/67375/p66-jqrwwnlb-8.2	associative memories	associative memory	associative memory	associative_memory
http://data.loterre.fr/ark:/67375/p66-jqrwwnlb-8.3	association-memories	association-memory	associative memory	associative_memory
http://data.loterre.fr/ark:/67375/p66-jrt9vh2m-m.1	continuous paired-associate learning tasks	continuous paired-associate learning task	continuous paired-associate learning task	continuous_paired_associate_learning_task
http://data.loterre.fr/ark:/67375/p66-jrxxxpg1-0.2	act-in theories	act-in theory	act-in theory	act_in_theory
http://data.loterre.fr/ark:/67375/p66-jrxxxpg1-0.3	activation-integration theories	activation-integration theory	act-in theory	act_in_theory
http://data.loterre.fr/ark:/67375/p66-js7bdwdb-1.1	earwitness testimonies	earwitness testimony	earwitness testimony	earwitness_testimony
http://data.loterre.fr/ark:/67375/p66-jsq860pf-r.1	bind cue decide model of episodic memory	bind cue decide model of episodic memory	bind cue decide model of episodic memory	bind_cue_decide_model_of_episodic_memory
http://data.loterre.fr/ark:/67375/p66-jsq860pf-r.2	bcdmem models	bcdmem model	bind cue decide model of episodic memory	bind_cue_decide_model_of_episodic_memory
http://data.loterre.fr/ark:/67375/p66-jtqbv59k-p.1	witness models	witness model	witness model	witness_model
http://data.loterre.fr/ark:/67375/p66-jwgtj6pw-1.2	multifactorial memory questionnaires	multifactorial memory questionnaire	multifactorial memory questionnaire	multifactorial_memory_questionnaire
http://data.loterre.fr/ark:/67375/p66-jwgtj6pw-1.3	mmqs	mmq	multifactorial memory questionnaire	multifactorial_memory_questionnaire
http://data.loterre.fr/ark:/67375/p66-jwph1z9n-t.2	times in-working-memory hypothesis	time in-working-memory hypothesis	time in-working-memory hypothesis	time_in_working_memory_hypothesis
http://data.loterre.fr/ark:/67375/p66-jwph1z9n-t.3	time in-wm hypotheses	time in-wm hypothesis	time in-working-memory hypothesis	time_in_working_memory_hypothesis
http://data.loterre.fr/ark:/67375/p66-jxkljjpb-x.3	simple models	simple model	simple model	simple_model
http://data.loterre.fr/ark:/67375/p66-jxkljjpb-x.4	scale independent memories, perception and learning model	scale independent memory, perception and learning model	simple model	simple_model
http://data.loterre.fr/ark:/67375/p66-jxkljjpb-x.5	scale invariant memory and perceptual learning models	scale invariant memory and perceptual learning model	simple model	simple_model
http://data.loterre.fr/ark:/67375/p66-jxnd260v-g.4	harold models	harold model	harold model	harold_model
http://data.loterre.fr/ark:/67375/p66-jxnd260v-g.5	harold hypotheses	harold hypothesis	harold model	harold_model
http://data.loterre.fr/ark:/67375/p66-jxnd260v-g.6	hemispheric asymmetry reductions in older adults	hemispheric asymmetry reduction in older adults	harold model	harold_model
http://data.loterre.fr/ark:/67375/p66-jxnd260v-g.7	hemispheric asymmetry reductions in older adults hypothesis	hemispheric asymmetry reduction in older adults hypothesis	harold model	harold_model
http://data.loterre.fr/ark:/67375/p66-k0d65x2x-x.1	positional coding theories	positional coding theory	positional coding theory	positional_coding_theory
http://data.loterre.fr/ark:/67375/p66-k262pnzj-3.0	controlled processing	controlled processing	controlled processing	controlled_processing
http://data.loterre.fr/ark:/67375/p66-k26dpgjm-0.1	athena models	athena model	athena model	athena_model
http://data.loterre.fr/ark:/67375/p66-k2xk742z-x.0	important memories method	important memories method	important memories method	important_memories_method
http://data.loterre.fr/ark:/67375/p66-k37fld01-v.2	royal prince alfred prospective memory tests	royal prince alfred prospective memory test	royal prince alfred prospective memory test	royal_prince_alfred_prospective_memory_test
http://data.loterre.fr/ark:/67375/p66-k37fld01-v.3	rpa-promems	rpa-promem	royal prince alfred prospective memory test	royal_prince_alfred_prospective_memory_test
http://data.loterre.fr/ark:/67375/p66-k38mbb96-g.1	inner scribes	inner scribe	inner scribe	inner_scribe
http://data.loterre.fr/ark:/67375/p66-k4tm9jll-k.1	spontaneous confabulations	spontaneous confabulation	spontaneous confabulation	spontaneous_confabulation
http://data.loterre.fr/ark:/67375/p66-k58rm8dt-0.1	go/no-go tasks	go/no-go task	go/no-go task	go_no_go_task
http://data.loterre.fr/ark:/67375/p66-k5mk7mbb-1.2	in-group/outgroup models	in-group/outgroup model	in-group/outgroup model	in_group_outgroup_model
http://data.loterre.fr/ark:/67375/p66-k5mk7mbb-1.3	ioms	iom	in-group/outgroup model	in_group_outgroup_model
http://data.loterre.fr/ark:/67375/p66-k6qvntdf-7.3	reminiscing styles	reminiscing style	reminiscing style	reminiscing_style
http://data.loterre.fr/ark:/67375/p66-k6qvntdf-7.4	conversational styles	conversational style	reminiscing style	reminiscing_style
http://data.loterre.fr/ark:/67375/p66-k6qvntdf-7.5	parental reminiscing styles	parental reminiscing style	reminiscing style	reminiscing_style
http://data.loterre.fr/ark:/67375/p66-k7qk5t5s-w.1	working memory period paradigms	working memory period paradigm	working memory period paradigm	working_memory_period_paradigm
http://data.loterre.fr/ark:/67375/p66-k87v4d11-t.2	transcranial direct current stimulations	transcranial direct current stimulation	transcranial direct current stimulation	transcranial_direct_current_stimulation
http://data.loterre.fr/ark:/67375/p66-k87v4d11-t.3	tdcses	tdcs	transcranial direct current stimulation	transcranial_direct_current_stimulation
http://data.loterre.fr/ark:/67375/p66-k8bkrrgb-q.2	mnemonic similarity tasks	mnemonic similarity task	mnemonic similarity task	mnemonic_similarity_task
http://data.loterre.fr/ark:/67375/p66-k8bkrrgb-q.3	behavioral pattern separation tasks	behavioral pattern separation task	mnemonic similarity task	mnemonic_similarity_task
http://data.loterre.fr/ark:/67375/p66-kc2wlh2z-9.4	skaggs-robinson hypotheses	skaggs-robinson hypothesis	skaggs-robinson hypothesis	skaggs_robinson_hypothesis
http://data.loterre.fr/ark:/67375/p66-kc2wlh2z-9.5	skaggs-robinson curves	skaggs-robinson curve	skaggs-robinson hypothesis	skaggs_robinson_hypothesis
http://data.loterre.fr/ark:/67375/p66-kc2wlh2z-9.6	skaggs-robinson laws	skaggs-robinson law	skaggs-robinson hypothesis	skaggs_robinson_hypothesis
http://data.loterre.fr/ark:/67375/p66-kc2wlh2z-9.7	similarity paradoxes	similarity paradox	skaggs-robinson hypothesis	skaggs_robinson_hypothesis
http://data.loterre.fr/ark:/67375/p66-kcjfsjmn-l.1	cybercruisers	cybercruiser	cybercruiser	cybercruiser
http://data.loterre.fr/ark:/67375/p66-kcmd8869-j.2	yes/no recognition tasks	yes/no recognition task	yes/no recognition task	yes_no_recognition_task
http://data.loterre.fr/ark:/67375/p66-kcmd8869-j.3	yes/no recognition paradigms	yes/no recognition paradigm	yes/no recognition task	yes_no_recognition_task
http://data.loterre.fr/ark:/67375/p66-kf6tkb5m-f.1	memory confusions	memory confusion	memory confusion	memory_confusion
http://data.loterre.fr/ark:/67375/p66-kgf9jfl6-2.6	sternberg tasks	sternberg task	sternberg task	sternberg_task
http://data.loterre.fr/ark:/67375/p66-kgf9jfl6-2.7	sternberg item recognition tasks	sternberg item recognition task	sternberg task	sternberg_task
http://data.loterre.fr/ark:/67375/p66-kgf9jfl6-2.8	sternberg paradigms	sternberg paradigm	sternberg task	sternberg_task
http://data.loterre.fr/ark:/67375/p66-kgf9jfl6-2.9	sternberg's memories scanning paradigm	sternberg's memory scanning paradigm	sternberg task	sternberg_task
http://data.loterre.fr/ark:/67375/p66-kgf9jfl6-2.10	memories scanning experiment	memory scanning experiment	sternberg task	sternberg_task
http://data.loterre.fr/ark:/67375/p66-kgf9jfl6-2.11	memories scanning paradigm	memory scanning paradigm	sternberg task	sternberg_task
http://data.loterre.fr/ark:/67375/p66-khj4fzq3-l.1	multitrial free recall tasks	multitrial free recall task	multitrial free recall task	multitrial_free_recall_task
http://data.loterre.fr/ark:/67375/p66-khjsdwcq-6.2	functionalist theory of memory	functionalist theories of memory	functionalist theories of memory	functionalist_theories_of_memory
http://data.loterre.fr/ark:/67375/p66-khjsdwcq-6.3	procedural theory of memory	procedural theories of memory	functionalist theories of memory	functionalist_theories_of_memory
http://data.loterre.fr/ark:/67375/p66-khqhd0xq-5.1	principles of coherence	principle of coherence	principle of coherence	principle_of_coherence
http://data.loterre.fr/ark:/67375/p66-kjp306z8-7.0	doors and people test	doors and people test	doors and people test	doors_and_people_test
http://data.loterre.fr/ark:/67375/p66-kk6lxtl8-p.2	working memories	working memory	working memory	working_memory
http://data.loterre.fr/ark:/67375/p66-kk6lxtl8-p.3	m-spaces	m-space	working memory	working_memory
http://data.loterre.fr/ark:/67375/p66-kkgd8hks-d.1	tulving-wiseman laws	tulving-wiseman law	tulving-wiseman law	tulving_wiseman_law
http://data.loterre.fr/ark:/67375/p66-kkrtw8hq-s.3	associative recognition tasks	associative recognition task	associative recognition task	associative_recognition_task
http://data.loterre.fr/ark:/67375/p66-kkrtw8hq-s.4	associative recognition paradigms	associative recognition paradigm	associative recognition task	associative_recognition_task
http://data.loterre.fr/ark:/67375/p66-kkrtw8hq-s.5	associative recognition tests	associative recognition test	associative recognition task	associative_recognition_task
http://data.loterre.fr/ark:/67375/p66-klf6544r-k.3	gudjonsson suggestibility scales	gudjonsson suggestibility scale	gudjonsson suggestibility scale	gudjonsson_suggestibility_scale
http://data.loterre.fr/ark:/67375/p66-klf6544r-k.4	gsses	gss	gudjonsson suggestibility scale	gudjonsson_suggestibility_scale
http://data.loterre.fr/ark:/67375/p66-klf6544r-k.5	gss1s	gss1	gudjonsson suggestibility scale	gudjonsson_suggestibility_scale
http://data.loterre.fr/ark:/67375/p66-klf6544r-k.6	gss2	gss2	gudjonsson suggestibility scale	gudjonsson_suggestibility_scale
http://data.loterre.fr/ark:/67375/p66-kmlfzjr5-3.2	verbal fluency tests	verbal fluency test	verbal fluency test	verbal_fluency_test
http://data.loterre.fr/ark:/67375/p66-kmlfzjr5-3.3	verbal fluency tasks	verbal fluency task	verbal fluency test	verbal_fluency_test
http://data.loterre.fr/ark:/67375/p66-knvl7rps-z.2	violations of expectation paradigm	violation of expectation paradigm	violation of expectation paradigm	violation_of_expectation_paradigm
http://data.loterre.fr/ark:/67375/p66-knvl7rps-z.3	violations of expectancy paradigm	violation of expectancy paradigm	violation of expectation paradigm	violation_of_expectation_paradigm
http://data.loterre.fr/ark:/67375/p66-knwz0fmc-f.1	own-age biases	own-age bias	own-age bias	own_age_bias
http://data.loterre.fr/ark:/67375/p66-kp7dv2r3-5.2	memory alteration tests	memory alteration test	memory alteration test	memory_alteration_test
http://data.loterre.fr/ark:/67375/p66-kp7dv2r3-5.3	m@ts	m@t	memory alteration test	memory_alteration_test
http://data.loterre.fr/ark:/67375/p66-kq1k76v2-c.5	complex span tasks	complex span task	complex span task	complex_span_task
http://data.loterre.fr/ark:/67375/p66-kq1k76v2-c.6	complex wm span tasks	complex wm span task	complex span task	complex_span_task
http://data.loterre.fr/ark:/67375/p66-kq1k76v2-c.7	complex spans	complex span	complex span task	complex_span_task
http://data.loterre.fr/ark:/67375/p66-kq1k76v2-c.8	complex working memory span tasks	complex working memory span task	complex span task	complex_span_task
http://data.loterre.fr/ark:/67375/p66-kq1k76v2-c.9	processing-and-storage tasks	processing-and-storage task	complex span task	complex_span_task
http://data.loterre.fr/ark:/67375/p66-kq89gbzf-l.1	short-term consolidations	short-term consolidation	short-term consolidation	short_term_consolidation
http://data.loterre.fr/ark:/67375/p66-kqntbwlf-3.1	visual paired-comparison paradigms	visual paired-comparison paradigm	visual paired-comparison paradigm	visual_paired_comparison_paradigm
http://data.loterre.fr/ark:/67375/p66-kqwb77jr-h.1	dms48s	dms48	dms48	dms48
http://data.loterre.fr/ark:/67375/p66-kr2pwmz9-k.2	direct retrievals	direct retrieval	direct retrieval	direct_retrieval
http://data.loterre.fr/ark:/67375/p66-kr2pwmz9-k.3	spontaneous retrievals	spontaneous retrieval	direct retrieval	direct_retrieval
http://data.loterre.fr/ark:/67375/p66-ks3rprct-v.2	tests of memory malingering	test of memory malingering	test of memory malingering	test_of_memory_malingering
http://data.loterre.fr/ark:/67375/p66-ks3rprct-v.3	tomms	tomm	test of memory malingering	test_of_memory_malingering
http://data.loterre.fr/ark:/67375/p66-kvn51r57-r.2	central executives	central executive	central executive	central_executive
http://data.loterre.fr/ark:/67375/p66-kvn51r57-r.3	executive attentions	executive attention	central executive	central_executive
http://data.loterre.fr/ark:/67375/p66-kx1ckz3j-l.2	semantic categorization tasks	semantic categorization task	semantic categorization task	semantic_categorization_task
http://data.loterre.fr/ark:/67375/p66-kx1ckz3j-l.3	semantic categorizations	semantic categorization	semantic categorization task	semantic_categorization_task
http://data.loterre.fr/ark:/67375/p66-kxc5280j-d.1	repeated reproductions	repeated reproduction	repeated reproduction	repeated_reproduction
http://data.loterre.fr/ark:/67375/p66-l2cd2bxt-z.1	response signal procedures	response signal procedure	response signal procedure	response_signal_procedure
http://data.loterre.fr/ark:/67375/p66-l2l3rc4k-f.2	episodic future thinking-induced forgettings	episodic future thinking-induced forgetting	episodic future thinking-induced forgetting	episodic_future_thinking_induced_forgetting
http://data.loterre.fr/ark:/67375/p66-l2l3rc4k-f.3	eft-induced forgettings	eft-induced forgetting	episodic future thinking-induced forgetting	episodic_future_thinking_induced_forgetting
http://data.loterre.fr/ark:/67375/p66-l4b4v85x-z.3	recency effects	recency effect	recency effect	recency_effect
http://data.loterre.fr/ark:/67375/p66-l4b4v85x-z.4	laws of recency	law of recency	recency effect	recency_effect
http://data.loterre.fr/ark:/67375/p66-l4b4v85x-z.5	principles of recency	principle of recency	recency effect	recency_effect
http://data.loterre.fr/ark:/67375/p66-l4jlqv86-6.1	memory specificity trainings	memory specificity training	memory specificity training	memory_specificity_training
http://data.loterre.fr/ark:/67375/p66-l4jlqv86-6.2	mest	mest	memory specificity training	memory_specificity_training
http://data.loterre.fr/ark:/67375/p66-l5wlgk5f-d.3	autobiographical implicit association tests	autobiographical implicit association test	autobiographical implicit association test	autobiographical_implicit_association_test
http://data.loterre.fr/ark:/67375/p66-l5wlgk5f-d.4	aiats	aiat	autobiographical implicit association test	autobiographical_implicit_association_test
http://data.loterre.fr/ark:/67375/p66-l5wlgk5f-d.5	autobiographical iats	autobiographical iat	autobiographical implicit association test	autobiographical_implicit_association_test
http://data.loterre.fr/ark:/67375/p66-l65nnth4-2.1	prior knowledges	prior knowledge	prior knowledge	prior_knowledge
http://data.loterre.fr/ark:/67375/p66-l68x900f-h.2	walking corsi tests	walking corsi test	walking corsi test	walking_corsi_test
http://data.loterre.fr/ark:/67375/p66-l68x900f-h.3	walcts	walct	walking corsi test	walking_corsi_test
http://data.loterre.fr/ark:/67375/p66-l6sl8bx6-8.1	global recognition tasks	global recognition task	global recognition task	global_recognition_task
http://data.loterre.fr/ark:/67375/p66-l6zg9vwm-t.2	reconstructive memories	reconstructive memory	reconstructive memory	reconstructive_memory
http://data.loterre.fr/ark:/67375/p66-l6zg9vwm-t.3	memory reconstructions	memory reconstruction	reconstructive memory	reconstructive_memory
http://data.loterre.fr/ark:/67375/p66-l7tx8929-9.1	agnosias	agnosia	agnosia	agnosia
http://data.loterre.fr/ark:/67375/p66-l868rb6z-r.2	sentence verification tasks	sentence verification task	sentence verification task	sentence_verification_task
http://data.loterre.fr/ark:/67375/p66-l868rb6z-r.3	category verification tasks	category verification task	sentence verification task	sentence_verification_task
http://data.loterre.fr/ark:/67375/p66-l8bj4tpf-9.2	a-b, c-b learning tasks	a-b, c-b learning task	a-b, c-b learning task	a_b_c_b_learning_task
http://data.loterre.fr/ark:/67375/p66-l8bj4tpf-9.3	a-bs, c-b paradigm	a-b, c-b paradigm	a-b, c-b learning task	a_b_c_b_learning_task
http://data.loterre.fr/ark:/67375/p66-l8mr7zlc-6.3	zroc curves	zroc curve	zroc curve	zroc_curve
http://data.loterre.fr/ark:/67375/p66-l8mr7zlc-6.4	z-rocs	z-roc	zroc curve	zroc_curve
http://data.loterre.fr/ark:/67375/p66-l8mr7zlc-6.5	zroc functions	zroc function	zroc curve	zroc_curve
http://data.loterre.fr/ark:/67375/p66-l907hgv5-t.1	retrieval modes	retrieval mode	retrieval mode	retrieval_mode
http://data.loterre.fr/ark:/67375/p66-l9tb8rh1-q.2	cambridge face memory tests	cambridge face memory test	cambridge face memory test	cambridge_face_memory_test
http://data.loterre.fr/ark:/67375/p66-l9tb8rh1-q.3	cfmts	cfmt	cambridge face memory test	cambridge_face_memory_test
http://data.loterre.fr/ark:/67375/p66-lcbxnxb9-q.2	prospective memory questionnaires	prospective memory questionnaire	prospective memory questionnaire	prospective_memory_questionnaire
http://data.loterre.fr/ark:/67375/p66-lcbxnxb9-q.3	pmqs	pmq	prospective memory questionnaire	prospective_memory_questionnaire
http://data.loterre.fr/ark:/67375/p66-lcxjwwjx-c.3	california verbal learning tests ​	california verbal learning test ​	california verbal learning test ​	california_verbal_learning_test_​
http://data.loterre.fr/ark:/67375/p66-lcxjwwjx-c.4	cvlts	cvlt	california verbal learning test ​	california_verbal_learning_test_​
http://data.loterre.fr/ark:/67375/p66-lcxjwwjx-c.5	cvlts-ii	cvlt-ii	california verbal learning test ​	california_verbal_learning_test_​
http://data.loterre.fr/ark:/67375/p66-ldwrvl6t-5.1	item memories	item memory	item memory	item_memory
http://data.loterre.fr/ark:/67375/p66-lgsx4mdr-2.1	cognitive interviews for person description	cognitive interview for person description	cognitive interview for person description	cognitive_interview_for_person_description
http://data.loterre.fr/ark:/67375/p66-lhgvcpds-p.2	k.f. cases	k.f. case	k.f. case	k.f._case
http://data.loterre.fr/ark:/67375/p66-lhgvcpds-p.3	k.f. patients	k.f. patient	k.f. case	k.f._case
http://data.loterre.fr/ark:/67375/p66-lhl158kj-6.2	provoked confabulations	provoked confabulation	provoked confabulation	provoked_confabulation
http://data.loterre.fr/ark:/67375/p66-lhl158kj-6.3	momentary confabulations	momentary confabulation	provoked confabulation	provoked_confabulation
http://data.loterre.fr/ark:/67375/p66-ljn4259t-9.2	diary methods	diary method	diary method	diary_method
http://data.loterre.fr/ark:/67375/p66-ljn4259t-9.3	diary recording methods	diary recording method	diary method	diary_method
http://data.loterre.fr/ark:/67375/p66-ll0xw12x-5.1	historically defined autobiographical periods	historically defined autobiographical period	historically defined autobiographical period	historically_defined_autobiographical_period
http://data.loterre.fr/ark:/67375/p66-ll0xw12x-5.2	h-dap	h-dap	historically defined autobiographical period	historically_defined_autobiographical_period
http://data.loterre.fr/ark:/67375/p66-ll7cpq9g-p.4	c calibration indexes	c calibration index	c calibration index	c_calibration_index
http://data.loterre.fr/ark:/67375/p66-ll7cpq9g-p.5	c calibration measures	c calibration measure	c calibration index	c_calibration_index
http://data.loterre.fr/ark:/67375/p66-ll7cpq9g-p.6	c indexes	c index	c calibration index	c_calibration_index
http://data.loterre.fr/ark:/67375/p66-ll7cpq9g-p.7	c measures	c measure	c calibration index	c_calibration_index
http://data.loterre.fr/ark:/67375/p66-ll7g7416-5.2	elimination lineups	elimination lineup	elimination lineup	elimination_lineup
http://data.loterre.fr/ark:/67375/p66-ll7g7416-5.3	elimination police lineups	elimination police lineup	elimination lineup	elimination_lineup
http://data.loterre.fr/ark:/67375/p66-lmlwlpf8-m.4	attention-to-memory hypotheses	attention-to-memory hypothesis	attention-to-memory hypothesis	attention_to_memory_hypothesis
http://data.loterre.fr/ark:/67375/p66-lmlwlpf8-m.5	atoms	atom	attention-to-memory hypothesis	attention_to_memory_hypothesis
http://data.loterre.fr/ark:/67375/p66-lmlwlpf8-m.6	attention-to-memory models	attention-to-memory model	attention-to-memory hypothesis	attention_to_memory_hypothesis
http://data.loterre.fr/ark:/67375/p66-lmlwlpf8-m.7	dual attentional processes hypotheses	dual attentional processes hypothesis	attention-to-memory hypothesis	attention_to_memory_hypothesis
http://data.loterre.fr/ark:/67375/p66-ln80mf6k-f.2	irrelevant speech effects	irrelevant speech effect	irrelevant speech effect	irrelevant_speech_effect
http://data.loterre.fr/ark:/67375/p66-ln80mf6k-f.3	unattended speech effects	unattended speech effect	irrelevant speech effect	irrelevant_speech_effect
http://data.loterre.fr/ark:/67375/p66-lp6dtw0m-t.1	hera models	hera model	hera model	hera_model
http://data.loterre.fr/ark:/67375/p66-lpl0z33b-l.4	paired-associates learning tasks	paired-associates learning task	paired-associates learning task	paired_associates_learning_task
http://data.loterre.fr/ark:/67375/p66-lpl0z33b-l.5	paired-associates learning methods	paired-associates learning method	paired-associates learning task	paired_associates_learning_task
http://data.loterre.fr/ark:/67375/p66-lpl0z33b-l.6	paired-associates learning paradigms	paired-associates learning paradigm	paired-associates learning task	paired_associates_learning_task
http://data.loterre.fr/ark:/67375/p66-lpl0z33b-l.7	paired-associates learning procedures	paired-associates learning procedure	paired-associates learning task	paired_associates_learning_task
http://data.loterre.fr/ark:/67375/p66-lpnvdgsn-6.2	cognitive interviews for suspects	cognitive interview for suspects	cognitive interview for suspects	cognitive_interview_for_suspects
http://data.loterre.fr/ark:/67375/p66-lpnvdgsn-6.3	cises	cis	cognitive interview for suspects	cognitive_interview_for_suspects
http://data.loterre.fr/ark:/67375/p66-lr0pv6cq-w.1	transfer-appropriate processing principles	transfer-appropriate processing principle	transfer-appropriate processing principle	transfer_appropriate_processing_principle
http://data.loterre.fr/ark:/67375/p66-lr0pv6cq-w.2	transfer-appropriate processing	transfer-appropriate processing	transfer-appropriate processing principle	transfer_appropriate_processing_principle
http://data.loterre.fr/ark:/67375/p66-lrgsc9rj-0.1	antisaccade tasks	antisaccade task	antisaccade task	antisaccade_task
http://data.loterre.fr/ark:/67375/p66-ls90lq2m-1.0	developmental amnesia	developmental amnesia	developmental amnesia	developmental_amnesia
http://data.loterre.fr/ark:/67375/p66-lthbcqg7-g.3	memory conformities	memory conformity	memory conformity	memory_conformity
http://data.loterre.fr/ark:/67375/p66-lthbcqg7-g.4	co-witness suggestibility effects	co-witness suggestibility effect	memory conformity	memory_conformity
http://data.loterre.fr/ark:/67375/p66-lthbcqg7-g.5	social contagions of memory	social contagion of memory	memory conformity	memory_conformity
http://data.loterre.fr/ark:/67375/p66-lvv2l84n-2.1	spins the pots task	spin the pots task	spin the pots task	spin_the_pots_task
http://data.loterre.fr/ark:/67375/p66-lw5dvqp2-n.1	incidental forgettings	incidental forgetting	incidental forgetting	incidental_forgetting
http://data.loterre.fr/ark:/67375/p66-lwgnzjq8-r.8	retrievals	retrieval	retrieval	retrieval
http://data.loterre.fr/ark:/67375/p66-lwgnzjq8-r.9	memory retrievals	memory retrieval	retrieval	retrieval
http://data.loterre.fr/ark:/67375/p66-lwgnzjq8-r.10	memory searches	memory search	retrieval	retrieval
http://data.loterre.fr/ark:/67375/p66-lwgnzjq8-r.11	rememberings	remembering	retrieval	retrieval
http://data.loterre.fr/ark:/67375/p66-lwgnzjq8-r.12	retrieval processes	retrieval process	retrieval	retrieval
http://data.loterre.fr/ark:/67375/p66-lwgnzjq8-r.13	search processes	search process	retrieval	retrieval
http://data.loterre.fr/ark:/67375/p66-lwgnzjq8-r.14	trace retrievals	trace retrieval	retrieval	retrieval
http://data.loterre.fr/ark:/67375/p66-lwgnzjq8-r.15	trace utilizations	trace utilization	retrieval	retrieval
http://data.loterre.fr/ark:/67375/p66-lx7qzr1v-p.1	school-aged children	school-aged child	school-aged child	school_aged_child
http://data.loterre.fr/ark:/67375/p66-lx8tq4ml-9.1	spreading activations	spreading activation	spreading activation	spreading_activation
http://data.loterre.fr/ark:/67375/p66-lxq70lhh-p.2	compensation related utilization of neural circuits hypotheses	compensation related utilization of neural circuits hypothesis	compensation related utilization of neural circuits hypothesis	compensation_related_utilization_of_neural_circuits_hypothesis
http://data.loterre.fr/ark:/67375/p66-lxq70lhh-p.3	crunches	crunch	compensation related utilization of neural circuits hypothesis	compensation_related_utilization_of_neural_circuits_hypothesis
http://data.loterre.fr/ark:/67375/p66-m06mx9hp-b.0	relational processing	relational processing	relational processing	relational_processing
http://data.loterre.fr/ark:/67375/p66-m1p7ctw3-n.1	changing distractor effects	changing distractor effect	changing distractor effect	changing_distractor_effect
http://data.loterre.fr/ark:/67375/p66-m2thq0f7-t.2	sam models	sam model	sam model	sam_model
http://data.loterre.fr/ark:/67375/p66-m2thq0f7-t.3	searches for associative memory model	search for associative memory model	sam model	sam_model
http://data.loterre.fr/ark:/67375/p66-m3tffg9l-x.1	retrospective memories	retrospective memory	retrospective memory	retrospective_memory
http://data.loterre.fr/ark:/67375/p66-m564th98-h.1	self-defining memories	self-defining memory	self-defining memory	self_defining_memory
http://data.loterre.fr/ark:/67375/p66-m5lzjtd5-f.2	fuzzy trace theories	fuzzy trace theory	fuzzy trace theory	fuzzy_trace_theory
http://data.loterre.fr/ark:/67375/p66-m5lzjtd5-f.3	ftts	ftt	fuzzy trace theory	fuzzy_trace_theory
http://data.loterre.fr/ark:/67375/p66-m5s8cx1r-7.2	processing fluencies	processing fluency	processing fluency	processing_fluency
http://data.loterre.fr/ark:/67375/p66-m5s8cx1r-7.3	cognitive fluencies	cognitive fluency	processing fluency	processing_fluency
http://data.loterre.fr/ark:/67375/p66-m5wgn83x-m.1	adolescents	adolescent	adolescent	adolescent
http://data.loterre.fr/ark:/67375/p66-m5wgn83x-m.2	adolescence	adolescence	adolescent	adolescent
http://data.loterre.fr/ark:/67375/p66-m6lftbfv-p.1	clusterings	clustering	clustering	clustering
http://data.loterre.fr/ark:/67375/p66-m6p9bp15-r.4	cryptomnesias	cryptomnesia	cryptomnesia	cryptomnesia
http://data.loterre.fr/ark:/67375/p66-m6p9bp15-r.5	cryptomnesic experiences	cryptomnesic experience	cryptomnesia	cryptomnesia
http://data.loterre.fr/ark:/67375/p66-m6p9bp15-r.6	inadvertent plagiarisms	inadvertent plagiarism	cryptomnesia	cryptomnesia
http://data.loterre.fr/ark:/67375/p66-m6p9bp15-r.7	unconscious plagiarisms	unconscious plagiarism	cryptomnesia	cryptomnesia
http://data.loterre.fr/ark:/67375/p66-m75l9p53-n.1	words embedding	word embedding	word embedding	word_embedding
http://data.loterre.fr/ark:/67375/p66-m7hrxbxg-l.0	survival processing	survival processing	survival processing	survival_processing
http://data.loterre.fr/ark:/67375/p66-m92vbqjp-9.2	prospective memory decision control models	prospective memory decision control model	prospective memory decision control model	prospective_memory_decision_control_model
http://data.loterre.fr/ark:/67375/p66-m92vbqjp-9.3	pmdc models	pmdc model	prospective memory decision control model	prospective_memory_decision_control_model
http://data.loterre.fr/ark:/67375/p66-m93qnccp-5.3	scaffolding theories of cognition and aging	scaffolding theory of cognition and aging	scaffolding theory of cognition and aging	scaffolding_theory_of_cognition_and_aging
http://data.loterre.fr/ark:/67375/p66-m93qnccp-5.4	stacs	stac	scaffolding theory of cognition and aging	scaffolding_theory_of_cognition_and_aging
http://data.loterre.fr/ark:/67375/p66-m93qnccp-5.5	scaffolding theories of cognitive aging	scaffolding theory of cognitive aging	scaffolding theory of cognition and aging	scaffolding_theory_of_cognition_and_aging
http://data.loterre.fr/ark:/67375/p66-m9g39nzf-r.3	acid bath theories	acid bath theory	acid bath theory	acid_bath_theory
http://data.loterre.fr/ark:/67375/p66-m9g39nzf-r.4	acid bath models	acid bath model	acid bath theory	acid_bath_theory
http://data.loterre.fr/ark:/67375/p66-m9g39nzf-r.5	acid bath principles	acid bath principle	acid bath theory	acid_bath_theory
http://data.loterre.fr/ark:/67375/p66-mb5wt537-4.4	laws of use	law of use	law of use	law_of_use
http://data.loterre.fr/ark:/67375/p66-mb5wt537-4.5	laws of frequency	law of frequency	law of use	law_of_use
http://data.loterre.fr/ark:/67375/p66-mb5wt537-4.6	laws of practice	law of practice	law of use	law_of_use
http://data.loterre.fr/ark:/67375/p66-mb5wt537-4.7	laws of repetition	law of repetition	law of use	law_of_use
http://data.loterre.fr/ark:/67375/p66-mbtnzlrq-4.2	naming tasks	naming task	naming task	naming_task
http://data.loterre.fr/ark:/67375/p66-mbtnzlrq-4.3	namings	naming	naming task	naming_task
http://data.loterre.fr/ark:/67375/p66-mcg7szn3-z.1	severely deficient autobiographical memories	severely deficient autobiographical memory	severely deficient autobiographical memory	severely_deficient_autobiographical_memory
http://data.loterre.fr/ark:/67375/p66-mcg7szn3-z.2	sdam	sdam	severely deficient autobiographical memory	severely_deficient_autobiographical_memory
http://data.loterre.fr/ark:/67375/p66-mdf6k96r-p.1	a-b, a-br learning tasks	a-b, a-br learning task	a-b, a-br learning task	a_b_a_br_learning_task
http://data.loterre.fr/ark:/67375/p66-mdgkb6wv-6.1	grober and buschke tests	grober and buschke test	grober and buschke test	grober_and_buschke_test
http://data.loterre.fr/ark:/67375/p66-mfxnrql6-0.1	semantically anomalous confabulations	semantically anomalous confabulation	semantically anomalous confabulation	semantically_anomalous_confabulation
http://data.loterre.fr/ark:/67375/p66-mglqctrn-t.1	fluency heuristics	fluency heuristic	fluency heuristic	fluency_heuristic
http://data.loterre.fr/ark:/67375/p66-mjpmlmj7-q.0	crystallized intelligence	crystallized intelligence	crystallized intelligence	crystallized_intelligence
http://data.loterre.fr/ark:/67375/p66-mjpmlmj7-q.1	gc	gc	crystallized intelligence	crystallized_intelligence
http://data.loterre.fr/ark:/67375/p66-mjrrb9g2-b.3	autobiographical think/no-think tasks	autobiographical think/no-think task	autobiographical think/no-think task	autobiographical_think_no_think_task
http://data.loterre.fr/ark:/67375/p66-mjrrb9g2-b.4	atnts	atnt	autobiographical think/no-think task	autobiographical_think_no_think_task
http://data.loterre.fr/ark:/67375/p66-mjrrb9g2-b.5	autobiographical tnts	autobiographical tnt	autobiographical think/no-think task	autobiographical_think_no_think_task
http://data.loterre.fr/ark:/67375/p66-mllz9qdp-s.1	hotspots	hotspot	hotspot	hotspot
http://data.loterre.fr/ark:/67375/p66-mm5s66wc-1.2	h.m. cases	h.m. case	h.m. case	h.m._case
http://data.loterre.fr/ark:/67375/p66-mm5s66wc-1.3	h.m. patients	h.m. patient	h.m. case	h.m._case
http://data.loterre.fr/ark:/67375/p66-mmtpc6l7-9.2	subjective memory complaints scales	subjective memory complaints scale	subjective memory complaints scale	subjective_memory_complaints_scale
http://data.loterre.fr/ark:/67375/p66-mmtpc6l7-9.3	smcses	smcs	subjective memory complaints scale	subjective_memory_complaints_scale
http://data.loterre.fr/ark:/67375/p66-mn46jrbn-3.2	mori techniques	mori technique	mori technique	mori_technique
http://data.loterre.fr/ark:/67375/p66-mn46jrbn-3.3	mori procedures	mori procedure	mori technique	mori_technique
http://data.loterre.fr/ark:/67375/p66-mn68hxx6-v.1	confabulation screens	confabulation screen	confabulation screen	confabulation_screen
http://data.loterre.fr/ark:/67375/p66-mr1bssvh-g.1	semantic spaces	semantic space	semantic space	semantic_space
http://data.loterre.fr/ark:/67375/p66-mrmwpgs8-p.2	retrieval-induced forgettings	retrieval-induced forgetting	retrieval-induced forgetting	retrieval_induced_forgetting
http://data.loterre.fr/ark:/67375/p66-mrmwpgs8-p.3	rifs	rif	retrieval-induced forgetting	retrieval_induced_forgetting
http://data.loterre.fr/ark:/67375/p66-mrmwpgs8-p.4	wi-rif	wi-rif	retrieval-induced forgetting	retrieval_induced_forgetting
http://data.loterre.fr/ark:/67375/p66-mrnf4mmc-q.1	parahippocampal cortexes	parahippocampal cortex	parahippocampal cortex	parahippocampal_cortex
http://data.loterre.fr/ark:/67375/p66-mrrhp6b3-9.1	confabulations by content	confabulation by content	confabulation by content	confabulation_by_content
http://data.loterre.fr/ark:/67375/p66-mx6xzc84-s.2	phonological priming effects	phonological priming effect	phonological priming effect	phonological_priming_effect
http://data.loterre.fr/ark:/67375/p66-mx6xzc84-s.3	phonological primings	phonological priming	phonological priming effect	phonological_priming_effect
http://data.loterre.fr/ark:/67375/p66-mz8gchhh-k.3	self-defining future projections	self-defining future projection	self-defining future projection	self_defining_future_projection
http://data.loterre.fr/ark:/67375/p66-mz8gchhh-k.4	sdfps	sdfp	self-defining future projection	self_defining_future_projection
http://data.loterre.fr/ark:/67375/p66-mz8gchhh-k.5	self-defining projections	self-defining projection	self-defining future projection	self_defining_future_projection
http://data.loterre.fr/ark:/67375/p66-mzm1q2xj-g.2	collective memories	collective memory	collective memory	collective_memory
http://data.loterre.fr/ark:/67375/p66-mzm1q2xj-g.3	social memories	social memory	collective memory	collective_memory
http://data.loterre.fr/ark:/67375/p66-n06l3pvn-r.1	self-reference recollection effects	self-reference recollection effect	self-reference recollection effect	self_reference_recollection_effect
http://data.loterre.fr/ark:/67375/p66-n06l3pvn-r.2	srre	srre	self-reference recollection effect	self_reference_recollection_effect
http://data.loterre.fr/ark:/67375/p66-n0rv20v3-m.2	multiple trace theories	multiple trace theory	multiple trace theory	multiple_trace_theory
http://data.loterre.fr/ark:/67375/p66-n0rv20v3-m.3	mtts	mtt	multiple trace theory	multiple_trace_theory
http://data.loterre.fr/ark:/67375/p66-n1mnzq8x-v.3	benton facial recognition tests	benton facial recognition test	benton facial recognition test	benton_facial_recognition_test
http://data.loterre.fr/ark:/67375/p66-n1mnzq8x-v.4	bfrts-c	bfrt-c	benton facial recognition test	benton_facial_recognition_test
http://data.loterre.fr/ark:/67375/p66-n1mnzq8x-v.5	bfrts-r	bfrt-r	benton facial recognition test	benton_facial_recognition_test
http://data.loterre.fr/ark:/67375/p66-n1mnzq8x-v.6	brft	brft	benton facial recognition test	benton_facial_recognition_test
http://data.loterre.fr/ark:/67375/p66-n1mnzq8x-v.7	benton face recognition test	benton face recognition test	benton facial recognition test	benton_facial_recognition_test
http://data.loterre.fr/ark:/67375/p66-n2c1mm61-n.8	involuntary memories	involuntary memory	involuntary memory	involuntary_memory
http://data.loterre.fr/ark:/67375/p66-n2c1mm61-n.9	iams	iam	involuntary memory	involuntary_memory
http://data.loterre.fr/ark:/67375/p66-n2c1mm61-n.10	involuntary autobiographical memories	involuntary autobiographical memory	involuntary memory	involuntary_memory
http://data.loterre.fr/ark:/67375/p66-n2c1mm61-n.11	involuntary aware memories	involuntary aware memory	involuntary memory	involuntary_memory
http://data.loterre.fr/ark:/67375/p66-n2c1mm61-n.12	involuntary conscious memories	involuntary conscious memory	involuntary memory	involuntary_memory
http://data.loterre.fr/ark:/67375/p66-n2c1mm61-n.13	involuntary explicit memories	involuntary explicit memory	involuntary memory	involuntary_memory
http://data.loterre.fr/ark:/67375/p66-n2c1mm61-n.14	spontaneous memories	spontaneous memory	involuntary memory	involuntary_memory
http://data.loterre.fr/ark:/67375/p66-n2c1mm61-n.15	unintentional memories	unintentional memory	involuntary memory	involuntary_memory
http://data.loterre.fr/ark:/67375/p66-n3j8xzpx-c.2	cognitive rehabilitations	cognitive rehabilitation	cognitive rehabilitation	cognitive_rehabilitation
http://data.loterre.fr/ark:/67375/p66-n3j8xzpx-c.3	cognitive remediations	cognitive remediation	cognitive rehabilitation	cognitive_rehabilitation
http://data.loterre.fr/ark:/67375/p66-n79gt7sp-n.1	listening span tasks	listening span task	listening span task	listening_span_task
http://data.loterre.fr/ark:/67375/p66-n7k2dx1d-4.1	thought substitution methods	thought substitution method	thought substitution method	thought_substitution_method
http://data.loterre.fr/ark:/67375/p66-n7mp9bvp-0.4	memory-editing processes	memory-editing process	memory-editing process	memory_editing_process
http://data.loterre.fr/ark:/67375/p66-n7mp9bvp-0.5	editing processes	editing process	memory-editing process	memory_editing_process
http://data.loterre.fr/ark:/67375/p66-n7mp9bvp-0.6	memory-editing mechanisms	memory-editing mechanism	memory-editing process	memory_editing_process
http://data.loterre.fr/ark:/67375/p66-n7mp9bvp-0.7	memory-editing operations	memory-editing operation	memory-editing process	memory_editing_process
http://data.loterre.fr/ark:/67375/p66-n7pjsr9p-n.2	bic models	bic model	bic model	bic_model
http://data.loterre.fr/ark:/67375/p66-n7pjsr9p-n.3	binding item and contexts model	binding items and contexts model	bic model	bic_model
http://data.loterre.fr/ark:/67375/p66-n97qxr82-k.1	retrieval fluencies	retrieval fluency	retrieval fluency	retrieval_fluency
http://data.loterre.fr/ark:/67375/p66-n9pqgmct-n.5	episodic future thought	episodic future thought	episodic future thought	episodic_future_thought
http://data.loterre.fr/ark:/67375/p66-n9pqgmct-n.6	episodic foresights	episodic foresight	episodic future thought	episodic_future_thought
http://data.loterre.fr/ark:/67375/p66-n9pqgmct-n.7	episodic future thinkings	episodic future thinking	episodic future thought	episodic_future_thought
http://data.loterre.fr/ark:/67375/p66-n9pqgmct-n.8	episodic future-oriented thoughts	episodic future-oriented thought	episodic future thought	episodic_future_thought
http://data.loterre.fr/ark:/67375/p66-n9pqgmct-n.9	episodic prospections	episodic prospection	episodic future thought	episodic_future_thought
http://data.loterre.fr/ark:/67375/p66-n9pqgmct-n.10	episodic simulations	episodic simulation	episodic future thought	episodic_future_thought
http://data.loterre.fr/ark:/67375/p66-nc6hx90k-0.1	orthographic distinctiveness effects ​	orthographic distinctiveness effect ​	orthographic distinctiveness effect ​	orthographic_distinctiveness_effect_​
http://data.loterre.fr/ark:/67375/p66-nd7cqtxd-1.1	semantic dementias	semantic dementia	semantic dementia	semantic_dementia
http://data.loterre.fr/ark:/67375/p66-nd80shxd-0.0	memory binding	memory binding	memory binding	memory_binding
http://data.loterre.fr/ark:/67375/p66-nd80shxd-0.1	binding	binding	memory binding	memory_binding
http://data.loterre.fr/ark:/67375/p66-nd91qncp-b.0	transient epileptic amnesia	transient epileptic amnesia	transient epileptic amnesia	transient_epileptic_amnesia
http://data.loterre.fr/ark:/67375/p66-nd9pb3b3-k.1	mobile conjugate reinforcement techniques	mobile conjugate reinforcement technique	mobile conjugate reinforcement technique	mobile_conjugate_reinforcement_technique
http://data.loterre.fr/ark:/67375/p66-ndt0lnv4-3.2	brief assessments of prospective memory	brief assessment of prospective memory	brief assessment of prospective memory	brief_assessment_of_prospective_memory
http://data.loterre.fr/ark:/67375/p66-ndt0lnv4-3.3	bapms	bapm	brief assessment of prospective memory	brief_assessment_of_prospective_memory
http://data.loterre.fr/ark:/67375/p66-nhpn37jt-q.1	responsible rememberings	responsible remembering	responsible remembering	responsible_remembering
http://data.loterre.fr/ark:/67375/p66-nj67zw7n-g.2	functional independences	functional independence	functional independence	functional_independence
http://data.loterre.fr/ark:/67375/p66-nj67zw7n-g.3	functional dissociations	functional dissociation	functional independence	functional_independence
http://data.loterre.fr/ark:/67375/p66-njcngk1s-v.0	impoverished relational-encoding	impoverished relational-encoding	impoverished relational-encoding	impoverished_relational_encoding
http://data.loterre.fr/ark:/67375/p66-njpzfzkw-t.1	working memory consolidations	working memory consolidation	working memory consolidation	working_memory_consolidation
http://data.loterre.fr/ark:/67375/p66-nk01knv9-7.1	prospective memory concerns questionnaire	prospective memory concerns questionnaire	prospective memory concerns questionnaire	prospective_memory_concerns_questionnaire
http://data.loterre.fr/ark:/67375/p66-nk01knv9-7.2	pmcqs	pmcq	prospective memory concerns questionnaire	prospective_memory_concerns_questionnaire
http://data.loterre.fr/ark:/67375/p66-nk1dh490-w.2	judgments of retention	judgment of retention	judgment of retention	judgment_of_retention
http://data.loterre.fr/ark:/67375/p66-nk1dh490-w.3	jors	jor	judgment of retention	judgment_of_retention
http://data.loterre.fr/ark:/67375/p66-nltp77r8-7.1	envelope tasks	envelope task	envelope task	envelope_task
http://data.loterre.fr/ark:/67375/p66-nltphdcz-c.2	one-shot learnings	one-shot learning	one-shot learning	one_shot_learning
http://data.loterre.fr/ark:/67375/p66-nltphdcz-c.3	one-shot acquisitions	one-shot acquisition	one-shot learning	one_shot_learning
http://data.loterre.fr/ark:/67375/p66-nm6fcv93-6.1	directed forgettings	directed forgetting	directed forgetting	directed_forgetting
http://data.loterre.fr/ark:/67375/p66-nmnn52b4-7.2	self-ordered pointing tests	self-ordered pointing test	self-ordered pointing test	self_ordered_pointing_test
http://data.loterre.fr/ark:/67375/p66-nmnn52b4-7.3	self-ordered pointing tasks	self-ordered pointing task	self-ordered pointing test	self_ordered_pointing_test
http://data.loterre.fr/ark:/67375/p66-nnpwfmg5-8.1	conceptual span tasks	conceptual span task	conceptual span task	conceptual_span_task
http://data.loterre.fr/ark:/67375/p66-nnspl0cd-z.1	counting span tasks	counting span task	counting span task	counting_span_task
http://data.loterre.fr/ark:/67375/p66-npvk2ssg-d.1	geneva space cruisers	geneva space cruiser	geneva space cruiser	geneva_space_cruiser
http://data.loterre.fr/ark:/67375/p66-nqvm5ssv-f.0	source amnesia	source amnesia	source amnesia	source_amnesia
http://data.loterre.fr/ark:/67375/p66-nt3hsp6r-c.3	serial reaction time tasks	serial reaction time task	serial reaction time task	serial_reaction_time_task
http://data.loterre.fr/ark:/67375/p66-nt3hsp6r-c.4	srts	srt	serial reaction time task	serial_reaction_time_task
http://data.loterre.fr/ark:/67375/p66-nt3hsp6r-c.5	srtts	srtt	serial reaction time task	serial_reaction_time_task
http://data.loterre.fr/ark:/67375/p66-ntgxz3lv-1.0	hierarchical chunking	hierarchical chunking	hierarchical chunking	hierarchical_chunking
http://data.loterre.fr/ark:/67375/p66-nvh8dmwp-n.2	total-time hypotheses	total-time hypothesis	total-time hypothesis	total_time_hypothesis
http://data.loterre.fr/ark:/67375/p66-nvh8dmwp-n.3	total-time laws	total-time law	total-time hypothesis	total_time_hypothesis
http://data.loterre.fr/ark:/67375/p66-nvp61686-4.1	visible persistances	visible persistance	visible persistance	visible_persistance
http://data.loterre.fr/ark:/67375/p66-nwxppsf8-j.4	test-potentiated new learnings	test-potentiated new learning	test-potentiated new learning	test_potentiated_new_learning
http://data.loterre.fr/ark:/67375/p66-nwxppsf8-j.5	forward effects of testing	forward effect of testing	test-potentiated new learning	test_potentiated_new_learning
http://data.loterre.fr/ark:/67375/p66-nwxppsf8-j.6	forward testing effects ​	forward testing effect ​	test-potentiated new learning	test_potentiated_new_learning
http://data.loterre.fr/ark:/67375/p66-nwxppsf8-j.7	interim test effects ​	interim test effect ​	test-potentiated new learning	test_potentiated_new_learning
http://data.loterre.fr/ark:/67375/p66-nwxppsf8-j.8	test-enhanced new learning ​	test-enhanced new learning ​	test-potentiated new learning	test_potentiated_new_learning
http://data.loterre.fr/ark:/67375/p66-nx19ztrc-z.1	perceptual representation systems	perceptual representation system	perceptual representation system	perceptual_representation_system
http://data.loterre.fr/ark:/67375/p66-nzhw7bgr-8.2	external strategies	external strategy	external strategy	external_strategy
http://data.loterre.fr/ark:/67375/p66-nzhw7bgr-8.3	external aids	external aid	external strategy	external_strategy
http://data.loterre.fr/ark:/67375/p66-p1f480l6-q.0	geria-12	geria-12	geria-12	geria_12
http://data.loterre.fr/ark:/67375/p66-p2bc4pjr-1.4	two-alternatives forced choice procedures	two-alternatives forced choice procedure	two-alternatives forced choice procedure	two_alternatives_forced_choice_procedure
http://data.loterre.fr/ark:/67375/p66-p2bc4pjr-1.5	2afc	2afc	two-alternatives forced choice procedure	two_alternatives_forced_choice_procedure
http://data.loterre.fr/ark:/67375/p66-p2bc4pjr-1.6	2afc paradigms	2afc paradigm	two-alternatives forced choice procedure	two_alternatives_forced_choice_procedure
http://data.loterre.fr/ark:/67375/p66-p2bc4pjr-1.7	two-alternatives forced choice paradigms	two-alternatives forced choice paradigm	two-alternatives forced choice procedure	two_alternatives_forced_choice_procedure
http://data.loterre.fr/ark:/67375/p66-p2bc4pjr-1.8	two-alternatives forced choice tasks	two-alternatives forced choice task	two-alternatives forced choice procedure	two_alternatives_forced_choice_procedure
http://data.loterre.fr/ark:/67375/p66-p38874pt-9.3	environmental reduplicative paramnesias	environmental reduplicative paramnesia	environmental reduplicative paramnesia	environmental_reduplicative_paramnesia
http://data.loterre.fr/ark:/67375/p66-p38874pt-9.4	reduplicative paramnesias	reduplicative paramnesia	environmental reduplicative paramnesia	environmental_reduplicative_paramnesia
http://data.loterre.fr/ark:/67375/p66-p38874pt-9.5	reduplicative paramnesias for places	reduplicative paramnesia for places	environmental reduplicative paramnesia	environmental_reduplicative_paramnesia
http://data.loterre.fr/ark:/67375/p66-p3b4c1wj-1.2	reinforced self-affirmation procedures	reinforced self-affirmation procedure	reinforced self-affirmation procedure	reinforced_self_affirmation_procedure
http://data.loterre.fr/ark:/67375/p66-p3b4c1wj-1.3	rsas	rsa	reinforced self-affirmation procedure	reinforced_self_affirmation_procedure
http://data.loterre.fr/ark:/67375/p66-p3zd9rms-b.1	race models	race model	race model	race_model
http://data.loterre.fr/ark:/67375/p66-p4nbk6bm-q.1	instructions	instruction	instruction	instruction
http://data.loterre.fr/ark:/67375/p66-p4p8t47t-d.1	social working memories	social working memory	social working memory	social_working_memory
http://data.loterre.fr/ark:/67375/p66-p5h185nf-4.1	parietal memory networks	parietal memory network	parietal memory network	parietal_memory_network
http://data.loterre.fr/ark:/67375/p66-p7fzpnzp-6.1	anterograde amnesia	anterograde amnesia	anterograde amnesia	anterograde_amnesia
http://data.loterre.fr/ark:/67375/p66-p7fzpnzp-6.2	anterograde memory losses	anterograde memory loss	anterograde amnesia	anterograde_amnesia
http://data.loterre.fr/ark:/67375/p66-p8cjtkr1-n.1	orienting tasks	orienting task	orienting task	orienting_task
http://data.loterre.fr/ark:/67375/p66-pb0pjvkn-b.2	p.v. cases	p.v. case	p.v. case	p.v._case
http://data.loterre.fr/ark:/67375/p66-pb0pjvkn-b.3	p.v. patients	p.v. patient	p.v. case	p.v._case
http://data.loterre.fr/ark:/67375/p66-pbdk5069-g.2	primary distinctiveness effects	primary distinctiveness effect	primary distinctiveness effect	primary_distinctiveness_effect
http://data.loterre.fr/ark:/67375/p66-pbdk5069-g.3	intralist distinctiveness effects	intralist distinctiveness effect	primary distinctiveness effect	primary_distinctiveness_effect
http://data.loterre.fr/ark:/67375/p66-pbl8wpzj-z.1	memory fabrications	memory fabrication	memory fabrication	memory_fabrication
http://data.loterre.fr/ark:/67375/p66-pd4x3gw4-9.4	prosopagnosias	prosopagnosia	prosopagnosia	prosopagnosia
http://data.loterre.fr/ark:/67375/p66-pd4x3gw4-9.5	agnosias for face	agnosia for face	prosopagnosia	prosopagnosia
http://data.loterre.fr/ark:/67375/p66-pd4x3gw4-9.6	face blindnesses	face blindness	prosopagnosia	prosopagnosia
http://data.loterre.fr/ark:/67375/p66-pd4x3gw4-9.7	facial recognition agnosias	facial recognition agnosia	prosopagnosia	prosopagnosia
http://data.loterre.fr/ark:/67375/p66-phzj1k5p-2.3	ogive learning curves	ogive learning curve	ogive learning curve	ogive_learning_curve
http://data.loterre.fr/ark:/67375/p66-phzj1k5p-2.4	s shape learning curves	s shape learning curve	ogive learning curve	ogive_learning_curve
http://data.loterre.fr/ark:/67375/p66-phzj1k5p-2.5	sigmoid learning curves	sigmoid learning curve	ogive learning curve	ogive_learning_curve
http://data.loterre.fr/ark:/67375/p66-pktvx4jz-q.1	exemplar theory	exemplar theories	exemplar theories	exemplar_theories
http://data.loterre.fr/ark:/67375/p66-pm0xxznb-h.0	direct realism	direct realism	direct realism	direct_realism
http://data.loterre.fr/ark:/67375/p66-pnmp129v-b.3	confidence judgments	confidence judgment	confidence judgment	confidence_judgment
http://data.loterre.fr/ark:/67375/p66-pnmp129v-b.4	confidences	confidence	confidence judgment	confidence_judgment
http://data.loterre.fr/ark:/67375/p66-pnmp129v-b.5	confidence ratings	confidence rating	confidence judgment	confidence_judgment
http://data.loterre.fr/ark:/67375/p66-pnzwzrvk-k.3	negative acceleration learning curves	negative acceleration learning curve	negative acceleration learning curve	negative_acceleration_learning_curve
http://data.loterre.fr/ark:/67375/p66-pnzwzrvk-k.4	negative accelerations	negative acceleration	negative acceleration learning curve	negative_acceleration_learning_curve
http://data.loterre.fr/ark:/67375/p66-pnzwzrvk-k.5	negative learning curves	negative learning curve	negative acceleration learning curve	negative_acceleration_learning_curve
http://data.loterre.fr/ark:/67375/p66-pp0wxp20-1.1	strength-based mirror effects	strength-based mirror effect	strength-based mirror effect	strength_based_mirror_effect
http://data.loterre.fr/ark:/67375/p66-pphcf74q-f.1	reminiscence functions scales	reminiscence functions scale	reminiscence functions scale	reminiscence_functions_scale
http://data.loterre.fr/ark:/67375/p66-pqdc3fhl-7.2	confabulations	confabulation	confabulation	confabulation
http://data.loterre.fr/ark:/67375/p66-pqdc3fhl-7.3	pseudoreminiscences	pseudoreminiscence	confabulation	confabulation
http://data.loterre.fr/ark:/67375/p66-pqtl8ccl-z.1	predictions of learning	prediction of learning	prediction of learning	prediction_of_learning
http://data.loterre.fr/ark:/67375/p66-pw070f00-1.1	principles of correspondence	principle of correspondence	principle of correspondence	principle_of_correspondence
http://data.loterre.fr/ark:/67375/p66-pw60kcql-2.1	interviews	interview	interview	interview
http://data.loterre.fr/ark:/67375/p66-pwg42clb-t.3	skill acquisitions	skill acquisition	skill acquisition	skill_acquisition
http://data.loterre.fr/ark:/67375/p66-pwg42clb-t.4	procedural learnings	procedural learning	skill acquisition	skill_acquisition
http://data.loterre.fr/ark:/67375/p66-pwg42clb-t.5	skills learning	skill learning	skill acquisition	skill_acquisition
http://data.loterre.fr/ark:/67375/p66-pwmzckk6-2.1	recovered memories	recovered memory	recovered memory	recovered_memory
http://data.loterre.fr/ark:/67375/p66-pww1bm9b-k.2	operation span tasks	operation span task	operation span task	operation_span_task
http://data.loterre.fr/ark:/67375/p66-pww1bm9b-k.3	ospan tasks	ospan task	operation span task	operation_span_task
http://data.loterre.fr/ark:/67375/p66-pwxrhnsk-0.1	chunks	chunk	chunk	chunk
http://data.loterre.fr/ark:/67375/p66-pxq4lxxg-5.2	rey-osterrieth complex figure tests	rey-osterrieth complex figure test	rey-osterrieth complex figure test	rey_osterrieth_complex_figure_test
http://data.loterre.fr/ark:/67375/p66-pxq4lxxg-5.3	rocfs	rocf	rey-osterrieth complex figure test	rey_osterrieth_complex_figure_test
http://data.loterre.fr/ark:/67375/p66-pzfn3rvk-9.1	temporal taggings	temporal tagging	temporal tagging	temporal_tagging
http://data.loterre.fr/ark:/67375/p66-pzjx59jc-8.2	discrepancy-attribution hypotheses	discrepancy-attribution hypothesis	discrepancy-attribution hypothesis	discrepancy_attribution_hypothesis
http://data.loterre.fr/ark:/67375/p66-pzjx59jc-8.3	discrepancy-attribution accounts	discrepancy-attribution account	discrepancy-attribution hypothesis	discrepancy_attribution_hypothesis
http://data.loterre.fr/ark:/67375/p66-q0z67m3n-f.2	nijmegen-venray confabulation lists	nijmegen-venray confabulation list	nijmegen-venray confabulation list	nijmegen_venray_confabulation_list
http://data.loterre.fr/ark:/67375/p66-q0z67m3n-f.3	nvcl-20s	nvcl-20	nijmegen-venray confabulation list	nijmegen_venray_confabulation_list
http://data.loterre.fr/ark:/67375/p66-q0z67m3n-f.4	nijmegen–venray confabulation list-20	nijmegen–venray confabulation list-20	nijmegen-venray confabulation list	nijmegen_venray_confabulation_list
http://data.loterre.fr/ark:/67375/p66-q3x6q0jr-2.1	person description interviews	person description interview	person description interview	person_description_interview
http://data.loterre.fr/ark:/67375/p66-q3x6q0jr-2.2	pdi	pdi	person description interview	person_description_interview
http://data.loterre.fr/ark:/67375/p66-q516ssqg-m.2	attentions to delayed intention model	attention to delayed intention model	attention to delayed intention model	attention_to_delayed_intention_model
http://data.loterre.fr/ark:/67375/p66-q516ssqg-m.3	atodi models	atodi model	attention to delayed intention model	attention_to_delayed_intention_model
http://data.loterre.fr/ark:/67375/p66-q5qrff65-t.1	prompt card tasks	prompt card task	prompt card task	prompt_card_task
http://data.loterre.fr/ark:/67375/p66-q70p849z-z.3	keyword methods	keyword method	keyword method	keyword_method
http://data.loterre.fr/ark:/67375/p66-q70p849z-z.4	keyword mnemonic	keyword mnemonics	keyword method	keyword_method
http://data.loterre.fr/ark:/67375/p66-q70p849z-z.5	keyword techniques	keyword technique	keyword method	keyword_method
http://data.loterre.fr/ark:/67375/p66-q7dktcc5-x.2	feelings of knowing judgment	feeling of knowing judgment	feeling of knowing judgment	feeling_of_knowing_judgment
http://data.loterre.fr/ark:/67375/p66-q7dktcc5-x.3	foks	fok	feeling of knowing judgment	feeling_of_knowing_judgment
http://data.loterre.fr/ark:/67375/p66-q87xhw03-d.1	low elaborative reminiscing styles	low elaborative reminiscing style	low elaborative reminiscing style	low_elaborative_reminiscing_style
http://data.loterre.fr/ark:/67375/p66-q8k81kph-h.1	reflexive-associative theories of prospective memory	reflexive-associative theory of prospective memory	reflexive-associative theory of prospective memory	reflexive_associative_theory_of_prospective_memory
http://data.loterre.fr/ark:/67375/p66-q9kkbjmg-b.1	suffix effects	suffix effect	suffix effect	suffix_effect
http://data.loterre.fr/ark:/67375/p66-qck29lrz-m.1	rule-out procedures	rule-out procedure	rule-out procedure	rule_out_procedure
http://data.loterre.fr/ark:/67375/p66-qf5wf7mj-z.1	missing item tasks	missing item task	missing item task	missing_item_task
http://data.loterre.fr/ark:/67375/p66-qfhqc1sb-b.1	associative unlearnings	associative unlearning	associative unlearning	associative_unlearning
http://data.loterre.fr/ark:/67375/p66-qfq4zt9n-l.2	multinomial models of prospective memory	multinomial model of prospective memory	multinomial model of prospective memory	multinomial_model_of_prospective_memory
http://data.loterre.fr/ark:/67375/p66-qfq4zt9n-l.3	multinomial processing tree models	multinomial processing tree model	multinomial model of prospective memory	multinomial_model_of_prospective_memory
http://data.loterre.fr/ark:/67375/p66-qfxvvg35-1.1	information removals	information removal	information removal	information_removal
http://data.loterre.fr/ark:/67375/p66-qg77sb43-1.3	rehearsals	rehearsal	rehearsal	rehearsal
http://data.loterre.fr/ark:/67375/p66-qg77sb43-1.4	subvocal rehearsals	subvocal rehearsal	rehearsal	rehearsal
http://data.loterre.fr/ark:/67375/p66-qg77sb43-1.5	subvocal repetitions	subvocal repetition	rehearsal	rehearsal
http://data.loterre.fr/ark:/67375/p66-qj9xcwft-c.2	generate-recognize theories	generate-recognize theory	generate-recognize theory	generate_recognize_theory
http://data.loterre.fr/ark:/67375/p66-qj9xcwft-c.3	dual-process theories	dual-process theory	generate-recognize theory	generate_recognize_theory
http://data.loterre.fr/ark:/67375/p66-qk9npgkq-k.2	thinking about life experiences questionnaires	thinking about life experiences questionnaire	thinking about life experiences questionnaire	thinking_about_life_experiences_questionnaire
http://data.loterre.fr/ark:/67375/p66-qk9npgkq-k.3	tales	tale	thinking about life experiences questionnaire	thinking_about_life_experiences_questionnaire
http://data.loterre.fr/ark:/67375/p66-qknbfkqq-r.1	nonfocal prospective memory tasks	nonfocal prospective memory task	nonfocal prospective memory task	nonfocal_prospective_memory_task
http://data.loterre.fr/ark:/67375/p66-ql3s1bkp-5.2	sob-cs models	sob-cs model	sob-cs model	sob_cs_model
http://data.loterre.fr/ark:/67375/p66-ql3s1bkp-5.3	serial orders in a box – complex span	serial order in a box – complex span	sob-cs model	sob_cs_model
http://data.loterre.fr/ark:/67375/p66-qlt39wtp-5.1	letter numbers sequencing test	letter number sequencing test	letter number sequencing test	letter_number_sequencing_test
http://data.loterre.fr/ark:/67375/p66-qm4x4vdr-x.2	own-species biases	own-species bias	own-species bias	own_species_bias
http://data.loterre.fr/ark:/67375/p66-qm4x4vdr-x.3	other-species effects	other-species effect	own-species bias	own_species_bias
http://data.loterre.fr/ark:/67375/p66-qm848b20-4.1	modality taggings	modality tagging	modality tagging	modality_tagging
http://data.loterre.fr/ark:/67375/p66-qqfsgvt3-v.1	destination memories	destination memory	destination memory	destination_memory
http://data.loterre.fr/ark:/67375/p66-qqg0vlt7-7.1	small-world networks	small-world network	small-world network	small_world_network
http://data.loterre.fr/ark:/67375/p66-qqzk44mq-4.5	forgot-it-all-along effects	forgot-it-all-along effect	forgot-it-all-along effect	forgot_it_all_along_effect
http://data.loterre.fr/ark:/67375/p66-qqzk44mq-4.6	fia effects	fia effect	forgot-it-all-along effect	forgot_it_all_along_effect
http://data.loterre.fr/ark:/67375/p66-qqzk44mq-4.7	forget-it-all-along biases	forget-it-all-along bias	forgot-it-all-along effect	forgot_it_all_along_effect
http://data.loterre.fr/ark:/67375/p66-qqzk44mq-4.8	forget-it-all-along effects	forget-it-all-along effect	forgot-it-all-along effect	forgot_it_all_along_effect
http://data.loterre.fr/ark:/67375/p66-qqzk44mq-4.9	forgot-it-all-along biases	forgot-it-all-along bias	forgot-it-all-along effect	forgot_it_all_along_effect
http://data.loterre.fr/ark:/67375/p66-qr0gdsgn-j.1	running span tasks	running span task	running span task	running_span_task
http://data.loterre.fr/ark:/67375/p66-qrfl65p6-g.0	holistic processing	holistic processing	holistic processing	holistic_processing
http://data.loterre.fr/ark:/67375/p66-qt3ksd7t-n.0	ima-12	ima-12	ima-12	ima_12
http://data.loterre.fr/ark:/67375/p66-qtj3j9j5-x.1	temporal isolation effects	temporal isolation effect	temporal isolation effect	temporal_isolation_effect
http://data.loterre.fr/ark:/67375/p66-qtt8k8qb-6.2	categorization working memory span tasks	categorization working memory span task	categorization working memory span task	categorization_working_memory_span_task
http://data.loterre.fr/ark:/67375/p66-qtt8k8qb-6.3	cwm	cwms	categorization working memory span task	categorization_working_memory_span_task
http://data.loterre.fr/ark:/67375/p66-qx0bn9cx-3.2	categorization-individuation models	categorization-individuation model	categorization-individuation model	categorization_individuation_model
http://data.loterre.fr/ark:/67375/p66-qx0bn9cx-3.3	cims	cim	categorization-individuation model	categorization_individuation_model
http://data.loterre.fr/ark:/67375/p66-qxl9l0f4-p.3	motivated forgettings	motivated forgetting	motivated forgetting	motivated_forgetting
http://data.loterre.fr/ark:/67375/p66-qxl9l0f4-p.4	intentional forgettings	intentional forgetting	motivated forgetting	motivated_forgetting
http://data.loterre.fr/ark:/67375/p66-qxl9l0f4-p.5	voluntary forgettings	voluntary forgetting	motivated forgetting	motivated_forgetting
http://data.loterre.fr/ark:/67375/p66-qz66rwmb-d.1	judgments of recency	judgment of recency	judgment of recency	judgment_of_recency
http://data.loterre.fr/ark:/67375/p66-qz8mdk53-c.3	alternating serial reaction time tasks	alternating serial reaction time task	alternating serial reaction time task	alternating_serial_reaction_time_task
http://data.loterre.fr/ark:/67375/p66-qz8mdk53-c.4	asrts	asrt	alternating serial reaction time task	alternating_serial_reaction_time_task
http://data.loterre.fr/ark:/67375/p66-qz8mdk53-c.5	temp de réaction en série alterné	temps de réaction en série alterné	alternating serial reaction time task	alternating_serial_reaction_time_task
http://data.loterre.fr/ark:/67375/p66-qzmcktt5-1.3	police lineups	police lineup	police lineup	police_lineup
http://data.loterre.fr/ark:/67375/p66-qzmcktt5-1.4	identification parades	identification parade	police lineup	police_lineup
http://data.loterre.fr/ark:/67375/p66-qzmcktt5-1.5	lineups	lineup	police lineup	police_lineup
http://data.loterre.fr/ark:/67375/p66-r0hms2vd-g.1	cognitive slowing hypotheses	cognitive slowing hypothesis	cognitive slowing hypothesis	cognitive_slowing_hypothesis
http://data.loterre.fr/ark:/67375/p66-r0kcmf21-f.4	verbal span tasks	verbal span task	verbal span task	verbal_span_task
http://data.loterre.fr/ark:/67375/p66-r0kcmf21-f.5	digit span tasks	digit span task	verbal span task	verbal_span_task
http://data.loterre.fr/ark:/67375/p66-r0kcmf21-f.6	digit span test	digit span test	verbal span task	verbal_span_task
http://data.loterre.fr/ark:/67375/p66-r0kcmf21-f.7	verbal span tests	verbal span test	verbal span task	verbal_span_task
http://data.loterre.fr/ark:/67375/p66-r0kcmf21-f.8	word span tasks	word span task	verbal span task	verbal_span_task
http://data.loterre.fr/ark:/67375/p66-r0kcmf21-f.9	word span test	word span test	verbal span task	verbal_span_task
http://data.loterre.fr/ark:/67375/p66-r0p65xb5-r.2	hebb effects	hebb effect	hebb effect	hebb_effect
http://data.loterre.fr/ark:/67375/p66-r0p65xb5-r.3	hebb repetition effects	hebb repetition effect	hebb effect	hebb_effect
http://data.loterre.fr/ark:/67375/p66-r0v3s7s8-w.2	dual coding theories	dual coding theory	dual coding theory	dual_coding_theory
http://data.loterre.fr/ark:/67375/p66-r0v3s7s8-w.3	dual-code hypotheses	dual-code hypothesis	dual coding theory	dual_coding_theory
http://data.loterre.fr/ark:/67375/p66-r12n42bb-r.2	life scripts	life script	life script	life_script
http://data.loterre.fr/ark:/67375/p66-r12n42bb-r.3	cultural life scripts	cultural life script	life script	life_script
http://data.loterre.fr/ark:/67375/p66-r19q943t-b.1	surveys of autobiographical memory	survey of autobiographical memory	survey of autobiographical memory	survey_of_autobiographical_memory
http://data.loterre.fr/ark:/67375/p66-r2xksznz-5.1	first-order relational processing	first-order relational processing	first-order relational processing	first_order_relational_processing
http://data.loterre.fr/ark:/67375/p66-r2xksznz-5.2	sensitivities to first-order relations	sensitivity to first-order relations	first-order relational processing	first_order_relational_processing
http://data.loterre.fr/ark:/67375/p66-r3nh2b35-b.1	conjoint recall paradigms	conjoint recall paradigm	conjoint recall paradigm	conjoint_recall_paradigm
http://data.loterre.fr/ark:/67375/p66-r42bdsxq-r.4	trace decay hypotheses	trace decay hypothesis	trace decay hypothesis	trace_decay_hypothesis
http://data.loterre.fr/ark:/67375/p66-r42bdsxq-r.5	memory trace decay	memory trace decay	trace decay hypothesis	trace_decay_hypothesis
http://data.loterre.fr/ark:/67375/p66-r42bdsxq-r.6	decay hypotheses	decay hypothesis	trace decay hypothesis	trace_decay_hypothesis
http://data.loterre.fr/ark:/67375/p66-r42bdsxq-r.7	decay theories	decay theory	trace decay hypothesis	trace_decay_hypothesis
http://data.loterre.fr/ark:/67375/p66-r42bdsxq-r.8	memory decay	memory decay	trace decay hypothesis	trace_decay_hypothesis
http://data.loterre.fr/ark:/67375/p66-r42bdsxq-r.9	spontaneous forgettings	spontaneous forgetting	trace decay hypothesis	trace_decay_hypothesis
http://data.loterre.fr/ark:/67375/p66-r42bdsxq-r.10	temporal decay	temporal decay	trace decay hypothesis	trace_decay_hypothesis
http://data.loterre.fr/ark:/67375/p66-r42bdsxq-r.11	time-based decay	time-based decay	trace decay hypothesis	trace_decay_hypothesis
http://data.loterre.fr/ark:/67375/p66-r42bdsxq-r.12	trace decay	trace decay	trace decay hypothesis	trace_decay_hypothesis
http://data.loterre.fr/ark:/67375/p66-r492c0gf-r.1	recognition span tasks	recognition span task	recognition span task	recognition_span_task
http://data.loterre.fr/ark:/67375/p66-r4b06w09-t.2	item-methods directed forgetting paradigm	item-method directed forgetting paradigm	item-method directed forgetting paradigm	item_method_directed_forgetting_paradigm
http://data.loterre.fr/ark:/67375/p66-r4b06w09-t.3	item-method directed forgetting procedures	item-method directed forgetting procedure	item-method directed forgetting paradigm	item_method_directed_forgetting_paradigm
http://data.loterre.fr/ark:/67375/p66-r67fw6zg-s.1	memory complaint intensity scales	memory complaint intensity scale	memory complaint intensity scale	memory_complaint_intensity_scale
http://data.loterre.fr/ark:/67375/p66-r6qxkn8c-q.1	repetition decrement effects	repetition decrement effect	repetition decrement effect	repetition_decrement_effect
http://data.loterre.fr/ark:/67375/p66-r6t91fcl-0.2	ribot's laws	ribot's law	ribot's law	ribots_law
http://data.loterre.fr/ark:/67375/p66-r6t91fcl-0.3	ribot's gradients	ribot's gradient	ribot's law	ribots_law
http://data.loterre.fr/ark:/67375/p66-r7tmhl5b-6.2	frequencies of forgetting-10 scale	frequency of forgetting-10 scale	frequency of forgetting-10 scale	frequency_of_forgetting_10_scale
http://data.loterre.fr/ark:/67375/p66-r7tmhl5b-6.3	fof-10	fof-10	frequency of forgetting-10 scale	frequency_of_forgetting_10_scale
http://data.loterre.fr/ark:/67375/p66-r7tmhl5b-6.4	forgetting-10 scales	forgetting-10 scale	frequency of forgetting-10 scale	frequency_of_forgetting_10_scale
http://data.loterre.fr/ark:/67375/p66-r97597vb-c.3	echoic memories	echoic memory	echoic memory	echoic_memory
http://data.loterre.fr/ark:/67375/p66-r97597vb-c.4	auditory persistence	auditory persistence	echoic memory	echoic_memory
http://data.loterre.fr/ark:/67375/p66-r97597vb-c.5	auditory sensory memories	auditory sensory memory	echoic memory	echoic_memory
http://data.loterre.fr/ark:/67375/p66-r97597vb-c.6	precategorical acoustic stores	precategorical acoustic store	echoic memory	echoic_memory
http://data.loterre.fr/ark:/67375/p66-r9c47fsl-5.1	declarative memories	declarative memory	declarative memory	declarative_memory
http://data.loterre.fr/ark:/67375/p66-r9sd7p3m-h.3	involuntary memories programs	involuntary memories program	involuntary memories program	involuntary_memories_program
http://data.loterre.fr/ark:/67375/p66-r9sd7p3m-h.4	imps	imp	involuntary memories program	involuntary_memories_program
http://data.loterre.fr/ark:/67375/p66-r9sd7p3m-h.5	viligance tasks	viligance task	involuntary memories program	involuntary_memories_program
http://data.loterre.fr/ark:/67375/p66-r9tv9kx5-3.2	retrievings effectively from memory model	retrieving effectively from memory model	retrieving effectively from memory model	retrieving_effectively_from_memory_model
http://data.loterre.fr/ark:/67375/p66-r9tv9kx5-3.3	rem models	rem model	retrieving effectively from memory model	retrieving_effectively_from_memory_model
http://data.loterre.fr/ark:/67375/p66-rb2nmvr4-3.1	spacing effects	spacing effect	spacing effect	spacing_effect
http://data.loterre.fr/ark:/67375/p66-rbb4pcws-c.4	ecological assessments	ecological assessment	ecological assessment	ecological_assessment
http://data.loterre.fr/ark:/67375/p66-rbb4pcws-c.5	ecological tasks	ecological task	ecological assessment	ecological_assessment
http://data.loterre.fr/ark:/67375/p66-rbb4pcws-c.6	ecological tests	ecological test	ecological assessment	ecological_assessment
http://data.loterre.fr/ark:/67375/p66-rbb4pcws-c.7	everyday memory tasks	everyday memory task	ecological assessment	ecological_assessment
http://data.loterre.fr/ark:/67375/p66-rbqkf23q-1.3	unconscious priming effects	unconscious priming effect	unconscious priming effect	unconscious_priming_effect
http://data.loterre.fr/ark:/67375/p66-rbqkf23q-1.4	subliminal primings	subliminal priming	unconscious priming effect	unconscious_priming_effect
http://data.loterre.fr/ark:/67375/p66-rbqkf23q-1.5	unconscious primings	unconscious priming	unconscious priming effect	unconscious_priming_effect
http://data.loterre.fr/ark:/67375/p66-rcpprh1j-q.2	semantic short-term memories	semantic short-term memory	semantic short-term memory	semantic_short_term_memory
http://data.loterre.fr/ark:/67375/p66-rcpprh1j-q.3	semantic working memories	semantic working memory	semantic short-term memory	semantic_short_term_memory
http://data.loterre.fr/ark:/67375/p66-rdlrcd1x-c.2	core recollection networks	core recollection network	core recollection network	core_recollection_network
http://data.loterre.fr/ark:/67375/p66-rdlrcd1x-c.3	general recollection networks	general recollection network	core recollection network	core_recollection_network
http://data.loterre.fr/ark:/67375/p66-rfgpw997-3.4	equal-variance signal detection theories	equal-variance signal detection theory	equal-variance signal detection theory	equal_variance_signal_detection_theory
http://data.loterre.fr/ark:/67375/p66-rfgpw997-3.5	evsds	evsd	equal-variance signal detection theory	equal_variance_signal_detection_theory
http://data.loterre.fr/ark:/67375/p66-rfgpw997-3.6	evsdts	evsdt	equal-variance signal detection theory	equal_variance_signal_detection_theory
http://data.loterre.fr/ark:/67375/p66-rfgpw997-3.7	equal-variance signal detection models	equal-variance signal detection model	equal-variance signal detection theory	equal_variance_signal_detection_theory
http://data.loterre.fr/ark:/67375/p66-rfxt7dnq-v.1	mirrors learning	mirror learning	mirror learning	mirror_learning
http://data.loterre.fr/ark:/67375/p66-rg5h7lcr-n.5	event-cueing paradigms	event-cueing paradigm	event-cueing paradigm	event_cueing_paradigm
http://data.loterre.fr/ark:/67375/p66-rg5h7lcr-n.6	event-cueing methods	event-cueing method	event-cueing paradigm	event_cueing_paradigm
http://data.loterre.fr/ark:/67375/p66-rg5h7lcr-n.7	event-cueing procedures	event-cueing procedure	event-cueing paradigm	event_cueing_paradigm
http://data.loterre.fr/ark:/67375/p66-rg5h7lcr-n.8	event-cueing tasks	event-cueing task	event-cueing paradigm	event_cueing_paradigm
http://data.loterre.fr/ark:/67375/p66-rg5h7lcr-n.9	event-cueing techniques	event-cueing technique	event-cueing paradigm	event_cueing_paradigm
http://data.loterre.fr/ark:/67375/p66-rhbpf3ss-b.3	dual task paradigms	dual task paradigm	dual task paradigm	dual_task_paradigm
http://data.loterre.fr/ark:/67375/p66-rhbpf3ss-b.4	concurrent tasks	concurrent task	dual task paradigm	dual_task_paradigm
http://data.loterre.fr/ark:/67375/p66-rhbpf3ss-b.5	dual task methods	dual task method	dual task paradigm	dual_task_paradigm
http://data.loterre.fr/ark:/67375/p66-rhdbpz6b-n.1	perceptual identification tasks	perceptual identification task	perceptual identification task	perceptual_identification_task
http://data.loterre.fr/ark:/67375/p66-rj2v9nkg-p.2	retrieval accuracies from fragmented traces models	retrieval accuracy from fragmented traces model	retrieval accuracy from fragmented traces model	retrieval_accuracy_from_fragmented_traces_model
http://data.loterre.fr/ark:/67375/p66-rj2v9nkg-p.3	raft models	raft model	retrieval accuracy from fragmented traces model	retrieval_accuracy_from_fragmented_traces_model
http://data.loterre.fr/ark:/67375/p66-rjd88gww-q.2	conjunctive memories	conjunctive memory	conjunctive memory	conjunctive_memory
http://data.loterre.fr/ark:/67375/p66-rjd88gww-q.3	conjunctive bindings	conjunctive binding	conjunctive memory	conjunctive_memory
http://data.loterre.fr/ark:/67375/p66-rm1l7mv6-5.1	negative recency effects	negative recency effect	negative recency effect	negative_recency_effect
http://data.loterre.fr/ark:/67375/p66-rn0gl886-1.4	negative subsequent memory effects	negative subsequent memory effect	negative subsequent memory effect	negative_subsequent_memory_effect
http://data.loterre.fr/ark:/67375/p66-rn0gl886-1.5	nsms	nsm	negative subsequent memory effect	negative_subsequent_memory_effect
http://data.loterre.fr/ark:/67375/p66-rn0gl886-1.6	reversed subsequent memory effects	reversed subsequent memory effect	negative subsequent memory effect	negative_subsequent_memory_effect
http://data.loterre.fr/ark:/67375/p66-rn0gl886-1.7	subsequent forgetting effects	subsequent forgetting effect	negative subsequent memory effect	negative_subsequent_memory_effect
http://data.loterre.fr/ark:/67375/p66-rnc1clpt-b.1	transpositions in the past	transposition in the past	transposition in the past	transposition_in_the_past
http://data.loterre.fr/ark:/67375/p66-rpcxjpr3-1.1	focal prospective memory tasks	focal prospective memory task	focal prospective memory task	focal_prospective_memory_task
http://data.loterre.fr/ark:/67375/p66-rqpl09wz-k.1	specificity principles	specificity principle	specificity principle	specificity_principle
http://data.loterre.fr/ark:/67375/p66-rrk3r52w-w.1	distractor tasks	distractor task	distractor task	distractor_task
http://data.loterre.fr/ark:/67375/p66-rvcckrql-f.1	phonological loops	phonological loop	phonological loop	phonological_loop
http://data.loterre.fr/ark:/67375/p66-rvg4l5wd-x.0	indirect realism	indirect realism	indirect realism	indirect_realism
http://data.loterre.fr/ark:/67375/p66-rx649wcg-z.1	postmemories	postmemory	postmemory	postmemory
http://data.loterre.fr/ark:/67375/p66-rxqc1kxl-6.2	high elaborative reminiscing styles	high elaborative reminiscing style	high elaborative reminiscing style	high_elaborative_reminiscing_style
http://data.loterre.fr/ark:/67375/p66-rxqc1kxl-6.3	highly elaborative reminiscing styles	highly elaborative reminiscing style	high elaborative reminiscing style	high_elaborative_reminiscing_style
http://data.loterre.fr/ark:/67375/p66-rz2frn8x-s.2	selective directed forgetting paradigms	selective directed forgetting paradigm	selective directed forgetting paradigm	selective_directed_forgetting_paradigm
http://data.loterre.fr/ark:/67375/p66-rz2frn8x-s.3	selective directed forgetting procedures	selective directed forgetting procedure	selective directed forgetting paradigm	selective_directed_forgetting_paradigm
http://data.loterre.fr/ark:/67375/p66-rz9dqjmh-h.1	sources monitoring	source monitoring	source monitoring	source_monitoring
http://data.loterre.fr/ark:/67375/p66-rzlstnk1-3.2	causal theories of memory	causal theory of memory	causal theory of memory	causal_theory_of_memory
http://data.loterre.fr/ark:/67375/p66-rzlstnk1-3.3	causalisms	causalism	causal theory of memory	causal_theory_of_memory
http://data.loterre.fr/ark:/67375/p66-rzq6fw2v-n.1	serial search theories	serial search theory	serial search theory	serial_search_theory
http://data.loterre.fr/ark:/67375/p66-rzq9pf13-7.2	korsakoff syndromes	korsakoff syndrome	korsakoff syndrome	korsakoff_syndrome
http://data.loterre.fr/ark:/67375/p66-rzq9pf13-7.3	wernicke-korsakoff syndromes	wernicke-korsakoff syndrome	korsakoff syndrome	korsakoff_syndrome
http://data.loterre.fr/ark:/67375/p66-rzw0j5rs-t.2	preschool-aged children	preschool-aged child	preschool-aged child	preschool_aged_child
http://data.loterre.fr/ark:/67375/p66-rzw0j5rs-t.3	preschoolers	preschooler	preschool-aged child	preschool_aged_child
http://data.loterre.fr/ark:/67375/p66-s1gscptd-j.2	inhibitory controls	inhibitory control	inhibitory control	inhibitory_control
http://data.loterre.fr/ark:/67375/p66-s1gscptd-j.3	response inhibitions	response inhibition	inhibitory control	inhibitory_control
http://data.loterre.fr/ark:/67375/p66-s1p5hn7d-z.3	late frontal effects	late frontal effect	late frontal effect	late_frontal_effect
http://data.loterre.fr/ark:/67375/p66-s1p5hn7d-z.4	lfes	lfe	late frontal effect	late_frontal_effect
http://data.loterre.fr/ark:/67375/p66-s1p5hn7d-z.5	late frontal positivity effects	late frontal positivity effect	late frontal effect	late_frontal_effect
http://data.loterre.fr/ark:/67375/p66-s1pfkx4t-q.1	postponement errors	postponement error	postponement error	postponement_error
http://data.loterre.fr/ark:/67375/p66-s2w7117k-3.3	functional near-infrared spectroscopies	functional near-infrared spectroscopy	functional near-infrared spectroscopy	functional_near_infrared_spectroscopy
http://data.loterre.fr/ark:/67375/p66-s2w7117k-3.4	fnir	fnirs	functional near-infrared spectroscopy	functional_near_infrared_spectroscopy
http://data.loterre.fr/ark:/67375/p66-s2w7117k-3.5	functional near-infrared imagings	functional near-infrared imaging	functional near-infrared spectroscopy	functional_near_infrared_spectroscopy
http://data.loterre.fr/ark:/67375/p66-s31whw5g-h.2	lpc waves	lpc wave	lpc wave	lpc_wave
http://data.loterre.fr/ark:/67375/p66-s31whw5g-h.3	late positive components	late positive component	lpc wave	lpc_wave
http://data.loterre.fr/ark:/67375/p66-s38mfw7p-4.3	semantic priming effects	semantic priming effect	semantic priming effect	semantic_priming_effect
http://data.loterre.fr/ark:/67375/p66-s38mfw7p-4.4	conceptual primings	conceptual priming	semantic priming effect	semantic_priming_effect
http://data.loterre.fr/ark:/67375/p66-s38mfw7p-4.5	semantic primings	semantic priming	semantic priming effect	semantic_priming_effect
http://data.loterre.fr/ark:/67375/p66-s4b771l2-3.1	symmetry span tasks	symmetry span task	symmetry span task	symmetry_span_task
http://data.loterre.fr/ark:/67375/p66-s4b771l2-3.2	symmetry span test	symmetry span test	symmetry span task	symmetry_span_task
http://data.loterre.fr/ark:/67375/p66-s59twnv6-j.1	feature comparison models	feature comparison model	feature comparison model	feature_comparison_model
http://data.loterre.fr/ark:/67375/p66-s7k3lmkq-0.1	autobiographical knowledge bases	autobiographical knowledge base	autobiographical knowledge base	autobiographical_knowledge_base
http://data.loterre.fr/ark:/67375/p66-s87vdf5z-0.0	newborn	newborn	newborn	newborn
http://data.loterre.fr/ark:/67375/p66-sc6qfxmk-s.4	association-monitoring theories	association-monitoring theory	association-monitoring theory	association_monitoring_theory
http://data.loterre.fr/ark:/67375/p66-sc6qfxmk-s.5	amfs	amf	association-monitoring theory	association_monitoring_theory
http://data.loterre.fr/ark:/67375/p66-sc6qfxmk-s.6	activation-monitoring accounts	activation-monitoring account	association-monitoring theory	association_monitoring_theory
http://data.loterre.fr/ark:/67375/p66-sc6qfxmk-s.7	activation/monitoring frameworks	activation/monitoring framework	association-monitoring theory	association_monitoring_theory
http://data.loterre.fr/ark:/67375/p66-sd0wf5ss-c.2	cognitive difficulties scales	cognitive difficulties scale	cognitive difficulties scale	cognitive_difficulties_scale
http://data.loterre.fr/ark:/67375/p66-sd0wf5ss-c.3	cdses	cds	cognitive difficulties scale	cognitive_difficulties_scale
http://data.loterre.fr/ark:/67375/p66-sfbfs598-m.3	patients	patient	patient	patient
http://data.loterre.fr/ark:/67375/p66-sfbfs598-m.4	case studies	case study	patient	patient
http://data.loterre.fr/ark:/67375/p66-sfbfs598-m.5	clinical cases	clinical case	patient	patient
http://data.loterre.fr/ark:/67375/p66-sgbp127s-4.2	spaced retrievals	spaced retrieval	spaced retrieval	spaced_retrieval
http://data.loterre.fr/ark:/67375/p66-sgbp127s-4.3	spaced-retrieval interventions	spaced-retrieval intervention	spaced retrieval	spaced_retrieval
http://data.loterre.fr/ark:/67375/p66-sgll8zd9-8.1	continuous recognition tasks	continuous recognition task	continuous recognition task	continuous_recognition_task
http://data.loterre.fr/ark:/67375/p66-shssts9p-2.2	everyday memory questionnaires	everyday memory questionnaire	everyday memory questionnaire	everyday_memory_questionnaire
http://data.loterre.fr/ark:/67375/p66-shssts9p-2.3	emqs	emq	everyday memory questionnaire	everyday_memory_questionnaire
http://data.loterre.fr/ark:/67375/p66-sk3sskxh-c.2	inference-based false memories	inference-based false memory	inference-based false memory	inference_based_false_memory
http://data.loterre.fr/ark:/67375/p66-sk3sskxh-c.3	inferential false memories	inferential false memory	inference-based false memory	inference_based_false_memory
http://data.loterre.fr/ark:/67375/p66-skjt4lc3-h.2	hal models	hal model	hal model	hal_model
http://data.loterre.fr/ark:/67375/p66-skjt4lc3-h.3	hyperspace analogs to language model	hyperspace analog to language model	hal model	hal_model
http://data.loterre.fr/ark:/67375/p66-slpwkcwm-3.2	associative chaining theories	associative chaining theory	associative chaining theory	associative_chaining_theory
http://data.loterre.fr/ark:/67375/p66-slpwkcwm-3.3	associatives chaining	associative chaining	associative chaining theory	associative_chaining_theory
http://data.loterre.fr/ark:/67375/p66-sp8f3gpr-2.3	sequential police lineups	sequential police lineup	sequential police lineup	sequential_police_lineup
http://data.loterre.fr/ark:/67375/p66-sp8f3gpr-2.4	sequential line-ups	sequential line-up	sequential police lineup	sequential_police_lineup
http://data.loterre.fr/ark:/67375/p66-sp8f3gpr-2.5	sequential lineups	sequential lineup	sequential police lineup	sequential_police_lineup
http://data.loterre.fr/ark:/67375/p66-spm91zx4-v.3	simultaneous police lineups	simultaneous police lineup	simultaneous police lineup	simultaneous_police_lineup
http://data.loterre.fr/ark:/67375/p66-spm91zx4-v.4	simultaneous line-ups	simultaneous line-up	simultaneous police lineup	simultaneous_police_lineup
http://data.loterre.fr/ark:/67375/p66-spm91zx4-v.5	simultaneous lineups	simultaneous lineup	simultaneous police lineup	simultaneous_police_lineup
http://data.loterre.fr/ark:/67375/p66-sptgvt9f-g.2	category repetition paradigms ​	category repetition paradigm ​	category repetition paradigm ​	category_repetition_paradigm_​
http://data.loterre.fr/ark:/67375/p66-sptgvt9f-g.3	category repetition procedures	category repetition procedure	category repetition paradigm ​	category_repetition_paradigm_​
http://data.loterre.fr/ark:/67375/p66-sptrjqnh-h.0	everyday amnesia	everyday amnesia	everyday amnesia	everyday_amnesia
http://data.loterre.fr/ark:/67375/p66-sqqdt489-9.5	continuous-distractor paradigms	continuous-distractor paradigm	continuous-distractor paradigm	continuous_distractor_paradigm
http://data.loterre.fr/ark:/67375/p66-sqqdt489-9.6	continual distraction paradigms	continual distraction paradigm	continuous-distractor paradigm	continuous_distractor_paradigm
http://data.loterre.fr/ark:/67375/p66-sqqdt489-9.7	continual-distractor free recall tasks	continual-distractor free recall task	continuous-distractor paradigm	continuous_distractor_paradigm
http://data.loterre.fr/ark:/67375/p66-sqqdt489-9.8	continuous-distractor free recall tasks	continuous-distractor free recall task	continuous-distractor paradigm	continuous_distractor_paradigm
http://data.loterre.fr/ark:/67375/p66-sqqdt489-9.9	through-list distractor procedures	through-list distractor procedure	continuous-distractor paradigm	continuous_distractor_paradigm
http://data.loterre.fr/ark:/67375/p66-srtkfckw-m.1	autobiographically significant concepts	autobiographically significant concept	autobiographically significant concept	autobiographically_significant_concept
http://data.loterre.fr/ark:/67375/p66-srtrmrb7-v.3	accelerated long-term forgettings	accelerated long-term forgetting	accelerated long-term forgetting	accelerated_long_term_forgetting
http://data.loterre.fr/ark:/67375/p66-srtrmrb7-v.4	alfs	alf	accelerated long-term forgetting	accelerated_long_term_forgetting
http://data.loterre.fr/ark:/67375/p66-srtrmrb7-v.5	ltas	lta	accelerated long-term forgetting	accelerated_long_term_forgetting
http://data.loterre.fr/ark:/67375/p66-srtrmrb7-v.6	accelerated forgetting	accelerated forgetting	accelerated long-term forgetting	accelerated_long_term_forgetting
http://data.loterre.fr/ark:/67375/p66-srtrmrb7-v.7	long-term amnesia	long-term amnesia	accelerated long-term forgetting	accelerated_long_term_forgetting
http://data.loterre.fr/ark:/67375/p66-stxkznj5-f.1	numerical judgments of recency	numerical judgment of recency	numerical judgment of recency	numerical_judgment_of_recency
http://data.loterre.fr/ark:/67375/p66-sv6zp8qq-3.3	choice reaction time tasks	choice reaction time task	choice reaction time task	choice_reaction_time_task
http://data.loterre.fr/ark:/67375/p66-sv6zp8qq-3.4	complex reaction times	complex reaction time	choice reaction time task	choice_reaction_time_task
http://data.loterre.fr/ark:/67375/p66-sv6zp8qq-3.5	compound reaction times	compound reaction time	choice reaction time task	choice_reaction_time_task
http://data.loterre.fr/ark:/67375/p66-sw4m15vj-1.1	schema	schema	schema	schema
http://data.loterre.fr/ark:/67375/p66-sw4m15vj-1.2	schematic representations	schematic representation	schema	schema
http://data.loterre.fr/ark:/67375/p66-sx69k96z-7.6	distributional models	distributional model	distributional model	distributional_model
http://data.loterre.fr/ark:/67375/p66-sx69k96z-7.7	corpus-based models	corpus-based model	distributional model	distributional_model
http://data.loterre.fr/ark:/67375/p66-sx69k96z-7.8	distributional semantic models	distributional semantic model	distributional model	distributional_model
http://data.loterre.fr/ark:/67375/p66-sx69k96z-7.9	semantic-space models	semantic-space model	distributional model	distributional_model
http://data.loterre.fr/ark:/67375/p66-sx69k96z-7.10	vector-space models	vector-space model	distributional model	distributional_model
http://data.loterre.fr/ark:/67375/p66-sx69k96z-7.11	words co-occurrence model	word co-occurrence model	distributional model	distributional_model
http://data.loterre.fr/ark:/67375/p66-sz0ksrmj-9.0	forced confabulation ​paradigm	forced confabulation ​paradigm	forced confabulation ​paradigm	forced_confabulation_​paradigm
http://data.loterre.fr/ark:/67375/p66-sz7zwlt1-h.1	retrieval effort hypotheses	retrieval effort hypothesis	retrieval effort hypothesis	retrieval_effort_hypothesis
http://data.loterre.fr/ark:/67375/p66-szqn1qh4-q.1	forced recall tasks	forced recall task	forced recall task	forced_recall_task
http://data.loterre.fr/ark:/67375/p66-t0kq9rm8-4.3	alzheimer's diseases	alzheimer's disease	alzheimer's disease	alzheimers_disease
http://data.loterre.fr/ark:/67375/p66-t0kq9rm8-4.4	alzheimer's dementias	alzheimer's dementia	alzheimer's disease	alzheimers_disease
http://data.loterre.fr/ark:/67375/p66-t0kq9rm8-4.5	dementias of the alzheimer type	dementia of the alzheimer type	alzheimer's disease	alzheimers_disease
http://data.loterre.fr/ark:/67375/p66-t150jwq4-n.2	simple span tasks	simple span task	simple span task	simple_span_task
http://data.loterre.fr/ark:/67375/p66-t150jwq4-n.3	simple spans	simple span	simple span task	simple_span_task
http://data.loterre.fr/ark:/67375/p66-t150jwq4-n.4	simple span test	simple span test	simple span task	simple_span_task
http://data.loterre.fr/ark:/67375/p66-t4634s4r-m.3	unequal-variance signal detection theories	unequal-variance signal detection theory	unequal-variance signal detection theory	unequal_variance_signal_detection_theory
http://data.loterre.fr/ark:/67375/p66-t4634s4r-m.4	uvsds	uvsd	unequal-variance signal detection theory	unequal_variance_signal_detection_theory
http://data.loterre.fr/ark:/67375/p66-t4634s4r-m.5	uvsdts	uvsdt	unequal-variance signal detection theory	unequal_variance_signal_detection_theory
http://data.loterre.fr/ark:/67375/p66-t4h4nvvk-8.1	schematic narrative templates	schematic narrative template	schematic narrative template	schematic_narrative_template
http://data.loterre.fr/ark:/67375/p66-t4vkvzcn-0.0	decoding	decoding	decoding	decoding
http://data.loterre.fr/ark:/67375/p66-t5jd2xjt-p.1	semantic differentials	semantic differential	semantic differential	semantic_differential
http://data.loterre.fr/ark:/67375/p66-t5s0j7m3-v.5	false memory implantation paradigms	false memory implantation paradigm	false memory implantation paradigm	false_memory_implantation_paradigm
http://data.loterre.fr/ark:/67375/p66-t5s0j7m3-v.6	false memory implantation methods	false memory implantation method	false memory implantation paradigm	false_memory_implantation_paradigm
http://data.loterre.fr/ark:/67375/p66-t5s0j7m3-v.7	false memory implantation techniques	false memory implantation technique	false memory implantation paradigm	false_memory_implantation_paradigm
http://data.loterre.fr/ark:/67375/p66-t5s0j7m3-v.8	familial-informant false narrative paradigms	familial-informant false narrative paradigm	false memory implantation paradigm	false_memory_implantation_paradigm
http://data.loterre.fr/ark:/67375/p66-t5s0j7m3-v.9	familial-informant false narrative procedures	familial-informant false narrative procedure	false memory implantation paradigm	false_memory_implantation_paradigm
http://data.loterre.fr/ark:/67375/p66-t5s0j7m3-v.10	lost in the mall paradigm	lost in the mall paradigm	false memory implantation paradigm	false_memory_implantation_paradigm
http://data.loterre.fr/ark:/67375/p66-t5s0j7m3-v.11	lost in the mall technique	lost in the mall technique	false memory implantation paradigm	false_memory_implantation_paradigm
http://data.loterre.fr/ark:/67375/p66-t6g0nb10-6.1	mood-dependent memories	mood-dependent memory	mood-dependent memory	mood_dependent_memory
http://data.loterre.fr/ark:/67375/p66-t8c6zfjt-3.2	recall-to-reject processes	recall-to-reject process	recall-to-reject process	recall_to_reject_process
http://data.loterre.fr/ark:/67375/p66-t8c6zfjt-3.3	disqualifying recall-to-reject	disqualifying recall-to-reject	recall-to-reject process	recall_to_reject_process
http://data.loterre.fr/ark:/67375/p66-t8c6zfjt-3.4	recollection rejections	recollection rejection	recall-to-reject process	recall_to_reject_process
http://data.loterre.fr/ark:/67375/p66-t8d54btv-n.3	response competitions	response competition	response competition	response_competition
http://data.loterre.fr/ark:/67375/p66-t8d54btv-n.4	retrieval competitions	retrieval competition	response competition	response_competition
http://data.loterre.fr/ark:/67375/p66-t8d54btv-n.5	trace competitions	trace competition	response competition	response_competition
http://data.loterre.fr/ark:/67375/p66-t94sx2xd-t.1	cognitive failures questionnaires daily	cognitive failures questionnaire daily	cognitive failures questionnaire daily	cognitive_failures_questionnaire_daily
http://data.loterre.fr/ark:/67375/p66-t94sx2xd-t.2	qdcq	qdcq	cognitive failures questionnaire daily	cognitive_failures_questionnaire_daily
http://data.loterre.fr/ark:/67375/p66-t9l3nrzf-s.0	automatic processing	automatic processing	automatic processing	automatic_processing
http://data.loterre.fr/ark:/67375/p66-tbp8q9bf-x.1	involuntary memory diary methods ​	involuntary memory diary method ​	involuntary memory diary method ​	involuntary_memory_diary_method_​
http://data.loterre.fr/ark:/67375/p66-tbvs19pz-w.1	transsaccadic memories	transsaccadic memory	transsaccadic memory	transsaccadic_memory
http://data.loterre.fr/ark:/67375/p66-tddm8gs6-p.1	primacy models	primacy model	primacy model	primacy_model
http://data.loterre.fr/ark:/67375/p66-tff25xbs-f.2	working memory trainings	working memory training	working memory training	working_memory_training
http://data.loterre.fr/ark:/67375/p66-tff25xbs-f.3	working memory training programs	working memory training program	working memory training	working_memory_training
http://data.loterre.fr/ark:/67375/p66-tfr5frbs-5.1	habit confabulations	habit confabulation	habit confabulation	habit_confabulation
http://data.loterre.fr/ark:/67375/p66-tfs9wjw4-c.3	conceptual short-term memories	conceptual short-term memory	conceptual short-term memory	conceptual_short_term_memory
http://data.loterre.fr/ark:/67375/p66-tfs9wjw4-c.4	short-term semantic memories	short-term semantic memory	conceptual short-term memory	conceptual_short_term_memory
http://data.loterre.fr/ark:/67375/p66-tfs9wjw4-c.5	very short-term conceptual memories	very short-term conceptual memory	conceptual short-term memory	conceptual_short_term_memory
http://data.loterre.fr/ark:/67375/p66-tftthb8v-t.1	implicit memories	implicit memory	implicit memory	implicit_memory
http://data.loterre.fr/ark:/67375/p66-tgcrz1nd-t.2	sensory recruitments	sensory recruitment	sensory recruitment	sensory_recruitment
http://data.loterre.fr/ark:/67375/p66-tgcrz1nd-t.3	sensorimotor recruitments	sensorimotor recruitment	sensory recruitment	sensory_recruitment
http://data.loterre.fr/ark:/67375/p66-tgd5cp20-4.1	subjective organizations	subjective organization	subjective organization	subjective_organization
http://data.loterre.fr/ark:/67375/p66-tjcgvv56-5.3	mental simulations	mental simulation	mental simulation	mental_simulation
http://data.loterre.fr/ark:/67375/p66-tjcgvv56-5.4	motor simulations	motor simulation	mental simulation	mental_simulation
http://data.loterre.fr/ark:/67375/p66-tjcgvv56-5.5	sensori-motor simulations	sensori-motor simulation	mental simulation	mental_simulation
http://data.loterre.fr/ark:/67375/p66-tjqg1cw9-1.1	developmental dysmnesias	developmental dysmnesia	developmental dysmnesia	developmental_dysmnesia
http://data.loterre.fr/ark:/67375/p66-tjr8fdcw-l.4	strategies	strategy	strategy	strategy
http://data.loterre.fr/ark:/67375/p66-tjr8fdcw-l.5	memory aids	memory aid	strategy	strategy
http://data.loterre.fr/ark:/67375/p66-tjr8fdcw-l.6	memory devices	memory device	strategy	strategy
http://data.loterre.fr/ark:/67375/p66-tjr8fdcw-l.7	mnemonic devices	mnemonic device	strategy	strategy
http://data.loterre.fr/ark:/67375/p66-tk6nw0s2-v.2	persons	person	person	person
http://data.loterre.fr/ark:/67375/p66-tk6nw0s2-v.3	individuals	individual	person	person
http://data.loterre.fr/ark:/67375/p66-tkq59x9h-1.0	top-down processing	top-down processing	top-down processing	top_down_processing
http://data.loterre.fr/ark:/67375/p66-tkrt989c-q.6	contralateral delay activities	contralateral delay activity	contralateral delay activity	contralateral_delay_activity
http://data.loterre.fr/ark:/67375/p66-tkrt989c-q.7	cdas	cda	contralateral delay activity	contralateral_delay_activity
http://data.loterre.fr/ark:/67375/p66-tkrt989c-q.8	cnsws	cnsw	contralateral delay activity	contralateral_delay_activity
http://data.loterre.fr/ark:/67375/p66-tkrt989c-q.9	csa	csa	contralateral delay activity	contralateral_delay_activity
http://data.loterre.fr/ark:/67375/p66-tkrt989c-q.10	spcn	spcn	contralateral delay activity	contralateral_delay_activity
http://data.loterre.fr/ark:/67375/p66-tkrt989c-q.11	contralateral negative slow waves	contralateral negative slow wave	contralateral delay activity	contralateral_delay_activity
http://data.loterre.fr/ark:/67375/p66-tkrt989c-q.12	contralateral search activities	contralateral search activity	contralateral delay activity	contralateral_delay_activity
http://data.loterre.fr/ark:/67375/p66-tkrt989c-q.13	sustained posterior contralateral negativities	sustained posterior contralateral negativity	contralateral delay activity	contralateral_delay_activity
http://data.loterre.fr/ark:/67375/p66-tkscsmhr-8.10	drm paradigms	drm paradigm	drm paradigm	drm_paradigm
http://data.loterre.fr/ark:/67375/p66-tkscsmhr-8.11	drm experiments	drm experiment	drm paradigm	drm_paradigm
http://data.loterre.fr/ark:/67375/p66-tkscsmhr-8.12	drm false memory paradigms	drm false memory paradigm	drm paradigm	drm_paradigm
http://data.loterre.fr/ark:/67375/p66-tkscsmhr-8.13	drm procedures	drm procedure	drm paradigm	drm_paradigm
http://data.loterre.fr/ark:/67375/p66-tkscsmhr-8.14	drm studies	drm study	drm paradigm	drm_paradigm
http://data.loterre.fr/ark:/67375/p66-tkscsmhr-8.15	drm tasks	drm task	drm paradigm	drm_paradigm
http://data.loterre.fr/ark:/67375/p66-tkscsmhr-8.16	drm tests	drm test	drm paradigm	drm_paradigm
http://data.loterre.fr/ark:/67375/p66-tkscsmhr-8.17	deese paradigms	deese paradigm	drm paradigm	drm_paradigm
http://data.loterre.fr/ark:/67375/p66-tkscsmhr-8.18	deese-roediger-mcdermott false memory paradigms	deese-roediger-mcdermott false memory paradigm	drm paradigm	drm_paradigm
http://data.loterre.fr/ark:/67375/p66-tkscsmhr-8.19	deese-roediger-mcdermott paradigms	deese-roediger-mcdermott paradigm	drm paradigm	drm_paradigm
http://data.loterre.fr/ark:/67375/p66-tkzb8hg9-6.1	encoding specificity principles	encoding specificity principle	encoding specificity principle	encoding_specificity_principle
http://data.loterre.fr/ark:/67375/p66-tl6309sb-3.1	forward serial position curves	forward serial position curve	forward serial position curve	forward_serial_position_curve
http://data.loterre.fr/ark:/67375/p66-tl97kw16-x.1	reading-digit span tasks	reading-digit span task	reading-digit span task	reading_digit_span_task
http://data.loterre.fr/ark:/67375/p66-tmql9ccl-r.1	nonword repetition tasks	nonword repetition task	nonword repetition task	nonword_repetition_task
http://data.loterre.fr/ark:/67375/p66-tn6tblnc-z.2	secondary distinctiveness effects	secondary distinctiveness effect	secondary distinctiveness effect	secondary_distinctiveness_effect
http://data.loterre.fr/ark:/67375/p66-tn6tblnc-z.3	extralist distinctiveness effects	extralist distinctiveness effect	secondary distinctiveness effect	secondary_distinctiveness_effect
http://data.loterre.fr/ark:/67375/p66-tp6j5445-v.2	encyclopedic memories	encyclopedic memory	encyclopedic memory	encyclopedic_memory
http://data.loterre.fr/ark:/67375/p66-tp6j5445-v.3	school knowledges	school knowledge	encyclopedic memory	encyclopedic_memory
http://data.loterre.fr/ark:/67375/p66-tpdktcb1-n.3	positive acceleration learning curves	positive acceleration learning curve	positive acceleration learning curve	positive_acceleration_learning_curve
http://data.loterre.fr/ark:/67375/p66-tpdktcb1-n.4	positive accelerations	positive acceleration	positive acceleration learning curve	positive_acceleration_learning_curve
http://data.loterre.fr/ark:/67375/p66-tpdktcb1-n.5	positive acceleration curves	positive acceleration curve	positive acceleration learning curve	positive_acceleration_learning_curve
http://data.loterre.fr/ark:/67375/p66-tpl541cx-l.1	interresponse times	interresponse time	interresponse time	interresponse_time
http://data.loterre.fr/ark:/67375/p66-tpn2mf9t-1.1	sensory/functional theories	sensory/functional theory	sensory/functional theory	sensory_functional_theory
http://data.loterre.fr/ark:/67375/p66-tsks85b6-l.1	self-limiting processes	self-limiting process	self-limiting process	self_limiting_process
http://data.loterre.fr/ark:/67375/p66-tt05r285-l.3	partial report tasks	partial report task	partial report task	partial_report_task
http://data.loterre.fr/ark:/67375/p66-tt05r285-l.4	sperling's paradigms	sperling's paradigm	partial report task	partial_report_task
http://data.loterre.fr/ark:/67375/p66-tt05r285-l.5	partial report procedures	partial report procedure	partial report task	partial_report_task
http://data.loterre.fr/ark:/67375/p66-ttfrg06n-x.1	posterior parietal cortexes	posterior parietal cortex	posterior parietal cortex	posterior_parietal_cortex
http://data.loterre.fr/ark:/67375/p66-tw7v3rp3-l.5	nichd protocols	nichd protocol	nichd protocol	nichd_protocol
http://data.loterre.fr/ark:/67375/p66-tw7v3rp3-l.6	nichd interview protocols	nichd interview protocol	nichd protocol	nichd_protocol
http://data.loterre.fr/ark:/67375/p66-tw7v3rp3-l.7	national institutes of child health and human development protocol	national institute of child health and human development protocol	nichd protocol	nichd_protocol
http://data.loterre.fr/ark:/67375/p66-tw7v3rp3-l.8	revised nichd investigative interview protocols	revised nichd investigative interview protocol	nichd protocol	nichd_protocol
http://data.loterre.fr/ark:/67375/p66-tw7v3rp3-l.9	protocols of the national institute of child health and human development protocol	protocol of the national institute of child health and human development protocol	nichd protocol	nichd_protocol
http://data.loterre.fr/ark:/67375/p66-tx0cf8lb-s.2	episodic flanker tasks	episodic flanker task	episodic flanker task	episodic_flanker_task
http://data.loterre.fr/ark:/67375/p66-tx0cf8lb-s.3	episodic flanker paradigms	episodic flanker paradigm	episodic flanker task	episodic_flanker_task
http://data.loterre.fr/ark:/67375/p66-txg25c5j-t.1	topographical memory losses	topographical memory loss	topographical memory loss	topographical_memory_loss
http://data.loterre.fr/ark:/67375/p66-txg25c5j-t.2	pure topographical disorientation	pure topographical disorientation	topographical memory loss	topographical_memory_loss
http://data.loterre.fr/ark:/67375/p66-txg25c5j-t.3	topographical amnesia	topographical amnesia	topographical memory loss	topographical_memory_loss
http://data.loterre.fr/ark:/67375/p66-v0ktm4mw-h.1	distinctiveness heuristics	distinctiveness heuristic	distinctiveness heuristic	distinctiveness_heuristic
http://data.loterre.fr/ark:/67375/p66-v0q687c9-k.1	telephone tests	telephone test	telephone test	telephone_test
http://data.loterre.fr/ark:/67375/p66-v1086tzp-c.1	selective attentions	selective attention	selective attention	selective_attention
http://data.loterre.fr/ark:/67375/p66-v1jchdkr-0.3	massed learnings	massed learning	massed learning	massed_learning
http://data.loterre.fr/ark:/67375/p66-v1jchdkr-0.4	blocked learnings	blocked learning	massed learning	massed_learning
http://data.loterre.fr/ark:/67375/p66-v1jchdkr-0.5	massed restudies	massed restudy	massed learning	massed_learning
http://data.loterre.fr/ark:/67375/p66-v1mfzx68-j.4	facial composites	facial composite	facial composite	facial_composite
http://data.loterre.fr/ark:/67375/p66-v1mfzx68-j.5	composite faces	composite face	facial composite	facial_composite
http://data.loterre.fr/ark:/67375/p66-v1mfzx68-j.6	composite images of a face	composite image of a face	facial composite	facial_composite
http://data.loterre.fr/ark:/67375/p66-v1mfzx68-j.7	face composites	face composite	facial composite	facial_composite
http://data.loterre.fr/ark:/67375/p66-v1rf14z0-p.1	kinematic false memories	kinematic false memory	kinematic false memory	kinematic_false_memory
http://data.loterre.fr/ark:/67375/p66-v31cxm91-g.2	k.c. cases	k.c. case	k.c. case	k.c._case
http://data.loterre.fr/ark:/67375/p66-v31cxm91-g.3	k.c. patient	k.c. patient	k.c. case	k.c._case
http://data.loterre.fr/ark:/67375/p66-v31cxm91-g.4	n.n. cases	n.n. case	k.c. case	k.c._case
http://data.loterre.fr/ark:/67375/p66-v31cxm91-g.5	n.n. patient	n.n. patient	k.c. case	k.c._case
http://data.loterre.fr/ark:/67375/p66-v48bc5f8-8.2	voluntary memories	voluntary memory	voluntary memory	voluntary_memory
http://data.loterre.fr/ark:/67375/p66-v48bc5f8-8.3	voluntary retrievals	voluntary retrieval	voluntary memory	voluntary_memory
http://data.loterre.fr/ark:/67375/p66-v4hcxxd4-7.1	directed free recall tasks	directed free recall task	directed free recall task	directed_free_recall_task
http://data.loterre.fr/ark:/67375/p66-v516ktqs-g.2	conjoint recognition paradigms	conjoint recognition paradigm	conjoint recognition paradigm	conjoint_recognition_paradigm
http://data.loterre.fr/ark:/67375/p66-v516ktqs-g.3	conjoint recognition tasks	conjoint recognition task	conjoint recognition paradigm	conjoint_recognition_paradigm
http://data.loterre.fr/ark:/67375/p66-v57znwg5-3.1	confabulations by production mode	confabulation by production mode	confabulation by production mode	confabulation_by_production_mode
http://data.loterre.fr/ark:/67375/p66-v5sj3tzs-d.2	linear ballistic accumulator models	linear ballistic accumulator model	linear ballistic accumulator model	linear_ballistic_accumulator_model
http://data.loterre.fr/ark:/67375/p66-v5sj3tzs-d.3	lbas	lba	linear ballistic accumulator model	linear_ballistic_accumulator_model
http://data.loterre.fr/ark:/67375/p66-v69k7f95-m.2	auditory imageries	auditory imagery	auditory imagery	auditory_imagery
http://data.loterre.fr/ark:/67375/p66-v69k7f95-m.3	auditory images	auditory image	auditory imagery	auditory_imagery
http://data.loterre.fr/ark:/67375/p66-v8b5xmww-1.1	long-term recency effects	long-term recency effect	long-term recency effect	long_term_recency_effect
http://data.loterre.fr/ark:/67375/p66-v8s67rrq-l.1	affective working memories	affective working memory	affective working memory	affective_working_memory
http://data.loterre.fr/ark:/67375/p66-vf25x7tg-7.2	persons by aptitude	person by aptitude	person by aptitude	person_by_aptitude
http://data.loterre.fr/ark:/67375/p66-vf25x7tg-7.3	individuals by aptitude	individual by aptitude	person by aptitude	person_by_aptitude
http://data.loterre.fr/ark:/67375/p66-vfwgdtgw-r.2	alcohol myopia hypotheses	alcohol myopia hypothesis	alcohol myopia hypothesis	alcohol_myopia_hypothesis
http://data.loterre.fr/ark:/67375/p66-vfwgdtgw-r.3	alcohol myopia theories	alcohol myopia theory	alcohol myopia hypothesis	alcohol_myopia_hypothesis
http://data.loterre.fr/ark:/67375/p66-vgwh73dk-l.5	mini mental state examinations	mini mental state examination	mini mental state examination	mini_mental_state_examination
http://data.loterre.fr/ark:/67375/p66-vgwh73dk-l.6	folstein tests	folstein test	mini mental state examination	mini_mental_state_examination
http://data.loterre.fr/ark:/67375/p66-vgwh73dk-l.7	mmses	mms	mini mental state examination	mini_mental_state_examination
http://data.loterre.fr/ark:/67375/p66-vgwh73dk-l.8	mmse	mmse	mini mental state examination	mini_mental_state_examination
http://data.loterre.fr/ark:/67375/p66-vgwh73dk-l.9	mini-mental states	mini-mental state	mini mental state examination	mini_mental_state_examination
http://data.loterre.fr/ark:/67375/p66-vgwh73dk-l.10	mini-mental status exams	mini-mental status exam	mini mental state examination	mini_mental_state_examination
http://data.loterre.fr/ark:/67375/p66-vhj1rz45-h.4	gating processes	gating process	gating process	gating_process
http://data.loterre.fr/ark:/67375/p66-vhj1rz45-h.5	gatings	gating	gating process	gating_process
http://data.loterre.fr/ark:/67375/p66-vhj1rz45-h.6	gating mechanisms	gating mechanism	gating process	gating_process
http://data.loterre.fr/ark:/67375/p66-vhj1rz45-h.7	working memories gating	working memory gating	gating process	gating_process
http://data.loterre.fr/ark:/67375/p66-vhlxzt76-g.4	highly superior autobiographical memories	highly superior autobiographical memory	highly superior autobiographical memory	highly_superior_autobiographical_memory
http://data.loterre.fr/ark:/67375/p66-vhlxzt76-g.5	hsams	hsam	highly superior autobiographical memory	highly_superior_autobiographical_memory
http://data.loterre.fr/ark:/67375/p66-vhlxzt76-g.6	hyperthymesias	hyperthymesia	highly superior autobiographical memory	highly_superior_autobiographical_memory
http://data.loterre.fr/ark:/67375/p66-vhlxzt76-g.7	hyperthymestic syndromes	hyperthymestic syndrome	highly superior autobiographical memory	highly_superior_autobiographical_memory
http://data.loterre.fr/ark:/67375/p66-vl9p8sb1-h.1	transient global amnesia	transient global amnesia	transient global amnesia	transient_global_amnesia
http://data.loterre.fr/ark:/67375/p66-vl9p8sb1-h.2	tgas	tga	transient global amnesia	transient_global_amnesia
http://data.loterre.fr/ark:/67375/p66-vlj0cqh4-g.9	predictive brains	predictive brain	predictive brain	predictive_brain
http://data.loterre.fr/ark:/67375/p66-vlj0cqh4-g.10	active inferences	active inference	predictive brain	predictive_brain
http://data.loterre.fr/ark:/67375/p66-vlj0cqh4-g.11	bayesian brains	bayesian brain	predictive brain	predictive_brain
http://data.loterre.fr/ark:/67375/p66-vlj0cqh4-g.12	bayesian brain theories	bayesian brain theory	predictive brain	predictive_brain
http://data.loterre.fr/ark:/67375/p66-vlj0cqh4-g.13	predictive coding	predictive coding	predictive brain	predictive_brain
http://data.loterre.fr/ark:/67375/p66-vlj0cqh4-g.14	predictive coding theories	predictive coding theory	predictive brain	predictive_brain
http://data.loterre.fr/ark:/67375/p66-vlj0cqh4-g.15	predictive minds	predictive mind	predictive brain	predictive_brain
http://data.loterre.fr/ark:/67375/p66-vlj0cqh4-g.16	predictive processing frameworks	predictive processing framework	predictive brain	predictive_brain
http://data.loterre.fr/ark:/67375/p66-vlj0cqh4-g.17	prospective brains	prospective brain	predictive brain	predictive_brain
http://data.loterre.fr/ark:/67375/p66-vlj0cqh4-g.18	prospective thoughts	prospective thought	predictive brain	predictive_brain
http://data.loterre.fr/ark:/67375/p66-vmh6cdvc-n.2	false feedback paradigms	false feedback paradigm	false feedback paradigm	false_feedback_paradigm
http://data.loterre.fr/ark:/67375/p66-vmh6cdvc-n.3	false feedback methods	false feedback method	false feedback paradigm	false_feedback_paradigm
http://data.loterre.fr/ark:/67375/p66-vp5f7khk-3.1	dynamic field theories	dynamic field theory	dynamic field theory	dynamic_field_theory
http://data.loterre.fr/ark:/67375/p66-vp9mvphc-n.1	working selves	working self	working self	working_self
http://data.loterre.fr/ark:/67375/p66-vpx9wq0r-9.2	time-based resource sharing models	time-based resource sharing model	time-based resource sharing model	time_based_resource_sharing_model
http://data.loterre.fr/ark:/67375/p66-vpx9wq0r-9.3	tbrs models	tbrs model	time-based resource sharing model	time_based_resource_sharing_model
http://data.loterre.fr/ark:/67375/p66-vs0q3f43-7.2	organizations	organization	organization	organization
http://data.loterre.fr/ark:/67375/p66-vs0q3f43-7.3	organizational strategies	organizational strategy	organization	organization
http://data.loterre.fr/ark:/67375/p66-vs42q5p6-9.2	identify-to-reject processes	identify-to-reject process	identify-to-reject process	identify_to_reject_process
http://data.loterre.fr/ark:/67375/p66-vs42q5p6-9.3	identify-to-reject strategies	identify-to-reject strategy	identify-to-reject process	identify_to_reject_process
http://data.loterre.fr/ark:/67375/p66-vszt26md-v.1	amnestic syndromes	amnestic syndrome	amnestic syndrome	amnestic_syndrome
http://data.loterre.fr/ark:/67375/p66-vtgzmv26-7.1	tracelink models	tracelink model	tracelink model	tracelink_model
http://data.loterre.fr/ark:/67375/p66-vvp5v8hg-j.2	composite holographic associative recall models	composite holographic associative recall model	composite holographic associative recall model	composite_holographic_associative_recall_model
http://data.loterre.fr/ark:/67375/p66-vvp5v8hg-j.3	charm models	charm model	composite holographic associative recall model	composite_holographic_associative_recall_model
http://data.loterre.fr/ark:/67375/p66-vwg96tp1-f.1	nonbelieved memories	nonbelieved memory	nonbelieved memory	nonbelieved_memory
http://data.loterre.fr/ark:/67375/p66-vwx3sx1x-5.1	subjective study methods of memory	subjective study method of memory	subjective study method of memory	subjective_study_method_of_memory
http://data.loterre.fr/ark:/67375/p66-vx42zrsp-1.1	inhibition-induced forgettings	inhibition-induced forgetting	inhibition-induced forgetting	inhibition_induced_forgetting
http://data.loterre.fr/ark:/67375/p66-vzmfwzrf-k.1	memory stroop paradigms	memory stroop paradigm	memory stroop paradigm	memory_stroop_paradigm
http://data.loterre.fr/ark:/67375/p66-w0mrjfxz-d.4	over/under confidence indexes	over/under confidence index	over/under confidence index	over_under_confidence_index
http://data.loterre.fr/ark:/67375/p66-w0mrjfxz-d.5	o/u indexes	o/u index	over/under confidence index	over_under_confidence_index
http://data.loterre.fr/ark:/67375/p66-w0mrjfxz-d.6	o/u measures	o/u measure	over/under confidence index	over_under_confidence_index
http://data.loterre.fr/ark:/67375/p66-w0mrjfxz-d.7	overconfidence/underconfidence indexes	overconfidence/underconfidence index	over/under confidence index	over_under_confidence_index
http://data.loterre.fr/ark:/67375/p66-w0tlf8t9-s.1	procedural working memories	procedural working memory	procedural working memory	procedural_working_memory
http://data.loterre.fr/ark:/67375/p66-w0xk4fx2-9.1	long-term working memories	long-term working memory	long-term working memory	long_term_working_memory
http://data.loterre.fr/ark:/67375/p66-w14c8g63-5.1	simple reaction time tasks	simple reaction time task	simple reaction time task	simple_reaction_time_task
http://data.loterre.fr/ark:/67375/p66-w1lp7kg3-6.5	memory complaints	memory complaint	memory complaint	memory_complaint
http://data.loterre.fr/ark:/67375/p66-w1lp7kg3-6.6	memory discontentment	memory discontentment	memory complaint	memory_complaint
http://data.loterre.fr/ark:/67375/p66-w1lp7kg3-6.7	subjective memory complaints	subjective memory complaint	memory complaint	memory_complaint
http://data.loterre.fr/ark:/67375/p66-w1lp7kg3-6.8	subjective memory declines	subjective memory decline	memory complaint	memory_complaint
http://data.loterre.fr/ark:/67375/p66-w1lp7kg3-6.9	subjective memory impairments	subjective memory impairment	memory complaint	memory_complaint
http://data.loterre.fr/ark:/67375/p66-w1lp7kg3-6.10	subjective memory losses	subjective memory loss	memory complaint	memory_complaint
http://data.loterre.fr/ark:/67375/p66-w2hp08xp-2.5	phonemic verbal fluency tests	phonemic verbal fluency test	phonemic verbal fluency test	phonemic_verbal_fluency_test
http://data.loterre.fr/ark:/67375/p66-w2hp08xp-2.6	phonemic fluencies	phonemic fluency	phonemic verbal fluency test	phonemic_verbal_fluency_test
http://data.loterre.fr/ark:/67375/p66-w2hp08xp-2.7	phonemic fluency tasks	phonemic fluency task	phonemic verbal fluency test	phonemic_verbal_fluency_test
http://data.loterre.fr/ark:/67375/p66-w2hp08xp-2.8	phonemic fluency tests	phonemic fluency test	phonemic verbal fluency test	phonemic_verbal_fluency_test
http://data.loterre.fr/ark:/67375/p66-w2hp08xp-2.9	phonological verbal fluency tasks	phonological verbal fluency task	phonemic verbal fluency test	phonemic_verbal_fluency_test
http://data.loterre.fr/ark:/67375/p66-w2s3kl49-l.3	level of processing theory	levels of processing theory	levels of processing theory	levels_of_processing_theory
http://data.loterre.fr/ark:/67375/p66-w2s3kl49-l.4	level of processig hypothesis	levels of processig hypothesis	levels of processing theory	levels_of_processing_theory
http://data.loterre.fr/ark:/67375/p66-w2s3kl49-l.5	level of processing model	levels of processing model	levels of processing theory	levels_of_processing_theory
http://data.loterre.fr/ark:/67375/p66-w30c6bpd-n.0	rumor mongering ​paradigm	rumor mongering ​paradigm	rumor mongering ​paradigm	rumor_mongering_​paradigm
http://data.loterre.fr/ark:/67375/p66-w33h358f-7.1	allocations of study time	allocation of study time	allocation of study time	allocation_of_study_time
http://data.loterre.fr/ark:/67375/p66-w50zklzt-z.2	memory self-efficacy questionnaires	memory self-efficacy questionnaire	memory self-efficacy questionnaire	memory_self_efficacy_questionnaire
http://data.loterre.fr/ark:/67375/p66-w50zklzt-z.3	mseqs	mseq	memory self-efficacy questionnaire	memory_self_efficacy_questionnaire
http://data.loterre.fr/ark:/67375/p66-w58m2srn-d.1	reproductive inhibitions	reproductive inhibition	reproductive inhibition	reproductive_inhibition
http://data.loterre.fr/ark:/67375/p66-w61jmphd-l.1	modified free recall procedures	modified free recall procedure	modified free recall procedure	modified_free_recall_procedure
http://data.loterre.fr/ark:/67375/p66-w6zdjnzd-f.1	backward serial position curves	backward serial position curve	backward serial position curve	backward_serial_position_curve
http://data.loterre.fr/ark:/67375/p66-w8n5kjdt-l.2	perceptual priming effects	perceptual priming effect	perceptual priming effect	perceptual_priming_effect
http://data.loterre.fr/ark:/67375/p66-w8n5kjdt-l.3	perceptual primings	perceptual priming	perceptual priming effect	perceptual_priming_effect
http://data.loterre.fr/ark:/67375/p66-w95z5s37-2.2	span tasks	span task	span task	span_task
http://data.loterre.fr/ark:/67375/p66-w95z5s37-2.3	memory span tasks	memory span task	span task	span_task
http://data.loterre.fr/ark:/67375/p66-w98hwg05-x.2	standard theories of consolidation	standard theory of consolidation	standard theory of consolidation	standard_theory_of_consolidation
http://data.loterre.fr/ark:/67375/p66-w98hwg05-x.3	standard models of consolidation	standard model of consolidation	standard theory of consolidation	standard_theory_of_consolidation
http://data.loterre.fr/ark:/67375/p66-w9nt4pk7-j.1	changing-state effects	changing-state effect	changing-state effect	changing_state_effect
http://data.loterre.fr/ark:/67375/p66-wchqsnql-0.5	encoding, storage, retrieval tests	encoding, storage, retrieval test	encoding, storage, retrieval test	encoding_storage_retrieval_test
http://data.loterre.fr/ark:/67375/p66-wchqsnql-0.6	esr paradigms	esr paradigm	encoding, storage, retrieval test	encoding_storage_retrieval_test
http://data.loterre.fr/ark:/67375/p66-wchqsnql-0.7	esr tasks	esr task	encoding, storage, retrieval test	encoding_storage_retrieval_test
http://data.loterre.fr/ark:/67375/p66-wchqsnql-0.8	encoding, storage, retrieval paradigm	encoding, storage, retrieval paradigm	encoding, storage, retrieval test	encoding_storage_retrieval_test
http://data.loterre.fr/ark:/67375/p66-wchqsnql-0.9	s-esr tasks	s-esr task	encoding, storage, retrieval test	encoding_storage_retrieval_test
http://data.loterre.fr/ark:/67375/p66-wchqsnql-0.10	short esr tasks	short esr task	encoding, storage, retrieval test	encoding_storage_retrieval_test
http://data.loterre.fr/ark:/67375/p66-wdjfqlqj-p.2	stirling face recognition scales	stirling face recognition scale	stirling face recognition scale	stirling_face_recognition_scale
http://data.loterre.fr/ark:/67375/p66-wdjfqlqj-p.3	sfrses	sfrs	stirling face recognition scale	stirling_face_recognition_scale
http://data.loterre.fr/ark:/67375/p66-wdnxpkv1-n.1	second-order relational processing	second-order relational processing	second-order relational processing	second_order_relational_processing
http://data.loterre.fr/ark:/67375/p66-wdnxpkv1-n.2	sensitivities of second-order relations	sensitivity of second-order relations	second-order relational processing	second_order_relational_processing
http://data.loterre.fr/ark:/67375/p66-wg17xbg4-v.1	mem-pro-clinic tests	mem-pro-clinic test	mem-pro-clinic test	mem_pro_clinic_test
http://data.loterre.fr/ark:/67375/p66-wg1xtxwn-2.1	episodic traces	episodic trace	episodic trace	episodic_trace
http://data.loterre.fr/ark:/67375/p66-whjrj6f1-q.5	property generation tasks	property generation task	property generation task	property_generation_task
http://data.loterre.fr/ark:/67375/p66-whjrj6f1-q.6	feature listing tasks	feature listing task	property generation task	property_generation_task
http://data.loterre.fr/ark:/67375/p66-whjrj6f1-q.7	feature production tasks	feature production task	property generation task	property_generation_task
http://data.loterre.fr/ark:/67375/p66-whjrj6f1-q.8	property elicitation tasks	property elicitation task	property generation task	property_generation_task
http://data.loterre.fr/ark:/67375/p66-whjrj6f1-q.9	property listing tasks	property listing task	property generation task	property_generation_task
http://data.loterre.fr/ark:/67375/p66-wjjr1cx9-x.3	ownership effects	ownership effect	ownership effect	ownership_effect
http://data.loterre.fr/ark:/67375/p66-wjjr1cx9-x.4	ownership self-reference effects	ownership self-reference effect	ownership effect	ownership_effect
http://data.loterre.fr/ark:/67375/p66-wjjr1cx9-x.5	ownership-induced self-biases	ownership-induced self-bias	ownership effect	ownership_effect
http://data.loterre.fr/ark:/67375/p66-wjwg0jc6-w.2	interference resolutions	interference resolution	interference resolution	interference_resolution
http://data.loterre.fr/ark:/67375/p66-wjwg0jc6-w.3	interference controls	interference control	interference resolution	interference_resolution
http://data.loterre.fr/ark:/67375/p66-wk08nbw0-q.3	contextual availability hypotheses	contextual availability hypothesis	contextual availability hypothesis	contextual_availability_hypothesis
http://data.loterre.fr/ark:/67375/p66-wk08nbw0-q.4	contextual availability models	contextual availability model	contextual availability hypothesis	contextual_availability_hypothesis
http://data.loterre.fr/ark:/67375/p66-wk08nbw0-q.5	contextual availability theories	contextual availability theory	contextual availability hypothesis	contextual_availability_hypothesis
http://data.loterre.fr/ark:/67375/p66-wkqq2kz6-8.2	focuses of attention	focus of attention	focus of attention	focus_of_attention
http://data.loterre.fr/ark:/67375/p66-wkqq2kz6-8.3	attentional focuses	attentional focus	focus of attention	focus_of_attention
http://data.loterre.fr/ark:/67375/p66-wkqq2kz6-8.4	attentional focusing	attentional focusing	focus of attention	focus_of_attention
http://data.loterre.fr/ark:/67375/p66-wm4bfg4v-q.0	informational persistence	informational persistence	informational persistence	informational_persistence
http://data.loterre.fr/ark:/67375/p66-wm9bnkj9-8.2	procedural metamemories	procedural metamemory	procedural metamemory	procedural_metamemory
http://data.loterre.fr/ark:/67375/p66-wm9bnkj9-8.3	metamemory experiences	metamemory experience	procedural metamemory	procedural_metamemory
http://data.loterre.fr/ark:/67375/p66-wnfw5fqb-c.1	selective interference paradigms	selective interference paradigm	selective interference paradigm	selective_interference_paradigm
http://data.loterre.fr/ark:/67375/p66-wpbzbd02-r.2	internal strategies	internal strategy	internal strategy	internal_strategy
http://data.loterre.fr/ark:/67375/p66-wpbzbd02-r.3	internal aids	internal aid	internal strategy	internal_strategy
http://data.loterre.fr/ark:/67375/p66-wpdn8p51-4.2	memory spans	memory span	memory span	memory_span
http://data.loterre.fr/ark:/67375/p66-wpdn8p51-4.3	spans	span	memory span	memory_span
http://data.loterre.fr/ark:/67375/p66-wqkz3mht-d.4	memory sensitivities	memory sensitivity	memory sensitivity	memory_sensitivity
http://data.loterre.fr/ark:/67375/p66-wqkz3mht-d.5	discriminabilities	discriminability	memory sensitivity	memory_sensitivity
http://data.loterre.fr/ark:/67375/p66-wqkz3mht-d.6	memory discriminabilities	memory discriminability	memory sensitivity	memory_sensitivity
http://data.loterre.fr/ark:/67375/p66-wqkz3mht-d.7	sensitivities	sensitivity	memory sensitivity	memory_sensitivity
http://data.loterre.fr/ark:/67375/p66-wrbxk1f6-t.1	mental lexicons	mental lexicon	mental lexicon	mental_lexicon
http://data.loterre.fr/ark:/67375/p66-wsxq2ms5-9.3	suppression-induced forgettings	suppression-induced forgetting	suppression-induced forgetting	suppression_induced_forgetting
http://data.loterre.fr/ark:/67375/p66-wsxq2ms5-9.4	sif	sif	suppression-induced forgetting	suppression_induced_forgetting
http://data.loterre.fr/ark:/67375/p66-wsxq2ms5-9.5	memory suppressions	memory suppression	suppression-induced forgetting	suppression_induced_forgetting
http://data.loterre.fr/ark:/67375/p66-wsxq2ms5-9.6	suppression effects	suppression effect	suppression-induced forgetting	suppression_induced_forgetting
http://data.loterre.fr/ark:/67375/p66-wvm3wl9j-d.4	repetition priming effects	repetition priming effect	repetition priming effect	repetition_priming_effect
http://data.loterre.fr/ark:/67375/p66-wvm3wl9j-d.5	direct primings	direct priming	repetition priming effect	repetition_priming_effect
http://data.loterre.fr/ark:/67375/p66-wvm3wl9j-d.6	identities priming	identity priming	repetition priming effect	repetition_priming_effect
http://data.loterre.fr/ark:/67375/p66-wvm3wl9j-d.7	repetitions priming	repetition priming	repetition priming effect	repetition_priming_effect
http://data.loterre.fr/ark:/67375/p66-wvmspsb6-z.1	gestural loops	gestural loop	gestural loop	gestural_loop
http://data.loterre.fr/ark:/67375/p66-wwk7w52c-7.4	personal semantics	personal semantics	personal semantics	personal_semantics
http://data.loterre.fr/ark:/67375/p66-wwk7w52c-7.5	autobiographical facts	autobiographical fact	personal semantics	personal_semantics
http://data.loterre.fr/ark:/67375/p66-wwk7w52c-7.6	non-episodic autobiographical memories	non-episodic autobiographical memory	personal semantics	personal_semantics
http://data.loterre.fr/ark:/67375/p66-wwk7w52c-7.7	personal semantic memories	personal semantic memory	personal semantics	personal_semantics
http://data.loterre.fr/ark:/67375/p66-wwk7w52c-7.8	semantic self-knowledges	semantic self-knowledge	personal semantics	personal_semantics
http://data.loterre.fr/ark:/67375/p66-wwpbjrc2-h.1	category probe tasks	category probe task	category probe task	category_probe_task
http://data.loterre.fr/ark:/67375/p66-wzlk4r47-z.1	tasks switching	task switching	task switching	task_switching
http://data.loterre.fr/ark:/67375/p66-wzlk4r47-z.2	attention switching	attention switching	task switching	task_switching
http://data.loterre.fr/ark:/67375/p66-x04j1443-5.2	preadolescents	preadolescent	preadolescent	preadolescent
http://data.loterre.fr/ark:/67375/p66-x04j1443-5.3	early adolescence	early adolescence	preadolescent	preadolescent
http://data.loterre.fr/ark:/67375/p66-x04j1443-5.4	early adolescents	early adolescent	preadolescent	preadolescent
http://data.loterre.fr/ark:/67375/p66-x2csswgq-w.0	goal maintenance	goal maintenance	goal maintenance	goal_maintenance
http://data.loterre.fr/ark:/67375/p66-x2m6d2rk-2.1	transition theories	transition theory	transition theory	transition_theory
http://data.loterre.fr/ark:/67375/p66-x311vjz9-2.1	prosopamnesias	prosopamnesia	prosopamnesia	prosopamnesia
http://data.loterre.fr/ark:/67375/p66-x3fs8r50-q.1	principles of desirable difficulties	principle of desirable difficulties	principle of desirable difficulties	principle_of_desirable_difficulties
http://data.loterre.fr/ark:/67375/p66-x3p46gk5-v.1	elaborative rehearsals	elaborative rehearsal	elaborative rehearsal	elaborative_rehearsal
http://data.loterre.fr/ark:/67375/p66-x3p46gk5-v.2	type ii processing	type ii processing	elaborative rehearsal	elaborative_rehearsal
http://data.loterre.fr/ark:/67375/p66-x44fvtw0-z.2	autobiographical memory interviews	autobiographical memory interview	autobiographical memory interview	autobiographical_memory_interview
http://data.loterre.fr/ark:/67375/p66-x44fvtw0-z.3	amis	ami	autobiographical memory interview	autobiographical_memory_interview
http://data.loterre.fr/ark:/67375/p66-x46hl565-j.3	pasa models	pasa model	pasa model	pasa_model
http://data.loterre.fr/ark:/67375/p66-x46hl565-j.4	pasas	pasa	pasa model	pasa_model
http://data.loterre.fr/ark:/67375/p66-x46hl565-j.5	posterior-anterior shifts in aging	posterior-anterior shift in aging	pasa model	pasa_model
http://data.loterre.fr/ark:/67375/p66-x526mh0p-1.1	interference models	interference model	interference model	interference_model
http://data.loterre.fr/ark:/67375/p66-x58ffn7r-q.3	tests for odor memory	test for odor memory	test for odor memory	test_for_odor_memory
http://data.loterre.fr/ark:/67375/p66-x58ffn7r-q.4	sniffin’ toms	sniffin’ tom	test for odor memory	test_for_odor_memory
http://data.loterre.fr/ark:/67375/p66-x58ffn7r-q.5	toms	tom	test for odor memory	test_for_odor_memory
http://data.loterre.fr/ark:/67375/p66-x58ffn7r-q.6	tom-32	tom-32	test for odor memory	test_for_odor_memory
http://data.loterre.fr/ark:/67375/p66-x5f78tcx-v.1	discrepancy detection principles	discrepancy detection principle	discrepancy detection principle	discrepancy_detection_principle
http://data.loterre.fr/ark:/67375/p66-x5hpjvmq-q.1	functional amnesia	functional amnesia	functional amnesia	functional_amnesia
http://data.loterre.fr/ark:/67375/p66-x5hpjvmq-q.2	dissociative amnesia	dissociative amnesia	functional amnesia	functional_amnesia
http://data.loterre.fr/ark:/67375/p66-x5hpjvmq-q.3	psychogenic amnesia	psychogenic amnesia	functional amnesia	functional_amnesia
http://data.loterre.fr/ark:/67375/p66-x5hpjvmq-q.4	psychogenic fugues	psychogenic fugue	functional amnesia	functional_amnesia
http://data.loterre.fr/ark:/67375/p66-x5tcfs4p-q.1	implicit working memories	implicit working memory	implicit working memory	implicit_working_memory
http://data.loterre.fr/ark:/67375/p66-x7bb814x-n.2	property verification tasks	property verification task	property verification task	property_verification_task
http://data.loterre.fr/ark:/67375/p66-x7bb814x-n.3	feature verification tasks	feature verification task	property verification task	property_verification_task
http://data.loterre.fr/ark:/67375/p66-x7x182kl-t.2	ecological tests of prospective memory	ecological test of prospective memory	ecological test of prospective memory	ecological_test_of_prospective_memory
http://data.loterre.fr/ark:/67375/p66-x7x182kl-t.3	temps	temp	ecological test of prospective memory	ecological_test_of_prospective_memory
http://data.loterre.fr/ark:/67375/p66-x8jwbgh7-h.1	episodic specificity inductions	episodic specificity induction	episodic specificity induction	episodic_specificity_induction
http://data.loterre.fr/ark:/67375/p66-x93zhfv9-8.1	divided attentions	divided attention	divided attention	divided_attention
http://data.loterre.fr/ark:/67375/p66-xbn2cjlv-1.1	environmental support hypotheses	environmental support hypothesis	environmental support hypothesis	environmental_support_hypothesis
http://data.loterre.fr/ark:/67375/p66-xbr7ghkd-b.1	reality monitorings	reality monitoring	reality monitoring	reality_monitoring
http://data.loterre.fr/ark:/67375/p66-xc3l37bb-8.1	auditory deviant effects ​	auditory deviant effect ​	auditory deviant effect ​	auditory_deviant_effect_​
http://data.loterre.fr/ark:/67375/p66-xfk08d50-d.5	recall tasks	recall task	recall task	recall_task
http://data.loterre.fr/ark:/67375/p66-xfk08d50-d.6	recall measures	recall measure	recall task	recall_task
http://data.loterre.fr/ark:/67375/p66-xfk08d50-d.7	recall methods	recall method	recall task	recall_task
http://data.loterre.fr/ark:/67375/p66-xfk08d50-d.8	recall paradigms	recall paradigm	recall task	recall_task
http://data.loterre.fr/ark:/67375/p66-xfk08d50-d.9	recall tests	recall test	recall task	recall_task
http://data.loterre.fr/ark:/67375/p66-xg1wk6cs-k.2	provoked confabulation tests	provoked confabulation test	provoked confabulation test	provoked_confabulation_test
http://data.loterre.fr/ark:/67375/p66-xg1wk6cs-k.3	pcts	pct	provoked confabulation test	provoked_confabulation_test
http://data.loterre.fr/ark:/67375/p66-xgbbzdmp-g.6	stroop tests	stroop test	stroop test	stroop_test
http://data.loterre.fr/ark:/67375/p66-xgbbzdmp-g.7	stroop colors–word interference test	stroop color–word interference test	stroop test	stroop_test
http://data.loterre.fr/ark:/67375/p66-xgbbzdmp-g.8	stroop paradigms	stroop paradigm	stroop test	stroop_test
http://data.loterre.fr/ark:/67375/p66-xgbbzdmp-g.9	stroop tasks	stroop task	stroop test	stroop_test
http://data.loterre.fr/ark:/67375/p66-xgbbzdmp-g.10	color-word stroop paradigms	color-word stroop paradigm	stroop test	stroop_test
http://data.loterre.fr/ark:/67375/p66-xgbbzdmp-g.11	color-word stroop tasks	color-word stroop task	stroop test	stroop_test
http://data.loterre.fr/ark:/67375/p66-xh9k3r7f-9.2	distributed learning	distributed learning	distributed learning	distributed_learning
http://data.loterre.fr/ark:/67375/p66-xh9k3r7f-9.3	spaced learnings	spaced learning	distributed learning	distributed_learning
http://data.loterre.fr/ark:/67375/p66-xh9k3r7f-9.4	spaced restudies	spaced restudy	distributed learning	distributed_learning
http://data.loterre.fr/ark:/67375/p66-xj333kqf-6.1	fn400 waves	fn400 wave	fn400 wave	fn400_wave
http://data.loterre.fr/ark:/67375/p66-xj333kqf-6.2	frontal n400	frontal n400	fn400 wave	fn400_wave
http://data.loterre.fr/ark:/67375/p66-xjscvlbw-b.3	working memories updating	working memory updating	working memory updating	working_memory_updating
http://data.loterre.fr/ark:/67375/p66-xjscvlbw-b.4	updatings	updating	working memory updating	working_memory_updating
http://data.loterre.fr/ark:/67375/p66-xjscvlbw-b.5	updating processes	updating process	working memory updating	working_memory_updating
http://data.loterre.fr/ark:/67375/p66-xlcknzk8-q.2	uncinate fasciculi	uncinate fasciculus	uncinate fasciculus	uncinate_fasciculus
http://data.loterre.fr/ark:/67375/p66-xlcknzk8-q.3	cerebral uncinate fasciculi	cerebral uncinate fasciculus	uncinate fasciculus	uncinate_fasciculus
http://data.loterre.fr/ark:/67375/p66-xm2qb5ll-0.5	achieving best evidence interviews	achieving best evidence interview	achieving best evidence interview	achieving_best_evidence_interview
http://data.loterre.fr/ark:/67375/p66-xm2qb5ll-0.6	abe interviews	abe interview	achieving best evidence interview	achieving_best_evidence_interview
http://data.loterre.fr/ark:/67375/p66-xm2qb5ll-0.7	abe investigative interview protocols	abe investigative interview protocol	achieving best evidence interview	achieving_best_evidence_interview
http://data.loterre.fr/ark:/67375/p66-xm2qb5ll-0.8	abe models	abe model	achieving best evidence interview	achieving_best_evidence_interview
http://data.loterre.fr/ark:/67375/p66-xm2qb5ll-0.9	abe protocols	abe protocol	achieving best evidence interview	achieving_best_evidence_interview
http://data.loterre.fr/ark:/67375/p66-xn3h4cmq-q.2	rivermead behavioural memory tests	rivermead behavioural memory test	rivermead behavioural memory test	rivermead_behavioural_memory_test
http://data.loterre.fr/ark:/67375/p66-xn3h4cmq-q.3	rbmts	rbmt	rivermead behavioural memory test	rivermead_behavioural_memory_test
http://data.loterre.fr/ark:/67375/p66-xn89cl8d-r.1	intrusion recency effects	intrusion recency effect	intrusion recency effect	intrusion_recency_effect
http://data.loterre.fr/ark:/67375/p66-xnlqcllb-9.4	serial recognition tasks	serial recognition task	serial recognition task	serial_recognition_task
http://data.loterre.fr/ark:/67375/p66-xnlqcllb-9.5	immediate serial recognition tasks	immediate serial recognition task	serial recognition task	serial_recognition_task
http://data.loterre.fr/ark:/67375/p66-xnlqcllb-9.6	matching span tasks	matching span task	serial recognition task	serial_recognition_task
http://data.loterre.fr/ark:/67375/p66-xnlqcllb-9.7	serial recognition paradigms	serial recognition paradigm	serial recognition task	serial_recognition_task
http://data.loterre.fr/ark:/67375/p66-xnpmcks4-s.2	declarative metamemories	declarative metamemory	declarative metamemory	declarative_metamemory
http://data.loterre.fr/ark:/67375/p66-xnpmcks4-s.3	metamemory knowledges	metamemory knowledge	declarative metamemory	declarative_metamemory
http://data.loterre.fr/ark:/67375/p66-xrswljrq-w.2	serial order reconstruction tasks	serial order reconstruction task	serial order reconstruction task	serial_order_reconstruction_task
http://data.loterre.fr/ark:/67375/p66-xrswljrq-w.3	serial reconstruction tasks	serial reconstruction task	serial order reconstruction task	serial_order_reconstruction_task
http://data.loterre.fr/ark:/67375/p66-xs14899p-0.2	forward associative strengths	forward associative strength	forward associative strength	forward_associative_strength
http://data.loterre.fr/ark:/67375/p66-xs14899p-0.3	forces associative vers l’avant	force associative vers l’avant	forward associative strength	forward_associative_strength
http://data.loterre.fr/ark:/67375/p66-xstmkdms-m.2	brown-peterson tasks	brown-peterson task	brown-peterson task	brown_peterson_task
http://data.loterre.fr/ark:/67375/p66-xstmkdms-m.3	brown-peterson paradigms	brown-peterson paradigm	brown-peterson task	brown_peterson_task
http://data.loterre.fr/ark:/67375/p66-xvds7mk9-d.3	holistic cognitive interviews	holistic cognitive interview	holistic cognitive interview	holistic_cognitive_interview
http://data.loterre.fr/ark:/67375/p66-xvds7mk9-d.4	h-cis	h-ci	holistic cognitive interview	holistic_cognitive_interview
http://data.loterre.fr/ark:/67375/p66-xvds7mk9-d.5	holistic-cis	holistic-ci	holistic cognitive interview	holistic_cognitive_interview
http://data.loterre.fr/ark:/67375/p66-xvpbqzqv-m.1	non-declarative memories	non-declarative memory	non-declarative memory	non_declarative_memory
http://data.loterre.fr/ark:/67375/p66-xxg0mxw3-2.3	ecphories	ecphory	ecphory	ecphory
http://data.loterre.fr/ark:/67375/p66-xxg0mxw3-2.4	ecphoric processes	ecphoric process	ecphory	ecphory
http://data.loterre.fr/ark:/67375/p66-xxg0mxw3-2.5	synergistic ecphories	synergistic ecphory	ecphory	ecphory
http://data.loterre.fr/ark:/67375/p66-xz7wqqv5-m.1	fluid intelligence	fluid intelligence	fluid intelligence	fluid_intelligence
http://data.loterre.fr/ark:/67375/p66-xz7wqqv5-m.2	gf	gf	fluid intelligence	fluid_intelligence
http://data.loterre.fr/ark:/67375/p66-xz7wqqv5-m.3	fluid reasonings	fluid reasoning	fluid intelligence	fluid_intelligence
http://data.loterre.fr/ark:/67375/p66-xzz3lsq2-m.3	memory flexibility interventions	memory flexibility intervention	memory flexibility intervention	memory_flexibility_intervention
http://data.loterre.fr/ark:/67375/p66-xzz3lsq2-m.4	autobiographical memory flexibility interventions	autobiographical memory flexibility intervention	memory flexibility intervention	memory_flexibility_intervention
http://data.loterre.fr/ark:/67375/p66-xzz3lsq2-m.5	memflexes	memflex	memory flexibility intervention	memory_flexibility_intervention
http://data.loterre.fr/ark:/67375/p66-z3zvmz87-7.3	mental context reinstatements	mental context reinstatement	mental context reinstatement	mental_context_reinstatement
http://data.loterre.fr/ark:/67375/p66-z3zvmz87-7.4	episodic context reinstatements	episodic context reinstatement	mental context reinstatement	mental_context_reinstatement
http://data.loterre.fr/ark:/67375/p66-z3zvmz87-7.5	mental reinstatements of context	mental reinstatement of context	mental context reinstatement	mental_context_reinstatement
http://data.loterre.fr/ark:/67375/p66-z4br02k0-n.1	virtual week tasks	virtual week task	virtual week task	virtual_week_task
http://data.loterre.fr/ark:/67375/p66-z4tlqptn-5.3	free recall tasks	free recall task	free recall task	free_recall_task
http://data.loterre.fr/ark:/67375/p66-z4tlqptn-5.4	free recall paradigms	free recall paradigm	free recall task	free_recall_task
http://data.loterre.fr/ark:/67375/p66-z4tlqptn-5.5	free recall tests	free recall test	free recall task	free_recall_task
http://data.loterre.fr/ark:/67375/p66-z65r7gwm-8.2	verbal memories	verbal memory	verbal memory	verbal_memory
http://data.loterre.fr/ark:/67375/p66-z65r7gwm-8.3	verbal storages	verbal storage	verbal memory	verbal_memory
http://data.loterre.fr/ark:/67375/p66-z7hhm9dk-7.3	default mode networks	default mode network	default mode network	default_mode_network
http://data.loterre.fr/ark:/67375/p66-z7hhm9dk-7.4	dmns	dmn	default mode network	default_mode_network
http://data.loterre.fr/ark:/67375/p66-z7hhm9dk-7.5	default networks	default network	default mode network	default_mode_network
http://data.loterre.fr/ark:/67375/p66-z913kc35-4.2	supers-recognizer	super-recognizer	super-recognizer	super_recognizer
http://data.loterre.fr/ark:/67375/p66-z913kc35-4.3	super-srecognitions	super-recognition	super-recognizer	super_recognizer
http://data.loterre.fr/ark:/67375/p66-zbgvfdm8-m.1	interleaving learnings	interleaving learning	interleaving learning	interleaving_learning
http://data.loterre.fr/ark:/67375/p66-zbgvfdm8-m.2	interleaving	interleaving	interleaving learning	interleaving_learning
http://data.loterre.fr/ark:/67375/p66-zbvpw5z1-k.1	unitizations	unitization	unitization	unitization
http://data.loterre.fr/ark:/67375/p66-zc2p7zsv-6.2	n-back tasks	n-back task	n-back task	n_back_task
http://data.loterre.fr/ark:/67375/p66-zc2p7zsv-6.3	n-back lag tasks	n-back lag task	n-back task	n_back_task
http://data.loterre.fr/ark:/67375/p66-zc448sl7-t.1	amnesia	amnesia	amnesia	amnesia
http://data.loterre.fr/ark:/67375/p66-zc448sl7-t.2	amnestic disorders	amnestic disorder	amnesia	amnesia
http://data.loterre.fr/ark:/67375/p66-zc79bx9c-w.1	train tasks	train task	train task	train_task
http://data.loterre.fr/ark:/67375/p66-zcz74kmg-r.3	phonological stores	phonological store	phonological store	phonological_store
http://data.loterre.fr/ark:/67375/p66-zcz74kmg-r.4	phonological memories	phonological memory	phonological store	phonological_store
http://data.loterre.fr/ark:/67375/p66-zcz74kmg-r.5	phonological short-term memories	phonological short-term memory	phonological store	phonological_store
http://data.loterre.fr/ark:/67375/p66-zf8fx1ks-l.1	language-dependent memories	language-dependent memory	language-dependent memory	language_dependent_memory
http://data.loterre.fr/ark:/67375/p66-zfb3gq1d-d.2	episodic priming effects	episodic priming effect	episodic priming effect	episodic_priming_effect
http://data.loterre.fr/ark:/67375/p66-zfb3gq1d-d.3	episodic primings	episodic priming	episodic priming effect	episodic_priming_effect
http://data.loterre.fr/ark:/67375/p66-zgvgsv5h-q.4	semantic features	semantic feature	semantic feature	semantic_feature
http://data.loterre.fr/ark:/67375/p66-zgvgsv5h-q.5	attributes	attribute	semantic feature	semantic_feature
http://data.loterre.fr/ark:/67375/p66-zgvgsv5h-q.6	semantic properties	semantic property	semantic feature	semantic_feature
http://data.loterre.fr/ark:/67375/p66-zgvgsv5h-q.7	semes	seme	semantic feature	semantic_feature
http://data.loterre.fr/ark:/67375/p66-zhlr1xnr-d.2	cambridge prospective memory tests	cambridge prospective memory test	cambridge prospective memory test	cambridge_prospective_memory_test
http://data.loterre.fr/ark:/67375/p66-zhlr1xnr-d.3	camprompts	camprompt	cambridge prospective memory test	cambridge_prospective_memory_test
http://data.loterre.fr/ark:/67375/p66-zj70x7nz-6.2	induced false memories	induced false memory	induced false memory	induced_false_memory
http://data.loterre.fr/ark:/67375/p66-zj70x7nz-6.3	suggestion-induced false memories	suggestion-induced false memory	induced false memory	induced_false_memory
http://data.loterre.fr/ark:/67375/p66-zj83t30m-2.1	relocation bumps	relocation bump	relocation bump	relocation_bump
http://data.loterre.fr/ark:/67375/p66-zkf4vvx2-j.2	relational memories	relational memory	relational memory	relational_memory
http://data.loterre.fr/ark:/67375/p66-zkf4vvx2-j.3	relational bindings	relational binding	relational memory	relational_memory
http://data.loterre.fr/ark:/67375/p66-zl1qxvj6-d.1	categorical frequency estimations	categorical frequency estimation	categorical frequency estimation	categorical_frequency_estimation
http://data.loterre.fr/ark:/67375/p66-zlbsflss-4.4	developmental prosopagnosias	developmental prosopagnosia	developmental prosopagnosia	developmental_prosopagnosia
http://data.loterre.fr/ark:/67375/p66-zlbsflss-4.5	congenital prosopagnosias	congenital prosopagnosia	developmental prosopagnosia	developmental_prosopagnosia
http://data.loterre.fr/ark:/67375/p66-zlbsflss-4.6	hereditary prosopagnosias	hereditary prosopagnosia	developmental prosopagnosia	developmental_prosopagnosia
http://data.loterre.fr/ark:/67375/p66-zlbsflss-4.7	prosopdysgnosias	prosopdysgnosia	developmental prosopagnosia	developmental_prosopagnosia
http://data.loterre.fr/ark:/67375/p66-zm0njdtk-b.2	mnemonic discriminations of object-in-context task	mnemonic discrimination of object-in-context task	mnemonic discrimination of object-in-context task	mnemonic_discrimination_of_object_in_context_task
http://data.loterre.fr/ark:/67375/p66-zm0njdtk-b.3	mdoc tasks	mdoc task	mnemonic discrimination of object-in-context task	mnemonic_discrimination_of_object_in_context_task
http://data.loterre.fr/ark:/67375/p66-zm6l4spx-2.2	socially shared retrieval-induced forgettings	socially shared retrieval-induced forgetting	socially shared retrieval-induced forgetting	socially_shared_retrieval_induced_forgetting
http://data.loterre.fr/ark:/67375/p66-zm6l4spx-2.3	ss-rifs	ss-rif	socially shared retrieval-induced forgetting	socially_shared_retrieval_induced_forgetting
http://data.loterre.fr/ark:/67375/p66-zmbr951k-k.2	episodic counterfactual thoughts	episodic counterfactual thought	episodic counterfactual thought	episodic_counterfactual_thought
http://data.loterre.fr/ark:/67375/p66-zmbr951k-k.3	episodic counterfactual thinkings	episodic counterfactual thinking	episodic counterfactual thought	episodic_counterfactual_thought
http://data.loterre.fr/ark:/67375/p66-zmj1jcbt-t.1	visual caches	visual cache	visual cache	visual_cache
http://data.loterre.fr/ark:/67375/p66-zmp9t6qv-z.2	memory-driven attentional captures	memory-driven attentional capture	memory-driven attentional capture	memory_driven_attentional_capture
http://data.loterre.fr/ark:/67375/p66-zmp9t6qv-z.3	memory-driven captures	memory-driven capture	memory-driven attentional capture	memory_driven_attentional_capture
http://data.loterre.fr/ark:/67375/p66-zmtkxbrp-m.2	lexical decision tasks	lexical decision task	lexical decision task	lexical_decision_task
http://data.loterre.fr/ark:/67375/p66-zmtkxbrp-m.3	lexical decisions	lexical decision	lexical decision task	lexical_decision_task
http://data.loterre.fr/ark:/67375/p66-zmxb5xvb-j.1	relative distinctiveness principles	relative distinctiveness principle	relative distinctiveness principle	relative_distinctiveness_principle
http://data.loterre.fr/ark:/67375/p66-zntmjlw0-w.1	middle-aged adults	middle-aged adult	middle-aged adult	middle_aged_adult
http://data.loterre.fr/ark:/67375/p66-zp3fv1lp-q.2	repetitive transcranial magnetic stimulations	repetitive transcranial magnetic stimulation	repetitive transcranial magnetic stimulation	repetitive_transcranial_magnetic_stimulation
http://data.loterre.fr/ark:/67375/p66-zp3fv1lp-q.3	rtmses	rtms	repetitive transcranial magnetic stimulation	repetitive_transcranial_magnetic_stimulation
http://data.loterre.fr/ark:/67375/p66-zptxbqn8-g.6	peace interview models	peace interview model	peace interview model	peace_interview_model
http://data.loterre.fr/ark:/67375/p66-zptxbqn8-g.7	peace interview techniques	peace interview technique	peace interview model	peace_interview_model
http://data.loterre.fr/ark:/67375/p66-zptxbqn8-g.8	peace interviewing models	peace interviewing model	peace interview model	peace_interview_model
http://data.loterre.fr/ark:/67375/p66-zptxbqn8-g.9	peace methods of interrogation	peace method of interrogation	peace interview model	peace_interview_model
http://data.loterre.fr/ark:/67375/p66-zptxbqn8-g.10	peace methods of investigative interviewing	peace method of investigative interviewing	peace interview model	peace_interview_model
http://data.loterre.fr/ark:/67375/p66-zptxbqn8-g.11	peace models	peace model	peace interview model	peace_interview_model
http://data.loterre.fr/ark:/67375/p66-zpvbgpm8-d.1	memory self-efficacies	memory self-efficacy	memory self-efficacy	memory_self_efficacy
http://data.loterre.fr/ark:/67375/p66-zrm8pcjf-c.2	associative priming effects	associative priming effect	associative priming effect	associative_priming_effect
http://data.loterre.fr/ark:/67375/p66-zrm8pcjf-c.3	associative primings	associative priming	associative priming effect	associative_priming_effect
http://data.loterre.fr/ark:/67375/p66-zv2mrlj6-6.2	memory distrust scales	memory distrust scale	memory distrust scale	memory_distrust_scale
http://data.loterre.fr/ark:/67375/p66-zv2mrlj6-6.3	mdses	mds	memory distrust scale	memory_distrust_scale
http://data.loterre.fr/ark:/67375/p66-zv31mrjw-t.1	encoding variability principles	encoding variability principle	encoding variability principle	encoding_variability_principle
http://data.loterre.fr/ark:/67375/p66-zwwlgxzg-9.1	backward priming effects	backward priming effect	backward priming effect	backward_priming_effect
http://data.loterre.fr/ark:/67375/p66-zzqh7lv3-q.2	multidimensional face space models	multidimensional face space model	multidimensional face space model	multidimensional_face_space_model
http://data.loterre.fr/ark:/67375/p66-zzqh7lv3-q.3	face space models	face space model	multidimensional face space model	multidimensional_face_space_model
http://data.loterre.fr/ark:/67375/p66-z32bvg4n-3.3	probabilistic topic models	probabilistic topic model	probabilistic topic model	probabilistic_topic_model
http://data.loterre.fr/ark:/67375/p66-z32bvg4n-3.4	topic models	topic model	probabilistic topic model	probabilistic_topic_model
http://data.loterre.fr/ark:/67375/p66-z32bvg4n-3.5	topic modelings	topic modeling	probabilistic topic model	probabilistic_topic_model
http://data.loterre.fr/ark:/67375/p66-h12cs2kh-l.1	confabulation batteries	confabulation battery	confabulation battery	confabulation_battery
http://data.loterre.fr/ark:/67375/p66-gqsvplvr-3.1	reminiscences	reminiscence	reminiscence	reminiscence
http://data.loterre.fr/ark:/67375/p66-h1vzw50h-j.1	alethisms	alethism	alethism	alethism
http://data.loterre.fr/ark:/67375/p66-bwl12r73-f.1	discontinuisms	discontinuism	discontinuism	discontinuism
http://data.loterre.fr/ark:/67375/p66-c56wwgff-p.1	continuisms	continuism	continuism	continuism
http://data.loterre.fr/ark:/67375/p66-nhlgbr5b-f.1	imagine/no-imagine paradigms	imagine/no-imagine paradigm	imagine/no-imagine paradigm	imagine_no_imagine_paradigm
http://data.loterre.fr/ark:/67375/p66-cs89rkvv-6.2	retroactive memory enhancements	retroactive memory enhancement	retroactive memory enhancement	retroactive_memory_enhancement
http://data.loterre.fr/ark:/67375/p66-cs89rkvv-6.3	rmes	rme	retroactive memory enhancement	retroactive_memory_enhancement
http://data.loterre.fr/ark:/67375/p66-gjgl6xqh-2.2	trier social stress tests	trier social stress test	trier social stress test	trier_social_stress_test
http://data.loterre.fr/ark:/67375/p66-gjgl6xqh-2.3	tssts	tsst	trier social stress test	trier_social_stress_test
http://data.loterre.fr/ark:/67375/p66-wkbrhz4h-b.1	pyramids and palm trees test	pyramids and palm trees test	pyramids and palm trees test	pyramids_and_palm_trees_test
http://data.loterre.fr/ark:/67375/p66-wkbrhz4h-b.2	pptts	pptt	pyramids and palm trees test	pyramids_and_palm_trees_test
http://data.loterre.fr/ark:/67375/p66-prpfzl66-h.1	semantic and episodic memory tests	semantic and episodic memory test	semantic and episodic memory test	semantic_and_episodic_memory_test
http://data.loterre.fr/ark:/67375/p66-sskgpvqq-n.2	predictive interactive multiple memory systems models	predictive interactive multiple memory systems model	predictive interactive multiple memory systems model	predictive_interactive_multiple_memory_systems_model
http://data.loterre.fr/ark:/67375/p66-sskgpvqq-n.3	pimmses	pimms	predictive interactive multiple memory systems model	predictive_interactive_multiple_memory_systems_model
http://data.loterre.fr/ark:/67375/p66-kdns4r5w-6.1	evolutionary accretion models	evolutionary accretion model	evolutionary accretion model	evolutionary_accretion_model
http://data.loterre.fr/ark:/67375/p66-hwq92s0r-z.2	sentence completions for events from the past test	sentence completion for events from the past test	sentence completion for events from the past test	sentence_completion_for_events_from_the_past_test
http://data.loterre.fr/ark:/67375/p66-hwq92s0r-z.3	scepts	scept	sentence completion for events from the past test	sentence_completion_for_events_from_the_past_test
http://data.loterre.fr/ark:/67375/p66-hkzmd8q2-b.2	sentence completions for events in the future test	sentence completion for events in the future test	sentence completion for events in the future test	sentence_completion_for_events_in_the_future_test
http://data.loterre.fr/ark:/67375/p66-hkzmd8q2-b.3	scefts	sceft	sentence completion for events in the future test	sentence_completion_for_events_in_the_future_test
http://data.loterre.fr/ark:/67375/p66-tj10j5c6-t.1	persons by status	person by status	person by status	person_by_status
http://data.loterre.fr/ark:/67375/p66-k45cxpbr-4.1	retractors	retractor	retractor	retractor
http://data.loterre.fr/ark:/67375/p66-jft8w2pw-z.1	personal future tasks	personal future task	personal future task	personal_future_task
http://data.loterre.fr/ark:/67375/p66-z2b9k0gh-d.2	greco's semantic knowledge assessment batteries	greco's semantic knowledge assessment battery	greco's semantic knowledge assessment battery	grecos_semantic_knowledge_assessment_battery
http://data.loterre.fr/ark:/67375/p66-z2b9k0gh-d.3	becs-grecos	becs-greco	greco's semantic knowledge assessment battery	grecos_semantic_knowledge_assessment_battery
http://data.loterre.fr/ark:/67375/p66-z2b9k0gh-d.4	batterie d’évaluation des connaissances sémantiques du greco	batterie d’évaluation des connaissances sémantiques du greco	greco's semantic knowledge assessment battery	grecos_semantic_knowledge_assessment_battery
http://data.loterre.fr/ark:/67375/p66-dg7g2frd-d.3	contact theories	contact theory	contact theory	contact_theory
http://data.loterre.fr/ark:/67375/p66-dg7g2frd-d.4	contact hypotheses	contact hypothesis	contact theory	contact_theory
http://data.loterre.fr/ark:/67375/p66-dg7g2frd-d.5	cross-race contact theories	cross-race contact theory	contact theory	contact_theory
http://data.loterre.fr/ark:/67375/p66-qg59rn25-0.1	feature-selection models	feature-selection model	feature-selection model	feature_selection_model
http://data.loterre.fr/ark:/67375/p66-kprdcllz-7.1	perceptual-social linkage hypotheses	perceptual-social linkage hypothesis	perceptual-social linkage hypothesis	perceptual_social_linkage_hypothesis
http://data.loterre.fr/ark:/67375/p66-w0whbk05-0.2	20-item prosopagnosia indexes	20-item prosopagnosia index	20-item prosopagnosia index	20_item_prosopagnosia_index
http://data.loterre.fr/ark:/67375/p66-w0whbk05-0.3	pi-20s	pi-20	20-item prosopagnosia index	20_item_prosopagnosia_index
http://data.loterre.fr/ark:/67375/p66-h7xv2j7t-2.1	celeb batteries	celeb battery	celeb battery	celeb_battery
http://data.loterre.fr/ark:/67375/p66-qzx0sk13-w.1	electronic materials	electronic material	electronic material	electronic_material
http://data.loterre.fr/ark:/67375/p66-ssj0pz18-n.4	virtual reality materials	virtual reality material	virtual reality material	virtual_reality_material
http://data.loterre.fr/ark:/67375/p66-ssj0pz18-n.5	vrs	vr	virtual reality material	virtual_reality_material
http://data.loterre.fr/ark:/67375/p66-ssj0pz18-n.6	virtual environment materials	virtual environment material	virtual reality material	virtual_reality_material
http://data.loterre.fr/ark:/67375/p66-ssj0pz18-n.7	virtual realities	virtual reality	virtual reality material	virtual_reality_material
http://data.loterre.fr/ark:/67375/p66-lp1npq14-z.1	sensecams	sensecam	sensecam	sensecam
http://data.loterre.fr/ark:/67375/p66-b3dggjpm-3.2	virtual reality walking corsi tests	virtual reality walking corsi test	virtual reality walking corsi test	virtual_reality_walking_corsi_test
http://data.loterre.fr/ark:/67375/p66-b3dggjpm-3.3	vr-walcts	vr-walct	virtual reality walking corsi test	virtual_reality_walking_corsi_test
http://data.loterre.fr/ark:/67375/p66-rw99c3c3-g.1	mentalizings	mentalizing	mentalizing	mentalizing
http://data.loterre.fr/ark:/67375/p66-l0cnjqmg-l.1	dynamic coding	dynamic coding	dynamic coding	dynamic_coding
http://data.loterre.fr/ark:/67375/p66-l0cnjqmg-l.2	dynamic populations coding	dynamic population coding	dynamic coding	dynamic_coding
http://data.loterre.fr/ark:/67375/p66-j1vkw8wg-l.1	tetrahedral models	tetrahedral model	tetrahedral model	tetrahedral_model
http://data.loterre.fr/ark:/67375/p66-kgxknw5j-q.1	hyperphantasias	hyperphantasia	hyperphantasia	hyperphantasia
http://data.loterre.fr/ark:/67375/p66-pm36dl1t-k.0	vividness of visual imagery questionnaire	vividness of visual imagery questionnaire	vividness of visual imagery questionnaire	vividness_of_visual_imagery_questionnaire
http://data.loterre.fr/ark:/67375/p66-pm36dl1t-k.1	vviq	vviq	vividness of visual imagery questionnaire	vividness_of_visual_imagery_questionnaire
http://data.loterre.fr/ark:/67375/p66-pm36dl1t-k.2	vviq-2	vviq-2	vividness of visual imagery questionnaire	vividness_of_visual_imagery_questionnaire
http://data.loterre.fr/ark:/67375/p66-pm36dl1t-k.3	vviq-rv	vviq-rv	vividness of visual imagery questionnaire	vividness_of_visual_imagery_questionnaire
http://data.loterre.fr/ark:/67375/p66-pm36dl1t-k.4	vividness of visual imagery questionnaire-modified	vividness of visual imagery questionnaire-modified	vividness of visual imagery questionnaire	vividness_of_visual_imagery_questionnaire
http://data.loterre.fr/ark:/67375/p66-pm36dl1t-k.5	vividness of visual imagery questionnaire-revised version	vividness of visual imagery questionnaire-revised version	vividness of visual imagery questionnaire	vividness_of_visual_imagery_questionnaire
http://data.loterre.fr/ark:/67375/p66-cd8f801t-x.1	cascading reminiscence bumps	cascading reminiscence bump	cascading reminiscence bump	cascading_reminiscence_bump
http://data.loterre.fr/ark:/67375/p66-lwv79078-6.2	false memory generators	false memory generator	false memory generator	false_memory_generator
http://data.loterre.fr/ark:/67375/p66-lwv79078-6.3	fgms	fgm	false memory generator	false_memory_generator
http://data.loterre.fr/ark:/67375/p66-lzln7dmh-0.5	extended cognition hypotheses	extended cognition hypothesis	extended cognition hypothesis	extended_cognition_hypothesis
http://data.loterre.fr/ark:/67375/p66-lzln7dmh-0.6	extended cognition theories	extended cognition theory	extended cognition hypothesis	extended_cognition_hypothesis
http://data.loterre.fr/ark:/67375/p66-lzln7dmh-0.7	extended mind theses	extended mind thesis	extended cognition hypothesis	extended_cognition_hypothesis
http://data.loterre.fr/ark:/67375/p66-lzln7dmh-0.8	hypotheses of extended cognition	hypothesis of extended cognition	extended cognition hypothesis	extended_cognition_hypothesis
http://data.loterre.fr/ark:/67375/p66-lzln7dmh-0.9	hypotheses of extended mind	hypothesis of extended mind	extended cognition hypothesis	extended_cognition_hypothesis
http://data.loterre.fr/ark:/67375/p66-zx2f9hs9-8.2	mandela effects	mandela effect	mandela effect	mandela_effect
http://data.loterre.fr/ark:/67375/p66-zx2f9hs9-8.3	visual mandela effects	visual mandela effect	mandela effect	mandela_effect
http://data.loterre.fr/ark:/67375/p66-h340vdrv-4.4	reminiscence therapies	reminiscence therapy	reminiscence therapy	reminiscence_therapy
http://data.loterre.fr/ark:/67375/p66-h340vdrv-4.5	reminiscence interventions	reminiscence intervention	reminiscence therapy	reminiscence_therapy
http://data.loterre.fr/ark:/67375/p66-h340vdrv-4.6	reminiscence works	reminiscence work	reminiscence therapy	reminiscence_therapy
http://data.loterre.fr/ark:/67375/p66-h340vdrv-4.7	reminiscence-based interventions	reminiscence-based intervention	reminiscence therapy	reminiscence_therapy
http://data.loterre.fr/ark:/67375/p66-cl2m18zq-p.1	post-encoding stress effects	post-encoding stress effect	post-encoding stress effect	post_encoding_stress_effect
